#
# A fatal error has been detected by the Java Runtime Environment:
#
#  SIGSEGV (0xb) at pc=0x00007effe407d204, pid=92550, tid=92557
#
# JRE version: OpenJDK Runtime Environment (17.0.15+6) (build 17.0.15+6)
# Java VM: OpenJDK 64-Bit Server VM (17.0.15+6, mixed mode, sharing, tiered, compressed oops, compressed class ptrs, g1 gc, linux-amd64)
# Problematic frame:
# C  [freetype_jni7621952576262610457libfreetype_jni.so+0x6d204]  tt_cmap12_char_map_binary+0x4
#
# Core dump will be written. Default location: Core dumps may be processed with "/usr/lib/systemd/systemd-coredump %P %u %g %s %t %c %h %d %F" (or dumping to /home/user/Dev/projects/java/freetype-jni/core.92550)
#
# If you would like to submit a bug report, please visit:
#   https://bugreport.java.com/bugreport/crash.jsp
# The crash happened outside the Java Virtual Machine in native code.
# See problematic frame for where to report the bug.
#

---------------  S U M M A R Y ------------

Command Line: -javaagent:/home/user/Portable/jetbrains/tools/intellij-idea-ultimate/lib/idea_rt.jar=36683 -Dfile.encoding=UTF-8 dev.RenderTest

Host: AMD Ryzen 5 2600X Six-Core Processor, 12 cores, 15G, Arch Linux
Time: Tue Jul  1 23:08:50 2025 MSK elapsed time: 26.455131 seconds (0d 0h 0m 26s)

---------------  T H R E A D  ---------------

Current thread (0x00007effe0019d10):  JavaThread "main" [_thread_in_native, id=92557, stack(0x00007effe8300000,0x00007effe8400000)]

Stack: [0x00007effe8300000,0x00007effe8400000],  sp=0x00007effe83fe768,  free space=1017k
Native frames: (J=compiled Java code, j=interpreted, Vv=VM code, C=native code)
C  [freetype_jni7621952576262610457libfreetype_jni.so+0x6d204]  tt_cmap12_char_map_binary+0x4

Java frames: (J=compiled Java code, j=interpreted, Vv=VM code)
J 527  generaloss.freetype.FreeType.FT_Get_Char_Index(JJ)J (0 bytes) @ 0x00007effd0cefa6c [0x00007effd0cefa20+0x000000000000004c]
J 1255 c2 dev.RenderTest.loadChar(Lgeneraloss/freetype/freetype/FTFace;C)V (386 bytes) @ 0x00007effd0d6e2e0 [0x00007effd0d6e2c0+0x0000000000000020]
J 1491 c2 dev.RenderTest.test()V (68 bytes) @ 0x00007effd0d9b77c [0x00007effd0d9ae40+0x000000000000093c]
j  dev.RenderTest.main([Ljava/lang/String;)V+38
v  ~StubRoutines::call_stub

siginfo: si_signo: 11 (SIGSEGV), si_code: 1 (SEGV_MAPERR), si_addr: 0x00007efef01b6e04

Registers:
RAX=0x00007effe18c97e0, RBX=0x00007effe83fe7d8, RCX=0x00007effe40f8700, RDX=0x0000000000000000
RSP=0x00007effe83fe768, RBP=0x00007effe83fe7f0, RSI=0x00007effe83fe774, RDI=0x00007effe18c97e0
R8 =0x000000000000000a, R9 =0x00007efef01b6df8, R10=0x00007effd0cefa6c, R11=0x00007effe965c000
R12=0x0000000000000000, R13=0x000000070ca4e748, R14=0x00007effe83fe7e0, R15=0x00007effe0019d10
RIP=0x00007effe407d204, EFLAGS=0x0000000000010246, CSGSFS=0x002b000000000033, ERR=0x0000000000000004
  TRAPNO=0x000000000000000e

XMM[0]=0x0000000000000000 0x0000000000000000
XMM[1]=0x00007effe001a320 0x00007effe001a310
XMM[2]=0x0000000000000000 0x00000000e196b3c7
XMM[3]=0x0000000000000000 0x0000000000000000
XMM[4]=0xff80ff80ff80ff80 0xff80ff80ff80ff80
XMM[5]=0x0000000000000000 0x0000000000000000
XMM[6]=0x0000000000000000 0x0000000000000000
XMM[7]=0x00000000000001c0 0x0000000000000177
XMM[8]=0x0000000000000190 0x0000000000000120
XMM[9]=0x0000000000000000 0x0000000000000000
XMM[10]=0x0000000000000000 0x0000000000000000
XMM[11]=0x0000000000000000 0x0000000000000000
XMM[12]=0x0000000000000000 0x2020202020202020
XMM[13]=0x0000000000000000 0x00007effe901d7b3
XMM[14]=0x0000000000000000 0x00007effe901d7bd
XMM[15]=0x0000000000000000 0x0000000000000000
  MXCSR=0x00001fa0


Register to memory mapping:

RAX=0x00007effe18c97e0 points into unknown readable memory: 0x00007effe02bf500 | 00 f5 2b e0 ff 7e 00 00
RBX=0x00007effe83fe7d8 is pointing into the stack for thread: 0x00007effe0019d10
RCX=0x00007effe40f8700: <offset 0x00000000000e8700> in /tmp/freetype_jni7621952576262610457libfreetype_jni.so at 0x00007effe4010000
RDX=0x0 is NULL
RSP=0x00007effe83fe768 is pointing into the stack for thread: 0x00007effe0019d10
RBP=0x00007effe83fe7f0 is pointing into the stack for thread: 0x00007effe0019d10
RSI=0x00007effe83fe774 is pointing into the stack for thread: 0x00007effe0019d10
RDI=0x00007effe18c97e0 points into unknown readable memory: 0x00007effe02bf500 | 00 f5 2b e0 ff 7e 00 00
R8 =0x000000000000000a is an unknown value
R9 =0x00007efef01b6df8 is an unknown value
R10=0x00007effd0cefa6c is at entry_point+76 in (nmethod*)0x00007effd0cef890
Compiled method (n/a)   26455  527     n 0       generaloss.freetype.FreeType::FT_Get_Char_Index (native)
 total in heap  [0x00007effd0cef890,0x00007effd0cefc08] = 888
 relocation     [0x00007effd0cef9f0,0x00007effd0cefa20] = 48
 main code      [0x00007effd0cefa20,0x00007effd0cefc00] = 480
 oops           [0x00007effd0cefc00,0x00007effd0cefc08] = 8
R11=0x00007effe965c000 points into unknown readable memory: 0x0000000000000000 | 00 00 00 00 00 00 00 00
R12=0x0 is NULL
R13=0x000000070ca4e748 is an oop: java.io.PrintStream 
{0x000000070ca4e748} - klass: 'java/io/PrintStream'
 - ---- fields (total size 5 words):
 - private volatile 'closed' 'Z' @12  false
 - protected 'out' 'Ljava/io/OutputStream;' @16  a 'java/io/BufferedOutputStream'{0x000000070cb584e8} (e196b09d)
 - private final 'closeLock' 'Ljava/lang/Object;' @20  a 'java/lang/Object'{0x000000070cb585a8} (e196b0b5)
 - private final 'autoFlush' 'Z' @13  true
 - private 'trouble' 'Z' @14  false
 - private 'closing' 'Z' @15  false
 - private 'formatter' 'Ljava/util/Formatter;' @24  NULL (0)
 - private 'textOut' 'Ljava/io/BufferedWriter;' @28  a 'java/io/BufferedWriter'{0x000000070ca4e720} (e1949ce4)
 - private 'charOut' 'Ljava/io/OutputStreamWriter;' @32  a 'java/io/OutputStreamWriter'{0x000000070ca4e708} (e1949ce1)
R14=0x00007effe83fe7e0 is pointing into the stack for thread: 0x00007effe0019d10
R15=0x00007effe0019d10 is a thread


Top of Stack: (sp=0x00007effe83fe768)
0x00007effe83fe768:   00007effe407d344 000000ab0ca4e748
0x00007effe83fe778:   00007effe40325d4 000000070ca4e748
0x00007effe83fe788:   00007effe02bf500 0000000000000010
0x00007effe83fe798:   00007effe4027de4 0000000000000003
0x00007effe83fe7a8:   00007effd0cefae1 0000000000000000
0x00007effe83fe7b8:   0000000d00000000 0000000000000007
0x00007effe83fe7c8:   00007effd0d330d8 0000000000000003
0x00007effe83fe7d8:   0000000000000079 000000070ca50c10
0x00007effe83fe7e8:   00007effd0831da7 0000000000000090
0x00007effe83fe7f8:   00007effd0d6e2e0 000000070e000030
0x00007effe83fe808:   00000007176052f0 0000000700000009
0x00007effe83fe818:   0000000000000008 e1949ce900000008
0x00007effe83fe828:   00000007176052f0 0000000717604e40
0x00007effe83fe838:   00007effe2c5f000 0000000717604a88
0x00007effe83fe848:   0000000717604c80 00000007fffffffc
0x00007effe83fe858:   000000070e5ef260 000000070ca50c10
0x00007effe83fe868:   00007effd0d1a623 0000000000000090
0x00007effe83fe878:   00007effd0d9b77c 000000070e000030
0x00007effe83fe888:   000000070e000048 00007effe2c5f000
0x00007effe83fe898:   000000070ce00000 00000007001a6bac
0x00007effe83fe8a8:   00000000001a6bac 00000000001a6bac
0x00007effe83fe8b8:   00007efef01a6c00 000000070f7e5970
0x00007effe83fe8c8:   0000000000000000 00007effe83fe950
0x00007effe83fe8d8:   00007effd07403b9 0000002f92e0f401
0x00007effe83fe8e8:   00007effd0740260 00007effe83fe950
0x00007effe83fe8f8:   00007effd0740260 00007effd0740260
0x00007effe83fe908:   00007effe83fe908 00007eff5f4049c6
0x00007effe83fe918:   00007effe83fe968 00007eff5f404ed8
0x00007effe83fe928:   0000000000000000 000000070ca50dc0
0x00007effe83fe938:   00007eff5f4049f8 00007effe83fe908
0x00007effe83fe948:   00007effe83fe968 00007effe83fe9d0
0x00007effe83fe958:   00007effd0737cc9 00000000000004af 

Instructions: (pc=0x00007effe407d204)
0x00007effe407d104:   89 06 31 c0 c3 0f 1f 80 00 00 00 00 48 89 77 18
0x00007effe407d114:   8b 46 0c c6 47 28 00 0f c8 89 c0 48 89 47 48 31
0x00007effe407d124:   c0 c3 66 2e 0f 1f 84 00 00 00 00 00 4c 8b 47 40
0x00007effe407d134:   4c 8b 57 48 49 89 fb 4d 39 d0 0f 83 b5 00 00 00
0x00007effe407d144:   41 55 4b 8d 14 40 41 b9 ff ff ff ff 41 54 55 53
0x00007effe407d154:   48 8b 47 30 48 8b 4f 18 48 8b 1f 48 83 c0 01 48
0x00007effe407d164:   8d 7c 91 10 0f 1f 84 00 00 00 00 00 8b 2f 8b 4f
0x00007effe407d174:   04 0f cd 89 ea 0f c9 89 c9 48 39 d0 48 0f 42 c2
0x00007effe407d184:   48 39 c1 72 57 8b 77 08 4c 01 ca 49 89 d4 0f ce
0x00007effe407d194:   49 29 c4 41 89 f5 4d 39 ec 72 41 41 89 c4 41 29
0x00007effe407d1a4:   ec 41 01 f4 75 1c 4c 39 c8 74 3e 48 83 c0 01 48
0x00007effe407d1b4:   39 c1 72 28 48 29 c2 4c 39 ea 72 20 41 bc 01 00
0x00007effe407d1c4:   00 00 44 3b 63 20 73 14 5b 5d 45 89 63 38 49 89
0x00007effe407d1d4:   43 30 41 5c 4d 89 43 40 41 5d c3 90 49 83 c0 01
0x00007effe407d1e4:   48 83 c7 0c 4d 39 d0 75 83 5b 5d 41 c6 43 28 00
0x00007effe407d1f4:   41 5c 41 5d c3 c6 47 28 00 c3 66 90 4c 8b 4f 18
0x00007effe407d204:   41 8b 41 0c 85 c0 0f 84 c0 00 00 00 41 54 0f c8
0x00007effe407d214:   49 89 fa 44 0f b6 c2 55 41 89 d3 89 c5 31 ff 53
0x00007effe407d224:   48 89 f3 48 83 ec 08 44 03 06 89 c6 eb 16 66 0f
0x00007effe407d234:   1f 44 00 00 44 39 c2 0f 83 97 00 00 00 8d 79 01
0x00007effe407d244:   39 f7 73 30 8d 04 3e 89 c1 83 e0 fe d1 e9 01 c8
0x00007effe407d254:   8d 04 85 00 00 00 00 4d 8d 64 01 10 41 8b 04 24
0x00007effe407d264:   41 8b 54 24 04 0f c8 0f ca 41 39 c0 73 c6 89 ce
0x00007effe407d274:   39 f7 72 d0 31 c0 45 84 db 74 42 44 39 c2 73 07
0x00007effe407d284:   83 c1 01 39 cd 74 36 44 89 c0 41 c6 42 28 01 49
0x00007effe407d294:   89 42 30 89 c8 49 89 42 40 4c 89 d7 4c 89 14 24
0x00007effe407d2a4:   e8 87 fe ff ff 4c 8b 14 24 31 c0 45 8b 42 30 41
0x00007effe407d2b4:   80 7a 28 00 74 04 41 8b 42 38 44 89 03 48 83 c4
0x00007effe407d2c4:   08 5b 5d 41 5c c3 66 0f 1f 44 00 00 c3 0f 1f 80
0x00007effe407d2d4:   00 00 00 00 44 89 c2 41 8b 74 24 08 29 c2 89 d0
0x00007effe407d2e4:   0f ce 01 f0 72 36 8d 04 32 45 84 db 74 cf 49 8b
0x00007effe407d2f4:   12 44 89 c7 89 ce 41 c6 42 28 01 49 89 7a 30 49 


Stack slot to memory mapping:
stack at sp + 0 slots: 0x00007effe407d344: <offset 0x000000000006d344> in /tmp/freetype_jni7621952576262610457libfreetype_jni.so at 0x00007effe4010000
stack at sp + 1 slots: 0x000000ab0ca4e748 is an unknown value
stack at sp + 2 slots: 0x00007effe40325d4: FT_Get_Char_Index+0x0000000000000024 in /tmp/freetype_jni7621952576262610457libfreetype_jni.so at 0x00007effe4010000
stack at sp + 3 slots: 0x000000070ca4e748 is an oop: java.io.PrintStream 
{0x000000070ca4e748} - klass: 'java/io/PrintStream'
 - ---- fields (total size 5 words):
 - private volatile 'closed' 'Z' @12  false
 - protected 'out' 'Ljava/io/OutputStream;' @16  a 'java/io/BufferedOutputStream'{0x000000070cb584e8} (e196b09d)
 - private final 'closeLock' 'Ljava/lang/Object;' @20  a 'java/lang/Object'{0x000000070cb585a8} (e196b0b5)
 - private final 'autoFlush' 'Z' @13  true
 - private 'trouble' 'Z' @14  false
 - private 'closing' 'Z' @15  false
 - private 'formatter' 'Ljava/util/Formatter;' @24  NULL (0)
 - private 'textOut' 'Ljava/io/BufferedWriter;' @28  a 'java/io/BufferedWriter'{0x000000070ca4e720} (e1949ce4)
 - private 'charOut' 'Ljava/io/OutputStreamWriter;' @32  a 'java/io/OutputStreamWriter'{0x000000070ca4e708} (e1949ce1)
stack at sp + 4 slots: 0x00007effe02bf500 points into unknown readable memory: 0x0000000000000001 | 01 00 00 00 00 00 00 00
stack at sp + 5 slots: 0x0000000000000010 is an unknown value
stack at sp + 6 slots: 0x00007effe4027de4: Java_generaloss_freetype_FreeType_FT_1Get_1Char_1Index+0x0000000000000014 in /tmp/freetype_jni7621952576262610457libfreetype_jni.so at 0x00007effe4010000
stack at sp + 7 slots: 0x0000000000000003 is an unknown value


Compiled method (n/a)   26462  527     n 0       generaloss.freetype.FreeType::FT_Get_Char_Index (native)
 total in heap  [0x00007effd0cef890,0x00007effd0cefc08] = 888
 relocation     [0x00007effd0cef9f0,0x00007effd0cefa20] = 48
 main code      [0x00007effd0cefa20,0x00007effd0cefc00] = 480
 oops           [0x00007effd0cefc00,0x00007effd0cefc08] = 8

[Constant Pool (empty)]

[MachCode]
[Entry Point]
  # {method} {0x00007eff5f40db88} 'FT_Get_Char_Index' '(JJ)J' in 'generaloss/freetype/FreeType'
  # parm0:    rsi:rsi   = long
  # parm1:    rdx:rdx   = long
  #           [sp+0x50]  (sp of caller)
  0x00007effd0cefa20: 448b 5608 | 49bb 0000 | 0063 ff7e | 0000 4d03 | d349 3bc2 | 0f84 0600 

  0x00007effd0cefa38: ;   {runtime_call ic_miss_stub}
  0x00007effd0cefa38: 0000 e941 | 83a9 ff90 
[Verified Entry Point]
  0x00007effd0cefa40: 8984 2400 | c0fe ff55 | 488b ec48 | 83ec 4048 | 8bca 488b 

  0x00007effd0cefa54: ;   {oop(a 'java/lang/Class'{0x000000070ca50c10} = 'generaloss/freetype/FreeType')}
  0x00007effd0cefa54: d649 be10 | 0ca5 0c07 | 0000 004c | 8974 2430 | 4c8d 7424 | 3049 8bf6 

  0x00007effd0cefa6c: ;   {internal_word}
  0x00007effd0cefa6c: c5f8 7749 | ba6c face | d0ff 7e00 | 004d 8997 | 9802 0000 | 4989 a790 

  0x00007effd0cefa84: ;   {external_word}
  0x00007effd0cefa84: 0200 0080 | 3d35 0a5b | 1800 0f84 | 3600 0000 

  0x00007effd0cefa94: ;   {metadata({method} {0x00007eff5f40db88} 'FT_Get_Char_Index' '(JJ)J' in 'generaloss/freetype/FreeType')}
  0x00007effd0cefa94: 5652 5148 | be88 db40 | 5fff 7e00 | 0049 8bff | f7c4 0f00 | 0000 0f84 | 1200 0000 | 4883 ec08 
  0x00007effd0cefab4: ;   {runtime_call}
  0x00007effd0cefab4: e807 22fc | 1748 83c4 | 08e9 0500 

  0x00007effd0cefac0: ;   {runtime_call}
  0x00007effd0cefac0: 0000 e8f9 | 21fc 1759 | 5a5e 498d | bfb0 0200 | 0041 c787 | 3803 0000 | 0400 0000 

  0x00007effd0cefadc: ;   {runtime_call Java_generaloss_freetype_FreeType_FT_1Get_1Char_1Index}
  0x00007effd0cefadc: e8ef 8233 | 13c5 f877 | 41c7 8738 | 0300 0005 | 0000 00f0 | 8344 24c0 | 0049 3baf | 4003 0000 
  0x00007effd0cefafc: 0f87 1100 | 0000 4181 | bf28 0300 | 0000 0000 | 000f 8424 | 0000 00c5 | f877 4889 | 45f8 498b 
  0x00007effd0cefb1c: ff4c 8be4 | 4883 ec00 | 4883 e4f0 

  0x00007effd0cefb28: ;   {runtime_call}
  0x00007effd0cefb28: e813 bb11 | 1849 8be4 | 4d33 e448 | 8b45 f841 | c787 3803 | 0000 0800 | 0000 4181 | bfa8 0300 
  0x00007effd0cefb48: 0002 0000 | 000f 8484 

  0x00007effd0cefb50: ;   {external_word}
  0x00007effd0cefb50: 0000 0080 | 3d69 095b | 1800 0f84 | 3800 0000 | 4889 45f8 

  0x00007effd0cefb64: ;   {metadata({method} {0x00007eff5f40db88} 'FT_Get_Char_Index' '(JJ)J' in 'generaloss/freetype/FreeType')}
  0x00007effd0cefb64: 48be 88db | 405f ff7e | 0000 498b | fff7 c40f | 0000 000f | 8412 0000 | 0048 83ec 

  0x00007effd0cefb80: ;   {runtime_call}
  0x00007effd0cefb80: 08e8 4a21 | fc17 4883 | c408 e905 

  0x00007effd0cefb8c: ;   {runtime_call}
  0x00007effd0cefb8c: 0000 00e8 | 3c21 fc17 | 488b 45f8 | 49c7 8790 | 0200 0000 | 0000 0049 | c787 9802 | 0000 0000 
  0x00007effd0cefbac: 0000 c5f8 | 7749 8b8f | d800 0000 | c781 0001 | 0000 0000 | 0000 c949 | 817f 0800 | 0000 000f 
  0x00007effd0cefbcc: 8501 0000 

  0x00007effd0cefbd0: ;   {runtime_call StubRoutines (1)}
  0x00007effd0cefbd0: 00c3 e929 | 80a4 ffc5 | f877 4889 | 45f8 4c8b | e448 83ec | 0048 83e4 

  0x00007effd0cefbe8: ;   {runtime_call}
  0x00007effd0cefbe8: f0e8 92f7 | fd17 498b | e44d 33e4 | 488b 45f8 | e956 ffff | fff4 f4f4 
[/MachCode]


Compiled method (c2)   26466 1255       4       dev.RenderTest::loadChar (386 bytes)
 total in heap  [0x00007effd0d6d810,0x00007effd0d798d8] = 49352
 relocation     [0x00007effd0d6d970,0x00007effd0d6e2a0] = 2352
 constants      [0x00007effd0d6e2a0,0x00007effd0d6e2c0] = 32
 main code      [0x00007effd0d6e2c0,0x00007effd0d74380] = 24768
 stub code      [0x00007effd0d74380,0x00007effd0d74970] = 1520
 oops           [0x00007effd0d74970,0x00007effd0d74a20] = 176
 metadata       [0x00007effd0d74a20,0x00007effd0d74d88] = 872
 scopes data    [0x00007effd0d74d88,0x00007effd0d77588] = 10240
 scopes pcs     [0x00007effd0d77588,0x00007effd0d78a38] = 5296
 dependencies   [0x00007effd0d78a38,0x00007effd0d78b08] = 208
 handler table  [0x00007effd0d78b08,0x00007effd0d797c8] = 3264
 nul chk table  [0x00007effd0d797c8,0x00007effd0d798d8] = 272


[Constant Pool]
             Address          hex4                    hex8      
  0x00007effd0d6e2a0:   0x3c800000      0xf4f4f4f43c800000      
  0x00007effd0d6e2a4:   0xf4f4f4f4                              
  0x00007effd0d6e2a8:   0xf4f4f4f4      0xf4f4f4f4f4f4f4f4      
  0x00007effd0d6e2ac:   0xf4f4f4f4                              
  0x00007effd0d6e2b0:   0xf4f4f4f4      0xf4f4f4f4f4f4f4f4      
  0x00007effd0d6e2b4:   0xf4f4f4f4                              
  0x00007effd0d6e2b8:   0xf4f4f4f4      0xf4f4f4f4f4f4f4f4      
  0x00007effd0d6e2bc:   0xf4f4f4f4                              

[MachCode]
[Verified Entry Point]
  # {method} {0x00007eff5f404e40} 'loadChar' '(Lgeneraloss/freetype/freetype/FTFace;C)V' in 'dev/RenderTest'
  # parm0:    rsi:rsi   = 'generaloss/freetype/freetype/FTFace'
  # parm1:    rdx       = char
  #           [sp+0x80]  (sp of caller)
  0x00007effd0d6e2c0: ;   {no_reloc}
  0x00007effd0d6e2c0: 8984 2400 | c0fe ff55 | 4883 ec70 | 4863 d248 | 8934 2448 | 8b76 1090 

  0x00007effd0d6e2d8: ;   {static_call}
  0x00007effd0d6e2d8: c5f8 77e8 

  0x00007effd0d6e2dc: ; ImmutableOopMap {[0]=Oop }
                      ;*invokestatic FT_Get_Char_Index {reexecute=0 rethrow=0 return_oop=0}
                      ; - generaloss.freetype.FreeType::ftGetCharIndex@5 (line 358)
                      ; - generaloss.freetype.freetype.FTFace::getCharIndex@2 (line 337)
                      ; - dev.RenderTest::loadChar@3 (line 41)
  0x00007effd0d6e2dc: 6017 f8ff | 4c8b 1424 | 498b 7210 

  0x00007effd0d6e2e8: ;   {oop(a 'generaloss/freetype/freetype/FTLoad'{0x000000070ca40ee8})}
  0x00007effd0d6e2e8: 49ba e80e | a40c 0700 | 0000 418b | 4a14 488b | d066 6690 

  0x00007effd0d6e2fc: ;   {static_call}
  0x00007effd0d6e2fc: c5f8 77e8 

  0x00007effd0d6e300: ; ImmutableOopMap {[0]=Oop }
                      ;*invokestatic FT_Load_Glyph {reexecute=0 rethrow=0 return_oop=0}
                      ; - generaloss.freetype.FreeType::ftLoadGlyph@6 (line 231)
                      ; - generaloss.freetype.FreeType::ftLoadGlyph@14 (line 242)
                      ; - generaloss.freetype.freetype.FTFace::loadGlyph@3 (line 246)
                      ; - generaloss.freetype.freetype.FTFace::loadGlyph@5 (line 261)
                      ; - dev.RenderTest::loadChar@9 (line 42)
  0x00007effd0d6e300: 3c1b f8ff | 8944 2408 | 498b 9f08 | 0100 004c | 8bd3 4981 | c290 0100 | 004d 3b97 | 1801 0000 
  0x00007effd0d6e320: 0f83 893d | 0000 4d89 | 9708 0100 | 0041 0f18 | 8200 0100 | 0048 c703 | 0100 0000 | 410f 1882 
  0x00007effd0d6e340: 4001 0000 

  0x00007effd0d6e344: ;   {metadata('generaloss/freetype/types/FTError'[])}
  0x00007effd0d6e344: c743 0890 | 5b00 0141 | 0f18 8280 | 0100 00c7 | 430c 5f00 | 0000 488b | f348 83c6 

  0x00007effd0d6e360: ;   {oop(a 'generaloss/freetype/types/FTError'[95] {0x000000070ca49780})}
  0x00007effd0d6e360: 1049 ba80 | 97a4 0c07 

  0x00007effd0d6e368: ;   {oop(a 'generaloss/freetype/types/FTError'[95] {0x000000070ca49780})}
  0x00007effd0d6e368: 0000 0049 | bd80 97a4 | 0c07 0000 | 0049 83c5 | 1049 8bfd | ba30 0000 | 00c5 f877 | 49ba c0f0 
  0x00007effd0d6e388: 76d0 ff7e | 0000 41ff | d245 8b55 | 0043 8b6c | d414 3b6c | 2408 0f85 | a045 0000 | 85ed 0f85 
  0x00007effd0d6e3a8: 9c47 0000 | 4c89 6c24 | 084c 8b14 | 2449 8b72 

  0x00007effd0d6e3b8: ;   {oop(a 'generaloss/freetype/types/FTError'[95] {0x000000070ca49780})}
  0x00007effd0d6e3b8: 1048 bd80 | 97a4 0c07 | 0000 0090 

  0x00007effd0d6e3c4: ;   {static_call}
  0x00007effd0d6e3c4: c5f8 77e8 

  0x00007effd0d6e3c8: ; ImmutableOopMap {rbp=Oop [8]=Derived_oop_rbp }
                      ;*invokestatic getGlyph {reexecute=0 rethrow=0 return_oop=0}
                      ; - generaloss.freetype.freetype.FTFace::getGlyph@4 (line 179)
                      ; - dev.RenderTest::loadChar@13 (line 46)
  0x00007effd0d6e3c8: 741e f8ff | 4c8b d848 | 85c0 0f84 | 8447 0000 | 448b c045 | 8bd0 4181 | c280 0000 | 0049 63c8 
  0x00007effd0d6e3e8: 4883 f880 | 7c0a 4883 | f87f 0f8e | bb35 0000 | 498b 8708 | 0100 004c | 8bc0 4983 | c018 4d3b 
  0x00007effd0d6e408: 8718 0100 | 000f 832a | 3e00 004d | 8987 0801 | 0000 410f | 1880 0001 | 0000 48c7 | 0001 0000 
  0x00007effd0d6e428: ;   {metadata('java/lang/Long')}
  0x00007effd0d6e428: 00c7 4008 | 2839 0400 | 4489 600c | 4c89 6010 | 4c89 5810 | 4889 4424 

  0x00007effd0d6e440: ;   {oop(a 'java/util/concurrent/ConcurrentHashMap'{0x000000070ca41f48})}
  0x00007effd0d6e440: 3049 b848 | 1fa4 0c07 | 0000 0045 | 8b48 2845 | 85c9 0f84 | 6833 0000 | 4889 4c24 | 1844 8954 
  0x00007effd0d6e460: 2410 438b | 6ccc 0c4d | 8bc3 49c1 | e820 4c89 | 1c24 4d33 | c345 8bd0 | 458b c241 | c1e8 1045 
  0x00007effd0d6e480: 33c2 4181 | e0ff ffff | 7f44 8944 | 2420 85ed | 0f86 2646 | 0000 4f8d | 14cc ffcd | 4123 e84c 
  0x00007effd0d6e4a0: 63dd 478b | 549a 1045 | 85d2 0f84 | 1027 0000 | 478b 5cd4 | 0c45 3bd8 | 0f85 5501 | 0000 438b 
  0x00007effd0d6e4c0: 6cd4 104c | 8bdd 49c1 | e303 4c8b | 4424 304d | 3bd8 0f84 | d02d 0000 

  0x00007effd0d6e4d8: ; implicit exception: dispatches to 0x00007effd0d73cfc
  0x00007effd0d6e4d8: 458b 44ec 

  0x00007effd0d6e4dc: ;   {metadata('java/lang/Long')}
  0x00007effd0d6e4dc: 0841 81f8 | 2839 0400 | 0f85 6254 | 0000 4d8d | 1cec 4d8b | 4310 4c8b | 1c24 4d3b | d80f 857d 
  0x00007effd0d6e4fc: 4c00 0043 | 8b6c d414 | 85ed 0f84 | fe38 0000 

  0x00007effd0d6e50c: ;   {oop(a 'java/lang/Class'{0x000000070ca42150} = 'generaloss/freetype/freetype/FTGlyphSlot')}
  0x00007effd0d6e50c: 49ba 5021 | a40c 0700 | 0000 4d8b | 0241 bafc | ffff ff4c | 891c 2444 | 8954 2450 | 458b 5cec 
  0x00007effd0d6e52c: ;   {metadata('java/util/HashMap')}
  0x00007effd0d6e52c: 0841 81fb | 480a 0b00 | 0f85 9653 | 0000 4d8d | 14ec 458b | 5224 4585 | d20f 84be | 0100 0043 
  0x00007effd0d6e54c: 8b6c d40c | 85ed 0f86 | b849 0000 | 49c1 e203 | 4c89 5424 | 204d 8bd0 | 4983 e207 | ffcd 896c 
  0x00007effd0d6e56c: 2414 4983 | fa01 0f85 | dc37 0000 | 49c1 e808 | 418b c081 | e0ff ffff | 7f85 c00f | 84c7 3700 
  0x00007effd0d6e58c: 0044 8bd0 | 41c1 ea10 | 4433 d044 | 8b5c 2414 | 4523 da4c | 8b44 2420 | 478b 4c98 | 1045 85c9 
  0x00007effd0d6e5ac: 0f84 5701 | 0000 478b | 44cc 0c45 | 3bc2 0f85 | 822a 0000 | 478b 44cc 

  0x00007effd0d6e5c4: ;   {oop(a 'java/lang/Class'{0x000000070ca42150} = 'generaloss/freetype/freetype/FTGlyphSlot')}
  0x00007effd0d6e5c4: 1041 81f8 | 2a84 94e1 | 0f85 702a | 0000 4b8d | 2ccc 8b6d | 1485 ed0f | 8428 0100 | 0045 8b54 
  0x00007effd0d6e5e4: ec08 49bb | 0000 0063 | ff7e 0000 | 4d03 da4d 

  0x00007effd0d6e5f4: ;   {metadata('generaloss/freetype/FTStruct')}
  0x00007effd0d6e5f4: 8b53 3849 | bb08 1200 | 64ff 7e00 | 004d 3bd3 | 0f85 6e48 | 0000 498d | 04ec e9a9 | 0100 0045 
  0x00007effd0d6e614: 85db 0f8c | 5427 0000 | 478b 5cd4 | 1845 85db | 0f84 eb29 | 0000 4f8d | 04dc 41ba | fcff ffff 
  0x00007effd0d6e634: 4489 5424 | 50eb 090f | 1f44 0000 | 4f8d 04d4 | 458b 500c | 4d8b 9f48 

  0x00007effd0d6e64c: ;   {oop(a 'generaloss/freetype/types/FTError'[95] {0x000000070ca49780})}
  0x00007effd0d6e64c: 0300 0049 | b980 97a4 | 0c07 0000 

  0x00007effd0d6e658: ; ImmutableOopMap {r8=Oop r9=Oop [8]=Derived_oop_r9 [48]=Oop }
                      ;*if_icmpne {reexecute=1 rethrow=0 return_oop=0}
                      ; - (reexecute) java.util.concurrent.ConcurrentHashMap::get@127 (line 946)
                      ; - generaloss.freetype.FTStructCache::get@7 (line 89)
                      ; - generaloss.freetype.FTStructCache::getOrCreate@10 (line 99)
                      ; - generaloss.freetype.freetype.FTFace::getGlyph@16 (line 180)
                      ; - dev.RenderTest::loadChar@13 (line 46)
                      ;   {poll}
  0x00007effd0d6e658: 0041 8503 | 443b 5424 | 2075 6241 | 8b68 104c | 8bd5 49c1 | e203 4c8b | 5c24 304d | 3bd3 0f84 
  0x00007effd0d6e678: 3131 0000 

  0x00007effd0d6e67c: ; implicit exception: dispatches to 0x00007effd0d73d88
  0x00007effd0d6e67c: 458b 5cec 

  0x00007effd0d6e680: ;   {metadata('java/lang/Long')}
  0x00007effd0d6e680: 0841 81fb | 2839 0400 | 0f85 a252 | 0000 4d8d | 14ec 4d8b | 5210 4c8b | 1c24 4d3b | da0f 85bd 
  0x00007effd0d6e6a0: 4b00 0041 | 8b68 1485 | ed0f 8492 

  0x00007effd0d6e6ac: ;   {oop(a 'java/lang/Class'{0x000000070ca42150} = 'generaloss/freetype/freetype/FTGlyphSlot')}
  0x00007effd0d6e6ac: 3700 0049 | ba50 21a4 | 0c07 0000 | 004d 8b02 | 4c89 1c24 | e963 feff | ff45 8b50 | 1845 85d2 
  0x00007effd0d6e6cc: 0f85 6eff | ffff 4c8b | 1c24 448b | 5424 1048 | 8b4c 2418 | 448b 4424 | 50eb 3566 | 0f1f 8400 
  0x00007effd0d6e6ec: 0000 0000 | 4f8d 04dc | e93f 0a00 | 000f 1f80 | 0000 0000 | 4f8d 14dc | e9f2 0400 | 004c 8b1c 
  0x00007effd0d6e70c: 2444 8b54 | 2410 488b | 4c24 1844 | 8b44 2450 | 4983 fb80 | 7c0a 4983 | fb7f 0f8e | 1734 0000 
  0x00007effd0d6e72c: 498b 9708 | 0100 004c | 8bd2 4983 | c218 4d3b | 9718 0100 | 000f 8374 | 3d00 004d | 8997 0801 
  0x00007effd0d6e74c: 0000 410f | 1882 0001 | 0000 48c7 | 0201 0000 

  0x00007effd0d6e75c: ;   {metadata('java/lang/Long')}
  0x00007effd0d6e75c: 00c7 4208 | 2839 0400 | 4489 620c | 4c89 6210 | 4c89 5a10 | 4489 4424 

  0x00007effd0d6e774: ;   {oop(a 'generaloss/freetype/freetype/FTFace$$Lambda$24+0x00007eff640073f8'{0x000000070ca4e7a0})}
  0x00007effd0d6e774: 5048 bea0 | e7a4 0c07 

  0x00007effd0d6e77c: ;   {oop(a 'generaloss/freetype/types/FTError'[95] {0x000000070ca49780})}
  0x00007effd0d6e77c: 0000 0048 | bd80 97a4 | 0c07 0000 | 0066 6690 

  0x00007effd0d6e78c: ;   {optimized virtual_call}
  0x00007effd0d6e78c: c5f8 77e8 

  0x00007effd0d6e790: ; ImmutableOopMap {rbp=Oop [8]=Derived_oop_rbp }
                      ;*invokeinterface apply {reexecute=0 rethrow=0 return_oop=1}
                      ; - generaloss.freetype.FTStructCache::getOrCreate@28 (line 101)
                      ; - generaloss.freetype.freetype.FTFace::getGlyph@16 (line 180)
                      ; - dev.RenderTest::loadChar@13 (line 46)
  0x00007effd0d6e790: ec7b 6df8 

  0x00007effd0d6e794: ; implicit exception: dispatches to 0x00007effd0d73bc0
  0x00007effd0d6e794: 448b 5808 | 49ba 0000 | 0063 ff7e | 0000 4d03 | d34d 8b52 

  0x00007effd0d6e7a8: ;   {metadata('generaloss/freetype/FTStruct')}
  0x00007effd0d6e7a8: 3849 bb08 | 1200 64ff | 7e00 004d | 3bd3 0f85 | 6841 0000 | 448b 5008 

  0x00007effd0d6e7c0: ;   {metadata('generaloss/freetype/freetype/FTGlyphSlot')}
  0x00007effd0d6e7c0: 4181 fa00 | 2800 010f | 85d7 4f00 | 0048 8b70 | 1048 8904 

  0x00007effd0d6e7d4: ;   {oop(a 'generaloss/freetype/freetype/FTRenderMode'{0x000000070ca3ff50})}
  0x00007effd0d6e7d4: 2449 ba50 | ffa3 0c07 | 0000 0041 

  0x00007effd0d6e7e0: ;   {oop(a 'generaloss/freetype/types/FTError'[95] {0x000000070ca49780})}
  0x00007effd0d6e7e0: 8b52 1448 | bd80 97a4 | 0c07 0000 | 0066 6690 

  0x00007effd0d6e7f0: ;   {static_call}
  0x00007effd0d6e7f0: c5f8 77e8 

  0x00007effd0d6e7f4: ; ImmutableOopMap {rbp=Oop [0]=Oop [8]=Derived_oop_rbp }
                      ;*invokestatic FT_Render_Glyph {reexecute=0 rethrow=0 return_oop=0}
                      ; - generaloss.freetype.FreeType::ftRenderGlyph@16 (line 303)
                      ; - generaloss.freetype.freetype.FTGlyphSlot::renderGlyph@2 (line 159)
                      ; - dev.RenderTest::loadChar@23 (line 48)
  0x00007effd0d6e7f4: c81d f8ff | 8944 2410 | 498b 9f08 | 0100 004c | 8bd3 4981 | c290 0100 | 004d 3b97 | 1801 0000 
  0x00007effd0d6e814: 0f83 ba38 | 0000 4d89 | 9708 0100 | 0041 0f18 | 8200 0100 | 0048 c703 | 0100 0000 | 410f 1882 
  0x00007effd0d6e834: 4001 0000 

  0x00007effd0d6e838: ;   {metadata('generaloss/freetype/types/FTError'[])}
  0x00007effd0d6e838: c743 0890 | 5b00 0141 | 0f18 8280 | 0100 00c7 | 430c 5f00 | 0000 4c8b | 5424 0845 | 8b2a 488b 
  0x00007effd0d6e858: f348 83c6 | 1049 8bfa | ba30 0000 | 00c5 f877 | 49ba c0f0 | 76d0 ff7e | 0000 41ff | d243 8b6c 
  0x00007effd0d6e878: ec14 3b6c | 2410 0f85 | d840 0000 | 85ed 0f85 | f842 0000 | 498b 8708 | 0100 004c | 8bd0 4983 
  0x00007effd0d6e898: c218 4d3b | 9718 0100 | 000f 834d | 3800 004d | 8997 0801 | 0000 410f | 1882 0001 | 0000 48c7 
  0x00007effd0d6e8b8: 0001 0000 | 0041 0f18 | 8240 0100 

  0x00007effd0d6e8c4: ;   {metadata({type array long})}
  0x00007effd0d6e8c4: 00c7 4008 | 8011 0000 | 410f 1882 | 8001 0000 | c740 0c01 | 0000 004c | 8960 1048 | 8944 2410 
  0x00007effd0d6e8e4: 4c8b 1424 | 498b 7210 

  0x00007effd0d6e8ec: ;   {oop(a 'generaloss/freetype/types/FTError'[95] {0x000000070ca49780})}
  0x00007effd0d6e8ec: 488b d048 | bd80 97a4 | 0c07 0000 | 0066 6690 

  0x00007effd0d6e8fc: ;   {static_call}
  0x00007effd0d6e8fc: c5f8 77e8 

  0x00007effd0d6e900: ; ImmutableOopMap {rbp=Oop [0]=Oop [8]=Derived_oop_rbp [16]=Oop }
                      ;*invokestatic FT_Get_Glyph {reexecute=0 rethrow=0 return_oop=0}
                      ; - generaloss.freetype.FreeType::ftGetGlyph@5 (line 654)
                      ; - generaloss.freetype.freetype.FTGlyphSlot::getGlyph@6 (line 170)
                      ; - dev.RenderTest::loadChar@28 (line 50)
  0x00007effd0d6e900: bc20 f8ff | 8944 2418 | 498b 9f08 | 0100 004c | 8bd3 4981 | c290 0100 | 004d 3b97 | 1801 0000 
  0x00007effd0d6e920: 0f83 f737 | 0000 4d89 | 9708 0100 | 0041 0f18 | 8200 0100 | 0048 c703 | 0100 0000 | 410f 1882 
  0x00007effd0d6e940: 4001 0000 

  0x00007effd0d6e944: ;   {metadata('generaloss/freetype/types/FTError'[])}
  0x00007effd0d6e944: c743 0890 | 5b00 0141 | 0f18 8280 | 0100 00c7 | 430c 5f00 | 0000 4c8b | 5424 0845 | 8b2a 488b 
  0x00007effd0d6e964: f348 83c6 | 1049 8bfa | ba30 0000 | 00c5 f877 | 49ba c0f0 | 76d0 ff7e | 0000 41ff | d243 8b6c 
  0x00007effd0d6e984: ec14 3b6c | 2418 0f85 | e43f 0000 | 85ed 0f85 | 0042 0000 | 4c8b 5424 | 104d 8b42 | 104d 85c0 
  0x00007effd0d6e9a4: 0f84 0a42 | 0000 458b | d045 8bda | 4181 c380 | 0000 004d | 63d2 4983 | f880 7c0a | 4983 f87f 
  0x00007effd0d6e9c4: 0f8e 1630 | 0000 4c89 | 5424 2044 | 895c 2418 | 4c89 4424 | 1049 8b87 | 0801 0000 | 4c8b d049 
  0x00007effd0d6e9e4: 83c2 184d | 3b97 1801 | 0000 0f83 | 7f38 0000 | 4d89 9708 | 0100 0041 | 0f18 8200 | 0100 0048 
  0x00007effd0d6ea04: c700 0100 

  0x00007effd0d6ea08: ;   {metadata('java/lang/Long')}
  0x00007effd0d6ea08: 0000 c740 | 0828 3904 | 0044 8960 | 0c4c 8960 | 104c 8b54 | 2410 4c89 | 5010 4889 

  0x00007effd0d6ea24: ;   {oop(a 'java/util/concurrent/ConcurrentHashMap'{0x000000070ca41f48})}
  0x00007effd0d6ea24: 4424 3049 | ba48 1fa4 | 0c07 0000 | 0045 8b42 | 2845 85c0 | 0f84 4002 | 0000 438b | 6cc4 0c4c 
  0x00007effd0d6ea44: 8b54 2410 | 49c1 ea20 | 4c33 5424 | 1045 8bd2 | 458b ca41 | c1e9 1045 | 33ca 4181 | e1ff ffff 
  0x00007effd0d6ea64: 7f44 894c | 241c 85ed | 0f86 5e40 | 0000 4f8d | 14c4 ffcd | 4123 e94c | 63dd 478b | 549a 1045 
  0x00007effd0d6ea84: 85d2 0f84 | f201 0000 | 478b 5cd4 | 0c45 3bd9 | 0f85 4601 | 0000 438b | 6cd4 104c | 8bdd 49c1 
  0x00007effd0d6eaa4: e303 4c8b | 4424 304d | 3bd8 7428 

  0x00007effd0d6eab0: ; implicit exception: dispatches to 0x00007effd0d73d10
  0x00007effd0d6eab0: 458b 5cec 

  0x00007effd0d6eab4: ;   {metadata('java/lang/Long')}
  0x00007effd0d6eab4: 0841 81fb | 2839 0400 | 0f85 ba4e | 0000 4d8d | 1cec 4d8b | 5b10 4c8b | 4424 104d | 3bc3 0f85 
  0x00007effd0d6ead4: c846 0000 | 438b 6cd4 | 1485 ed0f | 8499 0100 

  0x00007effd0d6eae4: ;   {oop(a 'java/lang/Class'{0x000000070ca4fa48} = 'generaloss/freetype/glyph/FTGlyph')}
  0x00007effd0d6eae4: 0049 ba48 | faa4 0c07 | 0000 004d | 8b12 458b 

  0x00007effd0d6eaf4: ;   {metadata('java/util/HashMap')}
  0x00007effd0d6eaf4: 5cec 0841 | 81fb 480a | 0b00 0f85 | dc4d 0000 | 4d8d 1cec | 458b 4b24 | 4585 c90f | 8469 0100 
  0x00007effd0d6eb14: 0047 8b44 | cc0c 4585 | c00f 8601 | 4400 004f | 8d1c cc4c | 895c 2428 | 4d8b da49 | 83e3 0741 
  0x00007effd0d6eb34: ffc8 4489 | 4424 1c49 | 83fb 010f | 8530 3200 | 0049 c1ea | 0841 8bc2 | 81e0 ffff | ff7f 85c0 
  0x00007effd0d6eb54: 0f84 1b32 | 0000 448b | d041 c1ea | 1044 33d0 | 448b 4424 | 1c45 23c2 | 4c8b 5c24 | 2847 8b44 
  0x00007effd0d6eb74: 8310 4585 | c00f 84ff | 0000 0047 | 8b5c c40c | 453b da0f | 852f 2500 | 0047 8b5c 

  0x00007effd0d6eb90: ;   {oop(a 'java/lang/Class'{0x000000070ca4fa48} = 'generaloss/freetype/glyph/FTGlyph')}
  0x00007effd0d6eb90: c410 4181 | fb49 9f94 | e10f 851d | 2500 004b | 8d2c c48b | 6d14 85ed | 0f84 d000 | 0000 458b 
  0x00007effd0d6ebb0: 5cec 0849 | ba00 0000 | 63ff 7e00 | 004d 03d3 | 4d8b 5238 

  0x00007effd0d6ebc4: ;   {metadata('generaloss/freetype/FTStruct')}
  0x00007effd0d6ebc4: 49bb 0812 | 0064 ff7e | 0000 4d3b | d30f 85b1 | 4200 004d | 8d1c ece9 | 1902 0000 | 4585 db0f 
  0x00007effd0d6ebe4: 8c42 2200 | 0047 8b5c | d418 4585 | db0f 8487 | 0000 004f | 8d14 dc45 | 8b5a 0c4d | 8b87 4803 
  0x00007effd0d6ec04: ;   {oop(a 'generaloss/freetype/types/FTError'[95] {0x000000070ca49780})}
  0x00007effd0d6ec04: 0000 49b9 | 8097 a40c 

  0x00007effd0d6ec0c: ; ImmutableOopMap {r10=Oop r9=Oop [0]=Oop [8]=Derived_oop_r9 [48]=Oop }
                      ;*if_icmpne {reexecute=1 rethrow=0 return_oop=0}
                      ; - (reexecute) java.util.concurrent.ConcurrentHashMap::get@127 (line 946)
                      ; - generaloss.freetype.FTStructCache::get@7 (line 89)
                      ; - generaloss.freetype.FTStructCache::getOrCreate@10 (line 99)
                      ; - generaloss.freetype.freetype.FTGlyphSlot::getGlyph@24 (line 172)
                      ; - dev.RenderTest::loadChar@28 (line 50)
  0x00007effd0d6ec0c: 0700 0000 

  0x00007effd0d6ec10: ;   {poll}
  0x00007effd0d6ec10: 4185 0044 | 3b5c 241c | 7557 418b | 6a10 4c8b | dd49 c1e3 | 034c 8b44 | 2430 4d3b | d874 2845 
  0x00007effd0d6ec30: 8b5c ec08 

  0x00007effd0d6ec34: ;   {metadata('java/lang/Long')}
  0x00007effd0d6ec34: 4181 fb28 | 3904 000f | 851f 4d00 | 004d 8d1c | ec4d 8b5b | 104c 8b44 | 2410 4d3b | c30f 852d 
  0x00007effd0d6ec54: 4600 0041 | 8b6a 1485 

  0x00007effd0d6ec5c: ;   {oop(a 'java/lang/Class'{0x000000070ca4fa48} = 'generaloss/freetype/glyph/FTGlyph')}
  0x00007effd0d6ec5c: ed74 1f49 | ba48 faa4 | 0c07 0000 | 004d 8b12 | e981 feff | ff45 8b5a | 1845 85db | 0f85 82fa 
  0x00007effd0d6ec7c: ffff 4c8b | 5424 1049 | 83fa 807c | 0a49 83fa | 7f0f 8ee0 | 2e00 004d | 8b9f 0801 | 0000 4d8b 
  0x00007effd0d6ec9c: d349 83c2 | 184d 3b97 | 1801 0000 | 0f83 4338 | 0000 4d89 | 9708 0100 | 0041 0f18 | 8200 0100 
  0x00007effd0d6ecbc: 0049 c703 | 0100 0000 

  0x00007effd0d6ecc4: ;   {metadata('java/lang/Long')}
  0x00007effd0d6ecc4: 41c7 4308 | 2839 0400 | 4589 630c | 4d89 6310 | 4c8b 5424 | 104d 8953 | 104d 8b87 | 0801 0000 
  0x00007effd0d6ece4: 4d8b d049 | 83c2 184d | 3b97 1801 | 0000 0f83 | 9836 0000 | 4d89 9708 | 0100 0041 | 0f18 8200 
  0x00007effd0d6ed04: 0100 0049 | c700 0100 

  0x00007effd0d6ed0c: ;   {metadata('generaloss/freetype/glyph/FTGlyph')}
  0x00007effd0d6ed0c: 0000 41c7 | 4008 c044 | 0001 4589 | 600c 4d89 | 6010 4c89 | 4424 284c | 8b5c 2410 | 4d89 5810 
  0x00007effd0d6ed2c: 4983 fb80 | 7c0a 4983 | fb7f 0f8e | 6c2e 0000 | 4d8b 9f08 | 0100 004d | 8bd3 4983 | c218 4d3b 
  0x00007effd0d6ed4c: 9718 0100 | 000f 83c1 | 3700 004d | 8997 0801 | 0000 410f | 1882 0001 | 0000 49c7 | 0301 0000 
  0x00007effd0d6ed6c: ;   {metadata('java/lang/Long')}
  0x00007effd0d6ed6c: 0041 c743 | 0828 3904 | 0045 8963 | 0c4d 8963 | 104c 8b54 | 2410 4d89 | 5310 4c89 | 5c24 1849 
  0x00007effd0d6ed8c: 8b8f 0801 | 0000 4c8b | d149 83c2 | 104d 3b97 | 1801 0000 | 0f83 1636 | 0000 4d89 | 9708 0100 
  0x00007effd0d6edac: 0041 0f18 | 8200 0100 | 0048 c701 | 0100 0000 

  0x00007effd0d6edbc: ;   {metadata('generaloss/freetype/FTStructCache$$Lambda$22+0x00007eff64005f90')}
  0x00007effd0d6edbc: c741 0890 | 5f00 014c | 8b54 2428 | 49c1 ea03 | 4489 510c 

  0x00007effd0d6edd0: ;   {oop(a 'java/util/concurrent/ConcurrentHashMap'{0x000000070ca41f48})}
  0x00007effd0d6edd0: 48be 481f | a40c 0700 | 0000 488b 

  0x00007effd0d6eddc: ;   {oop(a 'generaloss/freetype/types/FTError'[95] {0x000000070ca49780})}
  0x00007effd0d6eddc: 5424 1848 | bd80 97a4 | 0c07 0000 | 0066 6690 

  0x00007effd0d6edec: ;   {optimized virtual_call}
  0x00007effd0d6edec: c5f8 77e8 

  0x00007effd0d6edf0: ; ImmutableOopMap {rbp=Oop [0]=Oop [8]=Derived_oop_rbp [40]=Oop }
                      ;*invokeinterface compute {reexecute=0 rethrow=0 return_oop=1}
                      ; - generaloss.freetype.FTStructCache::register@38 (line 18)
                      ; - generaloss.freetype.FTStruct::<init>@14 (line 12)
                      ; - generaloss.freetype.glyph.FTGlyph::<init>@2 (line 18)
                      ; - generaloss.freetype.freetype.FTGlyphSlot$$Lambda$25/0x00007eff64007a78::apply@11
                      ; - generaloss.freetype.FTStructCache::getOrCreate@28 (line 101)
                      ; - generaloss.freetype.freetype.FTGlyphSlot::getGlyph@24 (line 172)
                      ; - dev.RenderTest::loadChar@28 (line 50)
  0x00007effd0d6edf0: ec23 feff | 4c8b 5c24 | 2845 8b53 

  0x00007effd0d6edfc: ;   {metadata('generaloss/freetype/glyph/FTGlyph')}
  0x00007effd0d6edfc: 0841 81fa | c044 0001 | 0f85 aa49 | 0000 4c89 | 5c24 104d | 8b9f 0801 | 0000 4d8b | d349 83c2 
  0x00007effd0d6ee1c: 184d 3b97 | 1801 0000 | 0f83 1233 | 0000 4d89 | 9708 0100 | 0041 0f18 | 8200 0100 | 0049 c703 
  0x00007effd0d6ee3c: 0100 0000 

  0x00007effd0d6ee40: ;   {metadata('generaloss/freetype/types/FTVector')}
  0x00007effd0d6ee40: 41c7 4308 | 9835 0001 | 4589 630c | 4d89 6310 | 4c89 5c24 

  0x00007effd0d6ee54: ;   {oop(a 'generaloss/freetype/types/FTError'[95] {0x000000070ca49780})}
  0x00007effd0d6ee54: 1848 bd80 | 97a4 0c07 | 0000 0090 

  0x00007effd0d6ee60: ;   {static_call}
  0x00007effd0d6ee60: c5f8 77e8 

  0x00007effd0d6ee64: ; ImmutableOopMap {rbp=Oop [0]=Oop [8]=Derived_oop_rbp [16]=Oop [24]=Oop }
                      ;*invokestatic createPointer {reexecute=0 rethrow=0 return_oop=0}
                      ; - generaloss.freetype.types.FTVector::<init>@1 (line 15)
                      ; - dev.RenderTest::loadChar@37 (line 54)
  0x00007effd0d6ee64: 581f f8ff | 4c8b 5c24 | 1849 8943 | 1048 85c0 | 0f84 623d | 0000 4883 | f880 7c0a | 4883 f87f 
  0x00007effd0d6ee84: 0f8e 972b | 0000 4889 | 4424 204d | 8b9f 0801 | 0000 4d8b | d349 83c2 | 184d 3b97 | 1801 0000 
  0x00007effd0d6eea4: 0f83 eb33 | 0000 4d89 | 9708 0100 | 0041 0f18 | 8200 0100 | 0049 c703 | 0100 0000 

  0x00007effd0d6eec0: ;   {metadata('java/lang/Long')}
  0x00007effd0d6eec0: 41c7 4308 | 2839 0400 | 4589 630c | 4d89 6310 | 4c8b 5424 | 204d 8953 | 104c 895c | 2420 498b 
  0x00007effd0d6eee0: 8f08 0100 | 004c 8bd1 | 4983 c210 | 4d3b 9718 | 0100 000f | 8367 3200 | 004d 8997 | 0801 0000 
  0x00007effd0d6ef00: 410f 1882 | 0001 0000 | 48c7 0101 

  0x00007effd0d6ef0c: ;   {metadata('generaloss/freetype/FTStructCache$$Lambda$22+0x00007eff64005f90')}
  0x00007effd0d6ef0c: 0000 00c7 | 4108 905f | 0001 4c8b | 5424 1849 | c1ea 0344 

  0x00007effd0d6ef20: ;   {oop(a 'java/util/concurrent/ConcurrentHashMap'{0x000000070ca41f48})}
  0x00007effd0d6ef20: 8951 0c48 | be48 1fa4 | 0c07 0000 | 0048 8b54 

  0x00007effd0d6ef30: ;   {oop(a 'generaloss/freetype/types/FTError'[95] {0x000000070ca49780})}
  0x00007effd0d6ef30: 2420 48bd | 8097 a40c | 0700 0000 

  0x00007effd0d6ef3c: ;   {optimized virtual_call}
  0x00007effd0d6ef3c: c5f8 77e8 

  0x00007effd0d6ef40: ; ImmutableOopMap {rbp=Oop [0]=Oop [8]=Derived_oop_rbp [16]=Oop [24]=Oop }
                      ;*invokeinterface compute {reexecute=0 rethrow=0 return_oop=1}
                      ; - generaloss.freetype.FTStructCache::register@38 (line 18)
                      ; - generaloss.freetype.FTStruct::<init>@14 (line 12)
                      ; - generaloss.freetype.types.FTVector::<init>@2 (line 11)
                      ; - generaloss.freetype.types.FTVector::<init>@4 (line 15)
                      ; - dev.RenderTest::loadChar@37 (line 54)
  0x00007effd0d6ef40: 9c22 feff | 498b 8708 | 0100 004c | 8bd0 4983 | c218 4d3b | 9718 0100 | 000f 8325 | 3200 004d 
  0x00007effd0d6ef60: 8997 0801 | 0000 410f | 1882 0001 | 0000 48c7 | 0001 0000 | 0041 0f18 | 8240 0100 

  0x00007effd0d6ef7c: ;   {metadata({type array long})}
  0x00007effd0d6ef7c: 00c7 4008 | 8011 0000 | 410f 1882 | 8001 0000 | c740 0c01 | 0000 004c | 8960 1048 | 8944 2420 
  0x00007effd0d6ef9c: 4c8b 5424 | 1849 8b4a | 104c 8b54 | 2410 498b 

  0x00007effd0d6efac: ;   {oop(a 'generaloss/freetype/freetype/FTRenderMode'{0x000000070ca3ff50})}
  0x00007effd0d6efac: 7210 49ba | 50ff a30c | 0700 0000 | 418b 5214 | 41b8 0100 | 0000 4c8b | c866 6690 

  0x00007effd0d6efc8: ;   {static_call}
  0x00007effd0d6efc8: c5f8 77e8 

  0x00007effd0d6efcc: ; ImmutableOopMap {rbp=Oop [0]=Oop [8]=Derived_oop_rbp [16]=Oop [32]=Oop }
                      ;*invokestatic FT_Glyph_To_Bitmap {reexecute=0 rethrow=0 return_oop=0}
                      ; - generaloss.freetype.FreeType::ftGlyphToBitmap@23 (line 690)
                      ; - generaloss.freetype.glyph.FTGlyph::toBitmap@11 (line 71)
                      ; - dev.RenderTest::loadChar@50 (line 55)
  0x00007effd0d6efcc: 7021 f8ff | 8944 2418 | 4c8b 5424 | 104d 8b42 | 104d 85c0 | 0f84 223c | 0000 4c89 | 5424 2845 
  0x00007effd0d6efec: 8bd0 4c89 | 4424 3045 | 8bc2 4181 | c080 0000 | 0044 8944 | 2438 4d63 | d24c 8954 | 2410 4c8b 
  0x00007effd0d6f00c: 5424 3049 | 83fa 807c | 0a49 83fa | 7f0f 8e3d | 2a00 0049 | 8b87 0801 | 0000 4c8b | d049 83c2 
  0x00007effd0d6f02c: 184d 3b97 | 1801 0000 | 0f83 7632 | 0000 4d89 | 9708 0100 | 0041 0f18 | 8200 0100 | 0048 c700 
  0x00007effd0d6f04c: 0100 0000 

  0x00007effd0d6f050: ;   {metadata('java/lang/Long')}
  0x00007effd0d6f050: c740 0828 | 3904 0044 | 8960 0c4c | 8960 104c | 8b54 2430 | 4c89 5010 | 4889 4424 

  0x00007effd0d6f06c: ;   {oop(a 'java/util/concurrent/ConcurrentHashMap'{0x000000070ca41f48})}
  0x00007effd0d6f06c: 4849 ba48 | 1fa4 0c07 | 0000 0045 | 8b4a 2843 | 8b6c cc0c | 4c8b 5424 | 3049 c1ea | 204c 3354 
  0x00007effd0d6f08c: 2430 458b | da45 8bd3 | 41c1 ea10 | 4533 d341 | 81e2 ffff | ff7f 4489 | 5424 3c85 | ed0f 86e9 
  0x00007effd0d6f0ac: 3800 004f | 8d14 ccff | cd23 6c24 | 3c4c 63dd | 478b 449a | 1047 8b54 | c40c 443b | 5424 3c75 
  0x00007effd0d6f0cc: 5043 8b6c | c410 4c8b | d549 c1e2 | 034c 8b5c | 2448 4d3b | d374 2845 | 8b54 ec08 

  0x00007effd0d6f0e8: ;   {metadata('java/lang/Long')}
  0x00007effd0d6f0e8: 4181 fa28 | 3904 000f | 85e7 4800 | 004d 8d14 | ec4d 8b52 | 104c 8b5c | 2430 4d3b | da0f 85a1 
  0x00007effd0d6f108: 3e00 0043 | 8b6c c414 | 85ed 0f85 | 8c00 0000 | e95f 0500 | 0045 85d2 | 0f8c c71a | 0000 478b 
  0x00007effd0d6f128: 5cc4 1845 | 85db 0f84 | 4805 0000 | 4f8d 04dc | 458b 500c | 4d8b 9f48 

  0x00007effd0d6f140: ;   {oop(a 'generaloss/freetype/types/FTError'[95] {0x000000070ca49780})}
  0x00007effd0d6f140: 0300 0049 | b980 97a4 | 0c07 0000 

  0x00007effd0d6f14c: ; ImmutableOopMap {r8=Oop r9=Oop [0]=Oop [8]=Derived_oop_r9 [32]=Oop [40]=Oop [72]=Oop }
                      ;*if_icmpne {reexecute=1 rethrow=0 return_oop=0}
                      ; - (reexecute) java.util.concurrent.ConcurrentHashMap::get@127 (line 946)
                      ; - generaloss.freetype.FTStructCache::unregister@7 (line 39)
                      ; - generaloss.freetype.FTStructCache::unregister@30 (line 63)
                      ; - generaloss.freetype.FTStruct::destroyPointer@1 (line 29)
                      ; - generaloss.freetype.FreeType::ftGlyphToBitmap@37 (line 692)
                      ; - generaloss.freetype.glyph.FTGlyph::toBitmap@11 (line 71)
                      ; - dev.RenderTest::loadChar@50 (line 55)
                      ;   {poll}
  0x00007effd0d6f14c: 0041 8503 | 443b 5424 | 3c0f 8514 | 0500 0041 | 8b68 104c | 8bd5 49c1 | e203 4c8b | 5c24 484d 
  0x00007effd0d6f16c: 3bd3 7428 

  0x00007effd0d6f170: ; implicit exception: dispatches to 0x00007effd0d73c84
  0x00007effd0d6f170: 458b 54ec 

  0x00007effd0d6f174: ;   {metadata('java/lang/Long')}
  0x00007effd0d6f174: 0841 81fa | 2839 0400 | 0f85 1648 | 0000 4d8d | 14ec 4d8b | 5210 4c8b | 5c24 304d | 3bda 0f85 
  0x00007effd0d6f194: 303d 0000 | 418b 6814 | 85ed 0f84 | d804 0000 | 458b 54ec 

  0x00007effd0d6f1a8: ;   {metadata('java/util/HashMap')}
  0x00007effd0d6f1a8: 0841 81fa | 480a 0b00 | 0f85 1646 

  0x00007effd0d6f1b4: ;   {oop(a 'java/lang/Class'{0x000000070ca4fa48} = 'generaloss/freetype/glyph/FTGlyph')}
  0x00007effd0d6f1b4: 0000 49ba | 48fa a40c | 0700 0000 | 4d8b 124d | 8d1c ec4c | 895c 2440 | 4d8b da49 | 83e3 0749 
  0x00007effd0d6f1d4: 83fb 010f | 85d6 2a00 | 0049 c1ea | 0841 8bc2 | 81e0 ffff | ff7f 85c0 | 0f84 c12a | 0000 4c8b 
  0x00007effd0d6f1f4: 5424 4045 | 8b5a 2444 | 8bc0 41c1 | e810 4433 | c047 8b54 | dc0c 4585 | d20f 86c1 | 3700 004f 
  0x00007effd0d6f214: 8d0c dc41 | ffca 4523 | d04b 8d5c | 9110 448b | 0b43 8b6c | cc0c 413b | e80f 85f1 | 3700 0043 
  0x00007effd0d6f234: 8b6c cc10 

  0x00007effd0d6f238: ;   {oop(a 'java/lang/Class'{0x000000070ca4fa48} = 'generaloss/freetype/glyph/FTGlyph')}
  0x00007effd0d6f238: 81fd 499f | 94e1 0f85 | fc39 0000 | 478b 44cc 

  0x00007effd0d6f248: ;   {metadata('java/util/HashMap$TreeNode')}
  0x00007effd0d6f248: 0841 81f8 | 2053 1300 | 0f84 b234 | 0000 438b | 6ccc 1843 | 8b4c dc08 

  0x00007effd0d6f260: ;   {metadata('java/util/HashMap$Node'[])}
  0x00007effd0d6f260: 81f9 d857 | 1300 0f85 | 8035 0000 | 4180 7f38 | 000f 855e | 2a00 0089 | 2b4c 8bd3 | 4c8b dd49 
  0x00007effd0d6f280: c1e3 034d | 33da 49c1 | eb15 4d85 | db74 1e85 | ed74 1a49 | c1ea 0948 | bf00 f0c5 | e2ff 7e00 
  0x00007effd0d6f2a0: 0049 03fa | 803f 040f | 855e 2a00 | 004c 8b54 | 2440 41ff | 4218 458b | 5214 458b | c241 ffc8 
  0x00007effd0d6f2c0: 4c8b 5c24 | 4045 8943 | 1441 83fa | 010f 8565 | 3500 004c | 8b54 2430 | 4983 fa80 | 7c0a 4983 
  0x00007effd0d6f2e0: fa7f 0f8e | a627 0000 | 498b 9708 | 0100 004c | 8bd2 4983 | c218 4d3b | 9718 0100 | 000f 83c6 
  0x00007effd0d6f300: 2f00 004d | 8997 0801 | 0000 410f | 1882 0001 | 0000 48c7 | 0201 0000 

  0x00007effd0d6f318: ;   {metadata('java/lang/Long')}
  0x00007effd0d6f318: 00c7 4208 | 2839 0400 | 4489 620c | 4c89 6210 | 4c8b 5424 | 304c 8952 

  0x00007effd0d6f330: ;   {oop(a 'java/util/concurrent/ConcurrentHashMap'{0x000000070ca41f48})}
  0x00007effd0d6f330: 1048 be48 | 1fa4 0c07 | 0000 0033 | c94c 8b44 

  0x00007effd0d6f340: ;   {oop(a 'generaloss/freetype/types/FTError'[95] {0x000000070ca49780})}
  0x00007effd0d6f340: 2440 48bd | 8097 a40c | 0700 0000 

  0x00007effd0d6f34c: ;   {optimized virtual_call}
  0x00007effd0d6f34c: c5f8 77e8 

  0x00007effd0d6f350: ; ImmutableOopMap {rbp=Oop [0]=Oop [8]=Derived_oop_rbp [32]=Oop [40]=Oop }
                      ;*invokevirtual replaceNode {reexecute=0 rethrow=0 return_oop=1}
                      ; - java.util.concurrent.ConcurrentHashMap::remove@20 (line 1552)
                      ; - generaloss.freetype.FTStructCache::unregister@46 (line 46)
                      ; - generaloss.freetype.FTStructCache::unregister@30 (line 63)
                      ; - generaloss.freetype.FTStruct::destroyPointer@1 (line 29)
                      ; - generaloss.freetype.FreeType::ftGlyphToBitmap@37 (line 692)
                      ; - generaloss.freetype.glyph.FTGlyph::toBitmap@11 (line 71)
                      ; - dev.RenderTest::loadChar@50 (line 55)
  0x00007effd0d6f350: ccb2 0000 | 4885 c00f | 8437 3900 | 004c 8b54 | 2428 4d89 | 6210 498b | 9f08 0100 | 004c 8bd3 
  0x00007effd0d6f370: 4981 c290 | 0100 004d | 3b97 1801 | 0000 0f83 | 1d2e 0000 | 4d89 9708 | 0100 0041 | 0f18 8200 
  0x00007effd0d6f390: 0100 0048 | c703 0100 | 0000 410f | 1882 4001 

  0x00007effd0d6f3a0: ;   {metadata('generaloss/freetype/types/FTError'[])}
  0x00007effd0d6f3a0: 0000 c743 | 0890 5b00 | 0141 0f18 | 8280 0100 | 00c7 430c | 5f00 0000 | 4c8b 5424 | 0845 8b2a 
  0x00007effd0d6f3c0: 488b f348 | 83c6 1049 | 8bfa ba30 | 0000 00c5 | f877 49ba | c0f0 76d0 | ff7e 0000 | 41ff d243 
  0x00007effd0d6f3e0: 8b6c ec14 | 3b6c 2418 | 0f85 8a36 | 0000 85ed | 0f85 be38 | 0000 4c8b | 5424 204d | 8b5a 104d 
  0x00007effd0d6f400: 85db 0f84 | c038 0000 | 458b c345 | 8bd0 4181 | c280 0000 | 0049 63c8 | 4983 fb80 | 7c0a 4983 
  0x00007effd0d6f420: fb7f 0f8e | 9826 0000 | 498b 8708 | 0100 004c | 8bc0 4983 | c018 4d3b | 8718 0100 | 000f 83ad 
  0x00007effd0d6f440: 2e00 004d | 8987 0801 | 0000 410f | 1880 0001 | 0000 48c7 | 0001 0000 

  0x00007effd0d6f458: ;   {metadata('java/lang/Long')}
  0x00007effd0d6f458: 00c7 4008 | 2839 0400 | 4489 600c | 4c89 6010 | 4c89 5810 | 4889 4424 

  0x00007effd0d6f470: ;   {oop(a 'java/util/concurrent/ConcurrentHashMap'{0x000000070ca41f48})}
  0x00007effd0d6f470: 3049 b848 | 1fa4 0c07 | 0000 0045 | 8b48 2845 | 85c9 0f84 | 4323 0000 | 4889 4c24 | 1844 8954 
  0x00007effd0d6f490: 2410 438b | 6ccc 0c4d | 8bc3 49c1 | e820 4c89 | 5c24 084d | 33c3 458b | d045 8bc2 | 41c1 e810 
  0x00007effd0d6f4b0: 4533 c241 | 81e0 ffff | ff7f 4489 | 4424 1485 | ed0f 8625 | 3600 004f | 8d14 ccff | cd41 23e8 
  0x00007effd0d6f4d0: 4c63 dd47 | 8b54 9a10 | 4585 d20f | 84f3 1600 | 0047 8b5c | d40c 453b | d80f 8554 | 0100 0043 
  0x00007effd0d6f4f0: 8b6c d410 | 4c8b dd49 | c1e3 034c | 8b44 2430 | 4d3b d80f | 84a8 1d00 | 0045 8b44 

  0x00007effd0d6f50c: ;   {metadata('java/lang/Long')}
  0x00007effd0d6f50c: ec08 4181 | f828 3904 | 000f 8511 | 4500 004d | 8d1c ec4d | 8b43 104c | 8b5c 2408 | 4d3b d80f 
  0x00007effd0d6f52c: 859f 3c00 | 0043 8b6c | d414 85ed | 0f84 dc28 

  0x00007effd0d6f53c: ;   {oop(a 'java/lang/Class'{0x000000070ca3e288} = 'generaloss/freetype/glyph/FTBitmapGlyph')}
  0x00007effd0d6f53c: 0000 49ba | 88e2 a30c | 0700 0000 | 4d8b 0249 | ba00 f0c5 | e2ff 7e00 | 004c 8954 | 2438 4c89 
  0x00007effd0d6f55c: 5c24 0845 | 8b5c ec08 

  0x00007effd0d6f564: ;   {metadata('java/util/HashMap')}
  0x00007effd0d6f564: 4181 fb48 | 0a0b 000f | 857f 4300 | 004d 8d14 | ec45 8b4a | 2445 85c9 | 0f84 d701 | 0000 478b 
  0x00007effd0d6f584: 5ccc 0c45 | 85db 0f86 | b839 0000 | 4b8d 2ccc | 4d8b d049 | 83e2 0741 | ffcb 4489 | 5c24 1449 
  0x00007effd0d6f5a4: 83fa 010f | 85ec 2700 | 0049 c1e8 | 0841 8bc0 | 81e0 ffff | ff7f 85c0 | 0f84 d727 | 0000 448b 
  0x00007effd0d6f5c4: d041 c1ea | 1044 33d0 | 448b 4424 | 1445 23c2 | 468b 5c85 | 1045 85db | 0f84 7701 | 0000 478b 
  0x00007effd0d6f5e4: 44dc 0c45 | 3bc2 0f85 | 4c1b 0000 | 478b 44dc 

  0x00007effd0d6f5f4: ;   {oop(a 'java/lang/Class'{0x000000070ca3e288} = 'generaloss/freetype/glyph/FTBitmapGlyph')}
  0x00007effd0d6f5f4: 1041 81f8 | 517c 94e1 | 0f85 3a1b | 0000 4b8d | 2cdc 8b6d | 1485 ed0f | 8448 0100 | 0045 8b54 
  0x00007effd0d6f614: ec08 49bb | 0000 0063 | ff7e 0000 | 4d03 da4d 

  0x00007effd0d6f624: ;   {metadata('generaloss/freetype/FTStruct')}
  0x00007effd0d6f624: 8b53 3849 | bb08 1200 | 64ff 7e00 | 004d 3bd3 | 0f85 5e38 | 0000 48c1 | e503 e97d | 0200 0045 
  0x00007effd0d6f644: 85db 0f8c | 6f18 0000 | 478b 5cd4 | 1845 85db | 0f84 cf19 | 0000 4f8d | 04dc 49ba | 00f0 c5e2 
  0x00007effd0d6f664: ff7e 0000 | 4c89 5424 | 38eb 3545 | 8b58 1845 | 85db 0f85 | 74f0 ffff | bef4 ffff | ff48 8b2c 
  0x00007effd0d6f684: 2444 8b54 | 2418 4489 | 5424 0890 

  0x00007effd0d6f690: ;   {runtime_call UncommonTrapBlob}
  0x00007effd0d6f690: c5f8 77e8 

  0x00007effd0d6f694: ; ImmutableOopMap {rbp=Oop [32]=Oop [40]=Oop }
                      ;*checkcast {reexecute=0 rethrow=0 return_oop=0}
                      ; - generaloss.freetype.FTStructCache::unregister@12 (line 39)
                      ; - generaloss.freetype.FTStructCache::unregister@30 (line 63)
                      ; - generaloss.freetype.FTStruct::destroyPointer@1 (line 29)
                      ; - generaloss.freetype.FreeType::ftGlyphToBitmap@37 (line 692)
                      ; - generaloss.freetype.glyph.FTGlyph::toBitmap@11 (line 71)
                      ; - dev.RenderTest::loadChar@50 (line 55)
  0x00007effd0d6f694: 68df a1ff | 0f1f 8400 | 0000 0000 | 4f8d 04dc | 458b 500c | 4d8b 9f48 

  0x00007effd0d6f6ac: ; ImmutableOopMap {r8=Oop [0]=Oop [48]=Oop }
                      ;*if_icmpne {reexecute=1 rethrow=0 return_oop=0}
                      ; - (reexecute) java.util.concurrent.ConcurrentHashMap::get@127 (line 946)
                      ; - generaloss.freetype.FTStructCache::get@7 (line 89)
                      ; - generaloss.freetype.FTStructCache::getOrCreate@10 (line 99)
                      ; - generaloss.freetype.glyph.FTGlyph::toBitmap@32 (line 73)
                      ; - dev.RenderTest::loadChar@50 (line 55)
                      ;   {poll}
  0x00007effd0d6f6ac: 0300 0041 | 8503 443b | 5424 1475 | 6441 8b68 | 104c 8bd5 | 49c1 e203 | 4c8b 5c24 | 304d 3bd3 
  0x00007effd0d6f6cc: 0f84 e420 | 0000 458b 

  0x00007effd0d6f6d4: ;   {metadata('java/lang/Long')}
  0x00007effd0d6f6d4: 54ec 0841 | 81fa 2839 | 0400 0f85 | 3443 0000 | 4d8d 14ec | 4d8b 5210 | 4c8b 5c24 | 084d 3bda 
  0x00007effd0d6f6f4: 0f85 ba3b | 0000 418b | 6814 85ed | 0f84 4f27 

  0x00007effd0d6f704: ;   {oop(a 'java/lang/Class'{0x000000070ca3e288} = 'generaloss/freetype/glyph/FTBitmapGlyph')}
  0x00007effd0d6f704: 0000 49ba | 88e2 a30c | 0700 0000 | 4d8b 024c | 895c 2408 | e942 feff | ff45 8b58 | 1845 85db 
  0x00007effd0d6f724: 0f85 76ff | ffff 4c8b | 4c24 384c | 8b5c 2408 | 448b 5424 | 1048 8b4c | 2418 eb2d | 49c1 e003 
  0x00007effd0d6f744: e9d8 0700 | 000f 1f80 | 0000 0000 | 49c1 e003 | e9c0 0300 | 004c 8b4c | 2438 4c8b | 5c24 0844 
  0x00007effd0d6f764: 8b54 2410 | 488b 4c24 | 1849 83fb | 807c 0a49 | 83fb 7f0f | 8e62 2400 | 0049 8b9f | 0801 0000 
  0x00007effd0d6f784: 4c8b c349 | 83c0 184d | 3b87 1801 | 0000 0f83 | ac2d 0000 | 4d89 8708 | 0100 0041 | 0f18 8000 
  0x00007effd0d6f7a4: 0100 0048 | c703 0100 

  0x00007effd0d6f7ac: ;   {metadata('java/lang/Long')}
  0x00007effd0d6f7ac: 0000 c743 | 0828 3904 | 0044 8963 | 0c4c 8963 | 104c 895b | 1049 8baf | 0801 0000 | 4c8b c549 
  0x00007effd0d6f7cc: 83c0 184d | 3b87 1801 | 0000 0f83 | 102c 0000 | 4d89 8708 | 0100 0041 | 0f18 8000 | 0100 0048 
  0x00007effd0d6f7ec: c745 0001 

  0x00007effd0d6f7f0: ;   {metadata('generaloss/freetype/glyph/FTBitmapGlyph')}
  0x00007effd0d6f7f0: 0000 00c7 | 4508 00c0 | 0001 4489 | 650c 4c89 | 6510 4c89 | 5d10 4983 | fb80 7c0a | 4983 fb7f 
  0x00007effd0d6f810: 0f8e f423 | 0000 4d8b | 8708 0100 | 004d 8bd0 | 4983 c218 | 4d3b 9718 | 0100 000f | 8351 2d00 
  0x00007effd0d6f830: 004d 8997 | 0801 0000 | 410f 1882 | 0001 0000 | 49c7 0001 

  0x00007effd0d6f844: ;   {metadata('java/lang/Long')}
  0x00007effd0d6f844: 0000 0041 | c740 0828 | 3904 0045 | 8960 0c4d | 8960 104d | 8958 1049 | 8b8f 0801 | 0000 4c8b 
  0x00007effd0d6f864: d149 83c2 | 104d 3b97 | 1801 0000 | 0f83 c22b | 0000 4d89 | 9708 0100 | 0041 0f18 | 8200 0100 
  0x00007effd0d6f884: 0048 c701 | 0100 0000 

  0x00007effd0d6f88c: ;   {metadata('generaloss/freetype/FTStructCache$$Lambda$22+0x00007eff64005f90')}
  0x00007effd0d6f88c: c741 0890 | 5f00 014c | 894c 2438 | 4c89 4424 | 084c 8bdd | 49c1 eb03 | 4489 590c 

  0x00007effd0d6f8a8: ;   {oop(a 'java/util/concurrent/ConcurrentHashMap'{0x000000070ca41f48})}
  0x00007effd0d6f8a8: 48be 481f | a40c 0700 | 0000 488b | 5424 0890 

  0x00007effd0d6f8b8: ;   {optimized virtual_call}
  0x00007effd0d6f8b8: c5f8 77e8 

  0x00007effd0d6f8bc: ; ImmutableOopMap {rbp=Oop [0]=Oop }
                      ;*invokeinterface compute {reexecute=0 rethrow=0 return_oop=1}
                      ; - generaloss.freetype.FTStructCache::register@38 (line 18)
                      ; - generaloss.freetype.FTStruct::<init>@14 (line 12)
                      ; - generaloss.freetype.glyph.FTBitmapGlyph::<init>@2 (line 10)
                      ; - generaloss.freetype.glyph.FTGlyph$$Lambda$26/0x00007eff6400c240::apply@11
                      ; - generaloss.freetype.FTStructCache::getOrCreate@28 (line 101)
                      ; - generaloss.freetype.glyph.FTGlyph::toBitmap@32 (line 73)
                      ; - dev.RenderTest::loadChar@50 (line 55)
  0x00007effd0d6f8bc: 2019 feff | 448b 5d08 

  0x00007effd0d6f8c4: ;   {metadata('generaloss/freetype/glyph/FTBitmapGlyph')}
  0x00007effd0d6f8c4: 4181 fb00 | c000 010f | 851f 3f00 | 0048 8b75 | 1066 6690 

  0x00007effd0d6f8d8: ;   {static_call}
  0x00007effd0d6f8d8: c5f8 77e8 

  0x00007effd0d6f8dc: ; ImmutableOopMap {[0]=Oop }
                      ;*invokestatic getBitmap {reexecute=0 rethrow=0 return_oop=0}
                      ; - generaloss.freetype.glyph.FTBitmapGlyph::getBitmap@4 (line 40)
                      ; - dev.RenderTest::loadChar@57 (line 57)
  0x00007effd0d6f8dc: 601c f8ff | 4c8b d848 | 85c0 0f84 | 0434 0000 | 448b d041 | 8bca 81c1 | 8000 0000 | 4963 da48 
  0x00007effd0d6f8fc: 83f8 807c | 0a48 83f8 | 7f0f 8ee2 | 2100 0049 | 8b87 0801 | 0000 4c8b | d049 83c2 | 184d 3b97 
  0x00007effd0d6f91c: 1801 0000 | 0f83 fc29 | 0000 4d89 | 9708 0100 | 0041 0f18 | 8200 0100 | 0048 c700 | 0100 0000 
  0x00007effd0d6f93c: ;   {metadata('java/lang/Long')}
  0x00007effd0d6f93c: c740 0828 | 3904 0044 | 8960 0c4c | 8960 104c | 8958 1048 | 8944 2428 

  0x00007effd0d6f954: ;   {oop(a 'java/util/concurrent/ConcurrentHashMap'{0x000000070ca41f48})}
  0x00007effd0d6f954: 49ba 481f | a40c 0700 | 0000 458b | 4228 4585 | c00f 841e | 0200 0043 | 8b6c c40c | 4d8b d349 
  0x00007effd0d6f974: c1ea 204d | 33d3 458b | ca45 8bd1 | 41c1 ea10 | 4533 d141 | 81e2 ffff | ff7f 85ed | 0f86 6a31 
  0x00007effd0d6f994: 0000 49c1 | e003 ffcd | 4123 ea4c | 63cd 478b | 4488 1045 | 85c0 0f84 | d901 0000 | 478b 4cc4 
  0x00007effd0d6f9b4: 0c45 3bca | 0f85 4401 | 0000 438b | 6cc4 1048 | 8bfd 48c1 | e703 4c8b | 4c24 2849 | 3bf9 7422 
  0x00007effd0d6f9d4: ; implicit exception: dispatches to 0x00007effd0d73d40
  0x00007effd0d6f9d4: 418b 7cec 

  0x00007effd0d6f9d8: ;   {metadata('java/lang/Long')}
  0x00007effd0d6f9d8: 0881 ff28 | 3904 000f | 8577 4000 | 0049 8d3c | ec48 8b7f | 104c 3bdf | 0f85 fe37 | 0000 438b 
  0x00007effd0d6f9f8: 6cc4 1485 | ed0f 8486 

  0x00007effd0d6fa00: ;   {oop(a 'java/lang/Class'{0x000000070ca42048} = 'generaloss/freetype/image/FTBitmap')}
  0x00007effd0d6fa00: 0100 0049 | ba48 20a4 | 0c07 0000 | 004d 8b0a | 458b 54ec 

  0x00007effd0d6fa14: ;   {metadata('java/util/HashMap')}
  0x00007effd0d6fa14: 0841 81fa | 480a 0b00 | 0f85 de3e | 0000 4d8d | 14ec 458b | 4224 4585 | c00f 8456 | 0100 0047 
  0x00007effd0d6fa34: 8b54 c40c | 4585 d20f | 862b 3500 | 0048 895c | 2418 894c | 2410 4c89 | 5c24 084b | 8d2c c44d 
  0x00007effd0d6fa54: 8bd9 4983 | e307 41ff | ca44 8954 | 2414 4983 | fb01 0f85 | 4523 0000 | 49c1 e908 | 418b c181 
  0x00007effd0d6fa74: e0ff ffff | 7f85 c00f | 8430 2300 | 0044 8bd0 | 41c1 ea10 | 4433 d044 | 8b44 2414 | 4523 c246 
  0x00007effd0d6fa94: 8b5c 8510 | 4585 db0f | 841a 1800 | 0047 8b44 | dc0c 453b | c20f 85f9 | 1600 0047 | 8b44 dc10 
  0x00007effd0d6fab4: ;   {oop(a 'java/lang/Class'{0x000000070ca42048} = 'generaloss/freetype/image/FTBitmap')}
  0x00007effd0d6fab4: 4181 f809 | 8494 e10f | 85e7 1600 | 004b 8d2c | dc8b 6d14 | 85ed 0f84 | 5e23 0000 | 458b 54ec 
  0x00007effd0d6fad4: 0849 bb00 | 0000 63ff | 7e00 004d | 03da 4d8b 

  0x00007effd0d6fae4: ;   {metadata('generaloss/freetype/FTStruct')}
  0x00007effd0d6fae4: 5338 49bb | 0812 0064 | ff7e 0000 | 4d3b d30f | 85af 3300 | 004d 8d14 | ece9 dd01 | 0000 4585 
  0x00007effd0d6fb04: c90f 8c4b | 1400 0047 | 8b4c c418 | 4585 c974 | 744f 8d04 | cc45 8b48 | 0c49 8b97 

  0x00007effd0d6fb20: ; ImmutableOopMap {r8=Oop [0]=Oop [40]=Oop }
                      ;*if_icmpne {reexecute=1 rethrow=0 return_oop=0}
                      ; - (reexecute) java.util.concurrent.ConcurrentHashMap::get@127 (line 946)
                      ; - generaloss.freetype.FTStructCache::get@7 (line 89)
                      ; - generaloss.freetype.FTStructCache::getOrCreate@10 (line 99)
                      ; - generaloss.freetype.glyph.FTBitmapGlyph::getBitmap@16 (line 41)
                      ; - dev.RenderTest::loadChar@57 (line 57)
  0x00007effd0d6fb20: 4803 0000 

  0x00007effd0d6fb24: ;   {poll}
  0x00007effd0d6fb24: 8502 453b | ca75 5141 | 8b68 1048 | 8bfd 48c1 | e703 4c8b | 4c24 2849 | 3bf9 7422 

  0x00007effd0d6fb40: ; implicit exception: dispatches to 0x00007effd0d73dcc
  0x00007effd0d6fb40: 418b 54ec 

  0x00007effd0d6fb44: ;   {metadata('java/lang/Long')}
  0x00007effd0d6fb44: 0881 fa28 | 3904 000f | 85ef 3e00 | 0049 8d3c | ec48 8b7f | 104c 3bdf | 0f85 7637 | 0000 418b 
  0x00007effd0d6fb64: 6814 85ed 

  0x00007effd0d6fb68: ;   {oop(a 'java/lang/Class'{0x000000070ca42048} = 'generaloss/freetype/image/FTBitmap')}
  0x00007effd0d6fb68: 741f 49ba | 4820 a40c | 0700 0000 | 4d8b 0ae9 | 94fe ffff | 458b 4018 | 4585 c00f | 85c7 fbff 
  0x00007effd0d6fb88: ff49 83fb | 807c 0a49 | 83fb 7f0f | 8e9c 2000 | 004d 8b8f | 0801 0000 | 4d8b d149 | 83c2 184d 
  0x00007effd0d6fba8: 3b97 1801 | 0000 0f83 | fe29 0000 | 4d89 9708 | 0100 0041 | 0f18 8200 | 0100 0049 | c701 0100 
  0x00007effd0d6fbc8: ;   {metadata('java/lang/Long')}
  0x00007effd0d6fbc8: 0000 41c7 | 4108 2839 | 0400 4589 | 610c 4d89 | 6110 4d89 | 5910 4d8b | 8708 0100 | 004d 8bd0 
  0x00007effd0d6fbe8: 4983 c218 | 4d3b 9718 | 0100 000f | 8363 2800 | 004d 8997 | 0801 0000 | 410f 1882 | 0001 0000 
  0x00007effd0d6fc08: 49c7 0001 

  0x00007effd0d6fc0c: ;   {metadata('generaloss/freetype/image/FTBitmap')}
  0x00007effd0d6fc0c: 0000 0041 | c740 0810 | 4f00 0145 | 8960 0c4d | 8960 104d | 8958 1049 | 83fb 807c | 0a49 83fb 
  0x00007effd0d6fc2c: 7f0f 8e2c | 2000 004d | 8b8f 0801 | 0000 4d8b | d149 83c2 | 184d 3b97 | 1801 0000 | 0f83 9629 
  0x00007effd0d6fc4c: 0000 4d89 | 9708 0100 | 0041 0f18 | 8200 0100 | 0049 c701 | 0100 0000 

  0x00007effd0d6fc64: ;   {metadata('java/lang/Long')}
  0x00007effd0d6fc64: 41c7 4108 | 2839 0400 | 4589 610c | 4d89 6110 | 4d89 5910 | 498b 8f08 | 0100 004c | 8bd1 4983 
  0x00007effd0d6fc84: c210 4d3b | 9718 0100 | 000f 8301 | 2800 004d | 8997 0801 | 0000 410f | 1882 0001 | 0000 48c7 
  0x00007effd0d6fca4: 0101 0000 

  0x00007effd0d6fca8: ;   {metadata('generaloss/freetype/FTStructCache$$Lambda$22+0x00007eff64005f90')}
  0x00007effd0d6fca8: 00c7 4108 | 905f 0001 | 4c89 4c24 | 084d 8bd8 | 49c1 eb03 | 498b e844 

  0x00007effd0d6fcc0: ;   {oop(a 'java/util/concurrent/ConcurrentHashMap'{0x000000070ca41f48})}
  0x00007effd0d6fcc0: 8959 0c48 | be48 1fa4 | 0c07 0000 | 0048 8b54 | 2408 6690 

  0x00007effd0d6fcd4: ;   {optimized virtual_call}
  0x00007effd0d6fcd4: c5f8 77e8 

  0x00007effd0d6fcd8: ; ImmutableOopMap {rbp=Oop [0]=Oop }
                      ;*invokeinterface compute {reexecute=0 rethrow=0 return_oop=1}
                      ; - generaloss.freetype.FTStructCache::register@38 (line 18)
                      ; - generaloss.freetype.FTStruct::<init>@14 (line 12)
                      ; - generaloss.freetype.image.FTBitmap::<init>@2 (line 11)
                      ; - generaloss.freetype.glyph.FTBitmapGlyph$$Lambda$27/0x00007eff6400c480::apply@11
                      ; - generaloss.freetype.FTStructCache::getOrCreate@28 (line 101)
                      ; - generaloss.freetype.glyph.FTBitmapGlyph::getBitmap@16 (line 41)
                      ; - dev.RenderTest::loadChar@57 (line 57)
  0x00007effd0d6fcd8: 0415 feff | 4c8b d545 

  0x00007effd0d6fce0: ;   {metadata('generaloss/freetype/image/FTBitmap')}
  0x00007effd0d6fce0: 8b5a 0841 | 81fb 104f | 0001 0f85 | 103b 0000 | 4c89 5424 | 084c 8b14 | 2449 8b72 | 1066 6690 
  0x00007effd0d6fd00: ;   {static_call}
  0x00007effd0d6fd00: c5f8 77e8 

  0x00007effd0d6fd04: ; ImmutableOopMap {[8]=Oop }
                      ;*invokestatic getMetrics {reexecute=0 rethrow=0 return_oop=0}
                      ; - generaloss.freetype.freetype.FTGlyphSlot::getMetrics@4 (line 53)
                      ; - dev.RenderTest::loadChar@64 (line 61)
  0x00007effd0d6fd04: b81b f8ff | 4c8b d848 | 85c0 0f84 | 0430 0000 | 448b d041 | 8bca 81c1 | 8000 0000 | 4963 da48 
  0x00007effd0d6fd24: 83f8 807c | 0a48 83f8 | 7f0f 8ee6 | 1d00 0049 | 8b87 0801 | 0000 4c8b | d049 83c2 | 184d 3b97 
  0x00007effd0d6fd44: 1801 0000 | 0f83 0326 | 0000 4d89 | 9708 0100 | 0041 0f18 | 8200 0100 | 0048 c700 | 0100 0000 
  0x00007effd0d6fd64: ;   {metadata('java/lang/Long')}
  0x00007effd0d6fd64: c740 0828 | 3904 0044 | 8960 0c4c | 8960 104c | 8958 104c 

  0x00007effd0d6fd78: ;   {oop(a 'java/util/concurrent/ConcurrentHashMap'{0x000000070ca41f48})}
  0x00007effd0d6fd78: 8be8 49ba | 481f a40c | 0700 0000 | 458b 4a28 | 4585 c90f | 84fb 0100 | 0043 8b6c | cc0c 4d8b 
  0x00007effd0d6fd98: d349 c1ea | 204d 33d3 | 458b d241 | 8bfa c1ef | 1041 33fa | 448b d741 | 81e2 ffff | ff7f 85ed 
  0x00007effd0d6fdb8: 0f86 5e2d | 0000 4f8d | 04cc ffcd | 4123 ea4c | 63cd 478b | 4488 1045 | 85c0 0f84 | b401 0000 
  0x00007effd0d6fdd8: 478b 4cc4 | 0c45 3bca | 0f85 2401 | 0000 438b | 6cc4 104c | 8bcd 49c1 | e103 4d3b | cd74 2241 
  0x00007effd0d6fdf8: 8b7c ec08 

  0x00007effd0d6fdfc: ;   {metadata('java/lang/Long')}
  0x00007effd0d6fdfc: 81ff 2839 | 0400 0f85 | 9c3c 0000 | 4d8d 0cec | 4d8b 4910 | 4d3b d90f | 850b 3400 | 0043 8b6c 
  0x00007effd0d6fe1c: c414 85ed | 0f84 6601 

  0x00007effd0d6fe24: ;   {oop(a 'java/lang/Class'{0x000000070ca3de28} = 'generaloss/freetype/freetype/FTGlyphMetrics')}
  0x00007effd0d6fe24: 0000 49ba | 28de a30c | 0700 0000 | 4d8b 0245 | 8b4c ec08 

  0x00007effd0d6fe38: ;   {metadata('java/util/HashMap')}
  0x00007effd0d6fe38: 4181 f948 | 0a0b 000f | 85cf 3a00 | 004d 8d14 | ec45 8b52 | 2445 85d2 | 0f84 3601 | 0000 478b 
  0x00007effd0d6fe58: 4cd4 0c45 | 85c9 0f86 | 2831 0000 | 4b8d 14d4 | 4d8b d049 | 83e2 0741 | ffc9 4983 | fa01 0f85 
  0x00007effd0d6fe78: 4d1f 0000 | 49c1 e808 | 418b c081 | e0ff ffff | 7f85 c00f | 8438 1f00 | 008b f8c1 | ef10 33f8 
  0x00007effd0d6fe98: 4423 cf46 | 8b4c 8a10 | 4585 c90f | 84e3 0000 | 0047 8b44 | cc0c 443b | c70f 8579 | 1300 0047 
  0x00007effd0d6feb8: 8b54 cc10 

  0x00007effd0d6febc: ;   {oop(a 'java/lang/Class'{0x000000070ca3de28} = 'generaloss/freetype/freetype/FTGlyphMetrics')}
  0x00007effd0d6febc: 4181 fac5 | 7b94 e10f | 8567 1300 | 004b 8d2c | cc8b 6d14 | 85ed 0f84 | b400 0000 | 458b 5cec 
  0x00007effd0d6fedc: 0849 ba00 | 0000 63ff | 7e00 004d | 03d3 4d8b 

  0x00007effd0d6feec: ;   {metadata('generaloss/freetype/FTStruct')}
  0x00007effd0d6feec: 5238 49bb | 0812 0064 | ff7e 0000 | 4d3b d30f | 85b7 2f00 | 004d 8d04 | ece9 1501 | 0000 4585 
  0x00007effd0d6ff0c: c90f 8ca6 | 1000 0047 | 8b4c c418 | 4585 c974 | 6f4f 8d04 | cc45 8b48 | 0c49 8b97 

  0x00007effd0d6ff28: ; ImmutableOopMap {r8=Oop r13=Oop [8]=Oop }
                      ;*if_icmpne {reexecute=1 rethrow=0 return_oop=0}
                      ; - (reexecute) java.util.concurrent.ConcurrentHashMap::get@127 (line 946)
                      ; - generaloss.freetype.FTStructCache::get@7 (line 89)
                      ; - generaloss.freetype.FTStructCache::getOrCreate@10 (line 99)
                      ; - generaloss.freetype.freetype.FTGlyphSlot::getMetrics@16 (line 54)
                      ; - dev.RenderTest::loadChar@64 (line 61)
  0x00007effd0d6ff28: 4803 0000 

  0x00007effd0d6ff2c: ;   {poll}
  0x00007effd0d6ff2c: 8502 453b | ca75 4c41 | 8b68 104c | 8bcd 49c1 | e103 4d3b | cd74 2241 | 8b7c ec08 

  0x00007effd0d6ff48: ;   {metadata('java/lang/Long')}
  0x00007effd0d6ff48: 81ff 2839 | 0400 0f85 | 243b 0000 | 4d8d 0cec | 4d8b 4910 | 4d3b d90f | 85a3 3300 | 0041 8b68 
  0x00007effd0d6ff68: 1485 ed74 

  0x00007effd0d6ff6c: ;   {oop(a 'java/lang/Class'{0x000000070ca3de28} = 'generaloss/freetype/freetype/FTGlyphMetrics')}
  0x00007effd0d6ff6c: 1f49 ba28 | dea3 0c07 | 0000 004d | 8b02 e9b4 | feff ff45 | 8b40 1845 | 85c0 0f85 | b4f7 ffff 
  0x00007effd0d6ff8c: 4983 fb80 | 7c0a 4983 | fb7f 0f8e | ed1c 0000 | 498b 9708 | 0100 004c | 8bd2 4983 | c218 4d3b 
  0x00007effd0d6ffac: 9718 0100 | 000f 8359 | 2600 004d | 8997 0801 | 0000 410f | 1882 0001 | 0000 48c7 | 0201 0000 
  0x00007effd0d6ffcc: ;   {metadata('java/lang/Long')}
  0x00007effd0d6ffcc: 00c7 4208 | 2839 0400 | 4489 620c | 4c89 6210 | 4c89 5a10 

  0x00007effd0d6ffe0: ;   {oop(a 'generaloss/freetype/freetype/FTGlyphSlot$$Lambda$28+0x00007eff6400c920'{0x000000070ca4e7b0})}
  0x00007effd0d6ffe0: 48be b0e7 | a40c 0700 | 0000 6690 

  0x00007effd0d6ffec: ;   {optimized virtual_call}
  0x00007effd0d6ffec: c5f8 77e8 

  0x00007effd0d6fff0: ; ImmutableOopMap {[8]=Oop }
                      ;*invokeinterface apply {reexecute=0 rethrow=0 return_oop=1}
                      ; - generaloss.freetype.FTStructCache::getOrCreate@28 (line 101)
                      ; - generaloss.freetype.freetype.FTGlyphSlot::getMetrics@16 (line 54)
                      ; - dev.RenderTest::loadChar@64 (line 61)
  0x00007effd0d6fff0: 0c70 6df8 | 4c8b c044 | 8b58 0849 | ba00 0000 | 63ff 7e00 | 004d 03d3 | 4d8b 5238 

  0x00007effd0d7000c: ;   {metadata('generaloss/freetype/FTStruct')}
  0x00007effd0d7000c: 49bb 0812 | 0064 ff7e | 0000 4d3b | d30f 8515 | 2900 0045 

  0x00007effd0d70020: ;   {metadata('generaloss/freetype/freetype/FTGlyphMetrics')}
  0x00007effd0d70020: 8b50 0841 | 81fa c0c6 | 0001 0f85 | e837 0000 | 498b 8708 | 0100 004c | 8bd0 4983 

  0x00007effd0d7003c: ;   {oop(a 'java/lang/Class'{0x00000007ffd00770} = 'java/lang/System')}
  0x00007effd0d7003c: c218 49bb | 7007 d0ff | 0700 0000 | 458b 5b74 | 4d3b 9718 | 0100 000f | 8367 2100 | 004d 8997 
  0x00007effd0d7005c: 0801 0000 | 410f 1882 | 0001 0000 | 48c7 0001 

  0x00007effd0d7006c: ;   {metadata('java/lang/StringBuilder')}
  0x00007effd0d7006c: 0000 00c7 | 4008 48f7 | 0000 4489 | 600c 4c89 | 6010 4c89 | 0424 4489 | 5c24 1048 | 8be8 488b 
  0x00007effd0d7008c: f0ba 1000 | 0000 6690 

  0x00007effd0d70094: ;   {optimized virtual_call}
  0x00007effd0d70094: c5f8 77e8 

  0x00007effd0d70098: ; ImmutableOopMap {rbp=Oop [0]=Oop [8]=Oop [16]=NarrowOop }
                      ;*invokespecial <init> {reexecute=0 rethrow=0 return_oop=0}
                      ; - java.lang.StringBuilder::<init>@3 (line 106)
                      ; - dev.RenderTest::loadChar@76 (line 63)
  0x00007effd0d70098: a457 fcff | 4c8b 1424 | 498b 7210 

  0x00007effd0d700a4: ;   {static_call}
  0x00007effd0d700a4: c5f8 77e8 

  0x00007effd0d700a8: ; ImmutableOopMap {rbp=Oop [0]=Oop [8]=Oop [16]=NarrowOop }
                      ;*invokestatic getHoriBearingX {reexecute=0 rethrow=0 return_oop=0}
                      ; - generaloss.freetype.freetype.FTGlyphMetrics::getHoriBearingX@4 (line 33)
                      ; - dev.RenderTest::loadChar@81 (line 63)
  0x00007effd0d700a8: 941b f8ff | c5f9 6ec8 | c5f8 5bc9 

  0x00007effd0d700b4: ;   {section_word}
  0x00007effd0d700b4: c5f2 5905 | e4e1 ffff | 488b f590 

  0x00007effd0d700c0: ;   {optimized virtual_call}
  0x00007effd0d700c0: c5f8 77e8 

  0x00007effd0d700c4: ; ImmutableOopMap {[0]=Oop [8]=Oop [16]=NarrowOop }
                      ;*invokevirtual append {reexecute=0 rethrow=0 return_oop=1}
                      ; - dev.RenderTest::loadChar@84 (line 63)
  0x00007effd0d700c4: d8f6 fdff | 4885 c00f | 848b 2600 | 0048 8be8 

  0x00007effd0d700d4: ;   {oop(", "{0x00000007ffe0a430})}
  0x00007effd0d700d4: 488b f048 | ba30 a4e0 | ff07 0000 | 0066 6690 

  0x00007effd0d700e4: ;   {optimized virtual_call}
  0x00007effd0d700e4: c5f8 77e8 

  0x00007effd0d700e8: ; ImmutableOopMap {rbp=Oop [0]=Oop [8]=Oop [16]=NarrowOop }
                      ;*invokespecial append {reexecute=0 rethrow=0 return_oop=1}
                      ; - java.lang.StringBuilder::append@2 (line 179)
                      ; - dev.RenderTest::loadChar@89 (line 63)
  0x00007effd0d700e8: 54b0 faff | 4c8b 1424 | 498b 7210 

  0x00007effd0d700f4: ;   {static_call}
  0x00007effd0d700f4: c5f8 77e8 

  0x00007effd0d700f8: ; ImmutableOopMap {rbp=Oop [0]=Oop [8]=Oop [16]=NarrowOop }
                      ;*invokestatic getHoriBearingY {reexecute=0 rethrow=0 return_oop=0}
                      ; - generaloss.freetype.freetype.FTGlyphMetrics::getHoriBearingY@4 (line 41)
                      ; - dev.RenderTest::loadChar@94 (line 63)
  0x00007effd0d700f8: c41e f8ff | c5f9 6ec8 | c5f8 5bc9 

  0x00007effd0d70104: ;   {section_word}
  0x00007effd0d70104: c5f2 5905 | 94e1 ffff | 488b f590 

  0x00007effd0d70110: ;   {optimized virtual_call}
  0x00007effd0d70110: c5f8 77e8 

  0x00007effd0d70114: ; ImmutableOopMap {[0]=Oop [8]=Oop [16]=NarrowOop }
                      ;*invokevirtual append {reexecute=0 rethrow=0 return_oop=1}
                      ; - dev.RenderTest::loadChar@97 (line 63)
  0x00007effd0d70114: 88f6 fdff | 4885 c00f | 844b 2600 | 0048 8be8 | 488b f090 

  0x00007effd0d70128: ;   {optimized virtual_call}
  0x00007effd0d70128: c5f8 77e8 

  0x00007effd0d7012c: ; ImmutableOopMap {rbp=Oop [0]=Oop [8]=Oop [16]=NarrowOop }
                      ;*invokevirtual isLatin1 {reexecute=0 rethrow=0 return_oop=0}
                      ; - java.lang.StringBuilder::toString@1 (line 453)
                      ; - dev.RenderTest::loadChar@100 (line 63)
  0x00007effd0d7012c: 9099 0000 | 85c0 0f84 | 102c 0000 | 8b4d 0c44 | 8b55 1449 | 8bf2 48c1 | e603 33d2 

  0x00007effd0d70148: ;   {static_call}
  0x00007effd0d70148: c5f8 77e8 

  0x00007effd0d7014c: ; ImmutableOopMap {[0]=Oop [8]=Oop [16]=NarrowOop }
                      ;*invokestatic newString {reexecute=0 rethrow=0 return_oop=1}
                      ; - java.lang.StringBuilder::toString@16 (line 453)
                      ; - dev.RenderTest::loadChar@100 (line 63)
  0x00007effd0d7014c: 50f8 fbff | 448b 5424 | 1047 8b5c 

  0x00007effd0d70158: ;   {metadata('java/io/PrintStream')}
  0x00007effd0d70158: d408 4181 | fbd8 4001 | 000f 85c9 | 3600 0049 | c1e2 0348 | 85c0 0f84 | e82b 0000 | 498b f248 
  0x00007effd0d70178: 8bd0 6690 

  0x00007effd0d7017c: ;   {optimized virtual_call}
  0x00007effd0d7017c: c5f8 77e8 

  0x00007effd0d70180: ; ImmutableOopMap {[0]=Oop [8]=Oop }
                      ;*invokevirtual writeln {reexecute=0 rethrow=0 return_oop=0}
                      ; - java.io.PrintStream::println@14 (line 1028)
                      ; - dev.RenderTest::loadChar@103 (line 63)
  0x00007effd0d70180: dcad feff 

  0x00007effd0d70184: ;   {oop(a 'java/lang/Class'{0x00000007ffd00770} = 'java/lang/System')}
  0x00007effd0d70184: 49ba 7007 | d0ff 0700 | 0000 458b | 4274 498b | 8708 0100 | 004c 8bd0 | 4983 c218 | 4d3b 9718 
  0x00007effd0d701a4: 0100 000f | 8338 2000 | 004d 8997 | 0801 0000 | 410f 1882 | 0001 0000 | 48c7 0001 

  0x00007effd0d701c0: ;   {metadata('java/lang/StringBuilder')}
  0x00007effd0d701c0: 0000 00c7 | 4008 48f7 | 0000 4489 | 600c 4c89 | 6010 4489 | 4424 1048 | 8be8 488b | f0ba 1000 
  0x00007effd0d701e0: 0000 6690 

  0x00007effd0d701e4: ;   {optimized virtual_call}
  0x00007effd0d701e4: c5f8 77e8 

  0x00007effd0d701e8: ; ImmutableOopMap {rbp=Oop [0]=Oop [8]=Oop [16]=NarrowOop }
                      ;*invokespecial <init> {reexecute=0 rethrow=0 return_oop=0}
                      ; - java.lang.StringBuilder::<init>@3 (line 106)
                      ; - dev.RenderTest::loadChar@113 (line 64)
  0x00007effd0d701e8: 5456 fcff | 4c8b 1424 | 498b 7210 

  0x00007effd0d701f4: ;   {static_call}
  0x00007effd0d701f4: c5f8 77e8 

  0x00007effd0d701f8: ; ImmutableOopMap {rbp=Oop [0]=Oop [8]=Oop [16]=NarrowOop }
                      ;*invokestatic getWidth {reexecute=0 rethrow=0 return_oop=0}
                      ; - generaloss.freetype.freetype.FTGlyphMetrics::getWidth@4 (line 17)
                      ; - dev.RenderTest::loadChar@118 (line 64)
  0x00007effd0d701f8: 4421 f8ff | c5f9 6ec8 | c5f8 5bc9 

  0x00007effd0d70204: ;   {section_word}
  0x00007effd0d70204: c5f2 5905 | 94e0 ffff | 488b f590 

  0x00007effd0d70210: ;   {optimized virtual_call}
  0x00007effd0d70210: c5f8 77e8 

  0x00007effd0d70214: ; ImmutableOopMap {[0]=Oop [8]=Oop [16]=NarrowOop }
                      ;*invokevirtual append {reexecute=0 rethrow=0 return_oop=1}
                      ; - dev.RenderTest::loadChar@121 (line 64)
  0x00007effd0d70214: 88f5 fdff | 4885 c00f | 845b 2500 | 0048 8be8 

  0x00007effd0d70224: ;   {oop(", "{0x00000007ffe0a430})}
  0x00007effd0d70224: 488b f048 | ba30 a4e0 | ff07 0000 | 0066 6690 

  0x00007effd0d70234: ;   {optimized virtual_call}
  0x00007effd0d70234: c5f8 77e8 

  0x00007effd0d70238: ; ImmutableOopMap {rbp=Oop [0]=Oop [8]=Oop [16]=NarrowOop }
                      ;*invokespecial append {reexecute=0 rethrow=0 return_oop=1}
                      ; - java.lang.StringBuilder::append@2 (line 179)
                      ; - dev.RenderTest::loadChar@126 (line 64)
  0x00007effd0d70238: 04af faff | 4c8b 1424 | 498b 7210 

  0x00007effd0d70244: ;   {static_call}
  0x00007effd0d70244: c5f8 77e8 

  0x00007effd0d70248: ; ImmutableOopMap {rbp=Oop [0]=Oop [8]=Oop [16]=NarrowOop }
                      ;*invokestatic getHeight {reexecute=0 rethrow=0 return_oop=0}
                      ; - generaloss.freetype.freetype.FTGlyphMetrics::getHeight@4 (line 25)
                      ; - dev.RenderTest::loadChar@131 (line 64)
  0x00007effd0d70248: 7424 f8ff | c5f9 6ec8 | c5f8 5bc9 

  0x00007effd0d70254: ;   {section_word}
  0x00007effd0d70254: c5f2 5905 | 44e0 ffff | 488b f590 

  0x00007effd0d70260: ;   {optimized virtual_call}
  0x00007effd0d70260: c5f8 77e8 

  0x00007effd0d70264: ; ImmutableOopMap {[0]=Oop [8]=Oop [16]=NarrowOop }
                      ;*invokevirtual append {reexecute=0 rethrow=0 return_oop=1}
                      ; - dev.RenderTest::loadChar@134 (line 64)
  0x00007effd0d70264: 38f5 fdff | 4885 c00f | 841b 2500 | 0048 8be8 

  0x00007effd0d70274: ;   {oop(", "{0x00000007ffe0a430})}
  0x00007effd0d70274: 488b f048 | ba30 a4e0 | ff07 0000 | 0066 6690 

  0x00007effd0d70284: ;   {optimized virtual_call}
  0x00007effd0d70284: c5f8 77e8 

  0x00007effd0d70288: ; ImmutableOopMap {rbp=Oop [0]=Oop [8]=Oop [16]=NarrowOop }
                      ;*invokespecial append {reexecute=0 rethrow=0 return_oop=1}
                      ; - java.lang.StringBuilder::append@2 (line 179)
                      ; - dev.RenderTest::loadChar@139 (line 64)
  0x00007effd0d70288: b4ae faff | 4c8b 1424 | 498b 7210 

  0x00007effd0d70294: ;   {static_call}
  0x00007effd0d70294: c5f8 77e8 

  0x00007effd0d70298: ; ImmutableOopMap {rbp=Oop [8]=Oop [16]=NarrowOop }
                      ;*invokestatic getHoriAdvance {reexecute=0 rethrow=0 return_oop=0}
                      ; - generaloss.freetype.freetype.FTGlyphMetrics::getHoriAdvance@4 (line 49)
                      ; - dev.RenderTest::loadChar@144 (line 64)
  0x00007effd0d70298: a427 f8ff | c5f9 6ec8 | c5f8 5bc9 

  0x00007effd0d702a4: ;   {section_word}
  0x00007effd0d702a4: c5f2 5905 | f4df ffff | 488b f590 

  0x00007effd0d702b0: ;   {optimized virtual_call}
  0x00007effd0d702b0: c5f8 77e8 

  0x00007effd0d702b4: ; ImmutableOopMap {[8]=Oop [16]=NarrowOop }
                      ;*invokevirtual append {reexecute=0 rethrow=0 return_oop=1}
                      ; - dev.RenderTest::loadChar@147 (line 64)
  0x00007effd0d702b4: e8f4 fdff | 4885 c00f | 84db 2400 | 0048 8be8 | 488b f090 

  0x00007effd0d702c8: ;   {optimized virtual_call}
  0x00007effd0d702c8: c5f8 77e8 

  0x00007effd0d702cc: ; ImmutableOopMap {rbp=Oop [8]=Oop [16]=NarrowOop }
                      ;*invokevirtual isLatin1 {reexecute=0 rethrow=0 return_oop=0}
                      ; - java.lang.StringBuilder::toString@1 (line 453)
                      ; - dev.RenderTest::loadChar@150 (line 64)
  0x00007effd0d702cc: f097 0000 | 85c0 0f84 | a02a 0000 | 8b4d 0c44 | 8b55 1449 | 8bf2 48c1 | e603 33d2 

  0x00007effd0d702e8: ;   {static_call}
  0x00007effd0d702e8: c5f8 77e8 

  0x00007effd0d702ec: ; ImmutableOopMap {[8]=Oop [16]=NarrowOop }
                      ;*invokestatic newString {reexecute=0 rethrow=0 return_oop=1}
                      ; - java.lang.StringBuilder::toString@16 (line 453)
                      ; - dev.RenderTest::loadChar@150 (line 64)
  0x00007effd0d702ec: b0f6 fbff | 448b 5424 | 1047 8b5c 

  0x00007effd0d702f8: ;   {metadata('java/io/PrintStream')}
  0x00007effd0d702f8: d408 4181 | fbd8 4001 | 000f 8551 | 3500 0049 | c1e2 0348 | 85c0 0f84 | 802a 0000 | 498b f248 
  0x00007effd0d70318: 8bd0 6690 

  0x00007effd0d7031c: ;   {optimized virtual_call}
  0x00007effd0d7031c: c5f8 77e8 

  0x00007effd0d70320: ; ImmutableOopMap {[8]=Oop }
                      ;*invokevirtual writeln {reexecute=0 rethrow=0 return_oop=0}
                      ; - java.io.PrintStream::println@14 (line 1028)
                      ; - dev.RenderTest::loadChar@153 (line 64)
  0x00007effd0d70320: 3cac feff 

  0x00007effd0d70324: ;   {oop(a 'java/lang/Class'{0x00000007ffd00770} = 'java/lang/System')}
  0x00007effd0d70324: 49ba 7007 | d0ff 0700 | 0000 418b | 6a74 498b | 8708 0100 | 004c 8bd0 | 4983 c218 | 4d3b 9718 
  0x00007effd0d70344: 0100 000f | 83bc 1e00 | 004d 8997 | 0801 0000 | 410f 1882 | 0001 0000 | 48c7 0001 

  0x00007effd0d70360: ;   {metadata('java/lang/StringBuilder')}
  0x00007effd0d70360: 0000 00c7 | 4008 48f7 | 0000 4489 | 600c 4c89 | 6010 4889 | 0424 488b | f0ba 1000 | 0000 6690 
  0x00007effd0d70380: ;   {optimized virtual_call}
  0x00007effd0d70380: c5f8 77e8 

  0x00007effd0d70384: ; ImmutableOopMap {rbp=NarrowOop [0]=Oop [8]=Oop }
                      ;*invokespecial <init> {reexecute=0 rethrow=0 return_oop=0}
                      ; - java.lang.StringBuilder::<init>@3 (line 106)
                      ; - dev.RenderTest::loadChar@163 (line 65)
  0x00007effd0d70384: b854 fcff | 4c8b 5424 | 0849 8b72 | 1066 6690 

  0x00007effd0d70394: ;   {static_call}
  0x00007effd0d70394: c5f8 77e8 

  0x00007effd0d70398: ; ImmutableOopMap {rbp=NarrowOop [0]=Oop [8]=Oop }
                      ;*invokestatic getWidth {reexecute=0 rethrow=0 return_oop=0}
                      ; - generaloss.freetype.image.FTBitmap::getWidth@4 (line 49)
                      ; - dev.RenderTest::loadChar@168 (line 65)
  0x00007effd0d70398: 24da f7ff | 488b 3424 | 488b d090 

  0x00007effd0d703a4: ;   {optimized virtual_call}
  0x00007effd0d703a4: c5f8 77e8 

  0x00007effd0d703a8: ; ImmutableOopMap {rbp=NarrowOop [8]=Oop }
                      ;*invokevirtual append {reexecute=0 rethrow=0 return_oop=1}
                      ; - dev.RenderTest::loadChar@171 (line 65)
  0x00007effd0d703a8: 3466 ffff | 4885 c00f | 84f7 2300 | 0048 8904 | 2448 8bf0 

  0x00007effd0d703bc: ;   {oop(", "{0x00000007ffe0a430})}
  0x00007effd0d703bc: 48ba 30a4 | e0ff 0700 | 0000 6690 

  0x00007effd0d703c8: ;   {optimized virtual_call}
  0x00007effd0d703c8: c5f8 77e8 

  0x00007effd0d703cc: ; ImmutableOopMap {rbp=NarrowOop [0]=Oop [8]=Oop }
                      ;*invokespecial append {reexecute=0 rethrow=0 return_oop=1}
                      ; - java.lang.StringBuilder::append@2 (line 179)
                      ; - dev.RenderTest::loadChar@176 (line 65)
  0x00007effd0d703cc: 70ad faff | 4c8b 5424 | 0849 8b72 | 1066 6690 

  0x00007effd0d703dc: ;   {static_call}
  0x00007effd0d703dc: c5f8 77e8 

  0x00007effd0d703e0: ; ImmutableOopMap {rbp=NarrowOop [0]=Oop [8]=Oop }
                      ;*invokestatic getRows {reexecute=0 rethrow=0 return_oop=0}
                      ; - generaloss.freetype.image.FTBitmap::getRows@4 (line 36)
                      ; - dev.RenderTest::loadChar@181 (line 65)
  0x00007effd0d703e0: 5cab f7ff | 488b 3424 | 488b d090 

  0x00007effd0d703ec: ;   {optimized virtual_call}
  0x00007effd0d703ec: c5f8 77e8 

  0x00007effd0d703f0: ; ImmutableOopMap {rbp=NarrowOop [8]=Oop }
                      ;*invokevirtual append {reexecute=0 rethrow=0 return_oop=1}
                      ; - dev.RenderTest::loadChar@184 (line 65)
  0x00007effd0d703f0: ec65 ffff | 4885 c00f | 84bf 2300 | 0048 8904 | 2448 8bf0 

  0x00007effd0d70404: ;   {oop(", "{0x00000007ffe0a430})}
  0x00007effd0d70404: 48ba 30a4 | e0ff 0700 | 0000 6690 

  0x00007effd0d70410: ;   {optimized virtual_call}
  0x00007effd0d70410: c5f8 77e8 

  0x00007effd0d70414: ; ImmutableOopMap {rbp=NarrowOop [0]=Oop [8]=Oop }
                      ;*invokespecial append {reexecute=0 rethrow=0 return_oop=1}
                      ; - java.lang.StringBuilder::append@2 (line 179)
                      ; - dev.RenderTest::loadChar@189 (line 65)
  0x00007effd0d70414: 28ad faff | 4c8b 5424 | 0849 8b72 | 1066 6690 

  0x00007effd0d70424: ;   {static_call}
  0x00007effd0d70424: c5f8 77e8 

  0x00007effd0d70428: ; ImmutableOopMap {rbp=NarrowOop [0]=Oop [8]=Oop }
                      ;*invokestatic getPitch {reexecute=0 rethrow=0 return_oop=0}
                      ; - generaloss.freetype.image.FTBitmap::getPitch@4 (line 62)
                      ; - dev.RenderTest::loadChar@194 (line 65)
  0x00007effd0d70428: 14dd f7ff | 488b 3424 | 8bd0 6690 

  0x00007effd0d70434: ;   {optimized virtual_call}
  0x00007effd0d70434: c5f8 77e8 

  0x00007effd0d70438: ; ImmutableOopMap {rbp=NarrowOop [0]=Oop [8]=Oop }
                      ;*invokespecial append {reexecute=0 rethrow=0 return_oop=1}
                      ; - java.lang.StringBuilder::append@2 (line 253)
                      ; - dev.RenderTest::loadChar@197 (line 65)
  0x00007effd0d70438: 2413 fdff | 488b 3424 

  0x00007effd0d70440: ;   {oop(", "{0x00000007ffe0a430})}
  0x00007effd0d70440: 48ba 30a4 | e0ff 0700 | 0000 6690 

  0x00007effd0d7044c: ;   {optimized virtual_call}
  0x00007effd0d7044c: c5f8 77e8 

  0x00007effd0d70450: ; ImmutableOopMap {rbp=NarrowOop [0]=Oop [8]=Oop }
                      ;*invokespecial append {reexecute=0 rethrow=0 return_oop=1}
                      ; - java.lang.StringBuilder::append@2 (line 179)
                      ; - dev.RenderTest::loadChar@202 (line 65)
  0x00007effd0d70450: ecac faff | 4c8b 5424 | 0849 8b72 | 1066 6690 

  0x00007effd0d70460: ;   {static_call}
  0x00007effd0d70460: c5f8 77e8 

  0x00007effd0d70464: ; ImmutableOopMap {rbp=NarrowOop [0]=Oop [8]=Oop }
                      ;*invokestatic getNumGrays {reexecute=0 rethrow=0 return_oop=0}
                      ; - generaloss.freetype.image.FTBitmap::getNumGrays@4 (line 105)
                      ; - dev.RenderTest::loadChar@207 (line 65)
  0x00007effd0d70464: 5829 f8ff | 488b 3424 | 8bd0 6690 

  0x00007effd0d70470: ;   {optimized virtual_call}
  0x00007effd0d70470: c5f8 77e8 

  0x00007effd0d70474: ; ImmutableOopMap {rbp=NarrowOop [0]=Oop [8]=Oop }
                      ;*invokespecial append {reexecute=0 rethrow=0 return_oop=1}
                      ; - java.lang.StringBuilder::append@2 (line 253)
                      ; - dev.RenderTest::loadChar@210 (line 65)
  0x00007effd0d70474: e812 fdff | 488b 3424 

  0x00007effd0d7047c: ;   {optimized virtual_call}
  0x00007effd0d7047c: c5f8 77e8 

  0x00007effd0d70480: ; ImmutableOopMap {rbp=NarrowOop [0]=Oop [8]=Oop }
                      ;*invokevirtual isLatin1 {reexecute=0 rethrow=0 return_oop=0}
                      ; - java.lang.StringBuilder::toString@1 (line 453)
                      ; - dev.RenderTest::loadChar@213 (line 65)
  0x00007effd0d70480: 3c96 0000 | 85c0 0f84 | 2429 0000 | 4c8b 1424 | 418b 4a0c | 458b 5214 | 498b f248 | c1e6 0333 
  0x00007effd0d704a0: d266 6690 

  0x00007effd0d704a4: ;   {static_call}
  0x00007effd0d704a4: c5f8 77e8 

  0x00007effd0d704a8: ; ImmutableOopMap {rbp=NarrowOop [8]=Oop }
                      ;*invokestatic newString {reexecute=0 rethrow=0 return_oop=1}
                      ; - java.lang.StringBuilder::toString@16 (line 453)
                      ; - dev.RenderTest::loadChar@213 (line 65)
  0x00007effd0d704a8: f4f4 fbff | 448b d545 | 8b5c ec08 

  0x00007effd0d704b4: ;   {metadata('java/io/PrintStream')}
  0x00007effd0d704b4: 4181 fbd8 | 4001 000f | 85db 3300 | 004d 8d14 | ec48 85c0 | 0f84 f628 | 0000 498b | f248 8bd0 
  0x00007effd0d704d4: ;   {optimized virtual_call}
  0x00007effd0d704d4: c5f8 77e8 

  0x00007effd0d704d8: ; ImmutableOopMap {[8]=Oop }
                      ;*invokevirtual writeln {reexecute=0 rethrow=0 return_oop=0}
                      ; - java.io.PrintStream::println@14 (line 1028)
                      ; - dev.RenderTest::loadChar@216 (line 65)
  0x00007effd0d704d8: 84aa feff | 4c8b 5424 | 0849 8b72 | 1066 6690 

  0x00007effd0d704e8: ;   {static_call}
  0x00007effd0d704e8: c5f8 77e8 

  0x00007effd0d704ec: ; ImmutableOopMap {[8]=Oop }
                      ;*invokestatic getRows {reexecute=0 rethrow=0 return_oop=0}
                      ; - generaloss.freetype.image.FTBitmap::getRows@4 (line 36)
                      ; - generaloss.freetype.image.FTBitmap::getBuffer@1 (line 75)
                      ; - dev.RenderTest::loadChar@221 (line 67)
  0x00007effd0d704ec: 50aa f7ff | 4885 c00f | 8428 1300 | 004c 8b54 | 2408 498b | 7210 6690 

  0x00007effd0d70504: ;   {static_call}
  0x00007effd0d70504: c5f8 77e8 

  0x00007effd0d70508: ; ImmutableOopMap {[8]=Oop }
                      ;*invokestatic getBuffer {reexecute=0 rethrow=0 return_oop=1}
                      ; - generaloss.freetype.image.FTBitmap::getBuffer@18 (line 77)
                      ; - dev.RenderTest::loadChar@221 (line 67)
  0x00007effd0d70508: 542c f8ff | 488b e84c | 8b54 2408 | 498b 7210 

  0x00007effd0d70518: ;   {static_call}
  0x00007effd0d70518: c5f8 77e8 

  0x00007effd0d7051c: ; ImmutableOopMap {rbp=Oop [8]=Oop }
                      ;*invokestatic getRows {reexecute=0 rethrow=0 return_oop=0}
                      ; - generaloss.freetype.image.FTBitmap::getRows@4 (line 36)
                      ; - dev.RenderTest::loadChar@228 (line 68)
  0x00007effd0d7051c: 20aa f7ff | 4889 4424 | 104c 8b54 | 2408 498b | 7210 6690 

  0x00007effd0d70530: ;   {static_call}
  0x00007effd0d70530: c5f8 77e8 

  0x00007effd0d70534: ; ImmutableOopMap {rbp=Oop [8]=Oop }
                      ;*invokestatic getWidth {reexecute=0 rethrow=0 return_oop=0}
                      ; - generaloss.freetype.image.FTBitmap::getWidth@4 (line 49)
                      ; - dev.RenderTest::loadChar@235 (line 69)
  0x00007effd0d70534: 88d8 f7ff | 4889 4424 | 184c 8b54 | 2408 498b | 7210 6690 

  0x00007effd0d70548: ;   {static_call}
  0x00007effd0d70548: c5f8 77e8 

  0x00007effd0d7054c: ; ImmutableOopMap {rbp=Oop }
                      ;*invokestatic getPitch {reexecute=0 rethrow=0 return_oop=0}
                      ; - generaloss.freetype.image.FTBitmap::getPitch@4 (line 62)
                      ; - dev.RenderTest::loadChar@242 (line 70)
  0x00007effd0d7054c: f0db f7ff | 8944 2420 

  0x00007effd0d70554: ;   {oop(a 'java/lang/Class'{0x00000007ffd00770} = 'java/lang/System')}
  0x00007effd0d70554: 49ba 7007 | d0ff 0700 | 0000 458b | 4274 498b | 8708 0100 | 004c 8bd0 | 4983 c218 | 4d3b 9718 
  0x00007effd0d70574: 0100 000f | 83a4 1c00 | 004d 8997 | 0801 0000 | 410f 1882 | 0001 0000 | 48c7 0001 

  0x00007effd0d70590: ;   {metadata('java/lang/StringBuilder')}
  0x00007effd0d70590: 0000 00c7 | 4008 48f7 | 0000 4489 | 600c 4c89 | 6010 4489 | 4424 2448 | 8904 2448 | 8bf0 ba10 
  0x00007effd0d705b0: 0000 0090 

  0x00007effd0d705b4: ;   {optimized virtual_call}
  0x00007effd0d705b4: c5f8 77e8 

  0x00007effd0d705b8: ; ImmutableOopMap {rbp=Oop [0]=Oop [36]=NarrowOop }
                      ;*invokespecial <init> {reexecute=0 rethrow=0 return_oop=0}
                      ; - java.lang.StringBuilder::<init>@3 (line 106)
                      ; - dev.RenderTest::loadChar@254 (line 71)
  0x00007effd0d705b8: 8452 fcff 

  0x00007effd0d705bc: ;   {oop("buffer: "{0x000000070ca4e7c0})}
  0x00007effd0d705bc: 48ba c0e7 | a40c 0700 | 0000 488b | 3424 6690 

  0x00007effd0d705cc: ;   {optimized virtual_call}
  0x00007effd0d705cc: c5f8 77e8 

  0x00007effd0d705d0: ; ImmutableOopMap {rbp=Oop [0]=Oop [36]=NarrowOop }
                      ;*invokespecial append {reexecute=0 rethrow=0 return_oop=1}
                      ; - java.lang.StringBuilder::append@2 (line 179)
                      ; - dev.RenderTest::loadChar@259 (line 71)
  0x00007effd0d705d0: 6cab faff 

  0x00007effd0d705d4: ; implicit exception: dispatches to 0x00007effd0d73b50
  0x00007effd0d705d4: 8b55 2048 | 896c 2408 | 488b 3424 

  0x00007effd0d705e0: ;   {optimized virtual_call}
  0x00007effd0d705e0: c5f8 77e8 

  0x00007effd0d705e4: ; ImmutableOopMap {rbp=Oop [0]=Oop [8]=Oop [36]=NarrowOop }
                      ;*invokespecial append {reexecute=0 rethrow=0 return_oop=1}
                      ; - java.lang.StringBuilder::append@2 (line 253)
                      ; - dev.RenderTest::loadChar@267 (line 71)
  0x00007effd0d705e4: 7811 fdff 

  0x00007effd0d705e8: ;   {oop(", rows: "{0x000000070ca4e7d8})}
  0x00007effd0d705e8: 48ba d8e7 | a40c 0700 | 0000 488b | 3424 6690 

  0x00007effd0d705f8: ;   {optimized virtual_call}
  0x00007effd0d705f8: c5f8 77e8 

  0x00007effd0d705fc: ; ImmutableOopMap {rbp=Oop [0]=Oop [8]=Oop [36]=NarrowOop }
                      ;*invokespecial append {reexecute=0 rethrow=0 return_oop=1}
                      ; - java.lang.StringBuilder::append@2 (line 179)
                      ; - dev.RenderTest::loadChar@272 (line 71)
  0x00007effd0d705fc: 40ab faff | 488b 3424 | 488b 5424 | 1066 6690 

  0x00007effd0d7060c: ;   {optimized virtual_call}
  0x00007effd0d7060c: c5f8 77e8 

  0x00007effd0d70610: ; ImmutableOopMap {rbp=Oop [8]=Oop [36]=NarrowOop }
                      ;*invokevirtual append {reexecute=0 rethrow=0 return_oop=1}
                      ; - dev.RenderTest::loadChar@277 (line 71)
  0x00007effd0d70610: cc63 ffff | 4c8b e844 | 8b40 1447 | 8b54 c40c | 0fbe 4810 | 448b 480c | 458b da41 | d3fb 418b 
  0x00007effd0d70630: f941 2bfb | 83c7 0985 | ff0f 8fbc | 0200 0085 | c90f 8599 | 2700 0041 | 8b6d 1445 | 8b54 ec0c 
  0x00007effd0d70650: 4585 c90f | 8c03 2200 | 0045 8bc1 | 4183 c009 | 453b d00f | 82f3 2100 | 004d 8d14 | ec4b 8d74 
  0x00007effd0d70670: ;   {oop([B{0x000000070ca4e7f0})}
  0x00007effd0d70670: 0a10 48bf | f0e7 a40c | 0700 0000 | 4883 c710 | ba09 0000 | 00c5 f877 | 49ba 20ed | 76d0 ff7e 
  0x00007effd0d70690: 0000 41ff | d241 8345 | 0c09 498b | f548 8b54 | 2418 6690 

  0x00007effd0d706a4: ;   {optimized virtual_call}
  0x00007effd0d706a4: c5f8 77e8 

  0x00007effd0d706a8: ; ImmutableOopMap {[8]=Oop [36]=NarrowOop }
                      ;*invokevirtual append {reexecute=0 rethrow=0 return_oop=1}
                      ; - dev.RenderTest::loadChar@287 (line 71)
  0x00007effd0d706a8: 3463 ffff | 488b d844 | 8b48 1447 | 8b54 cc0c | 0fbe 4810 | 448b 400c | 418b fad3 | ff41 8bd0 
  0x00007effd0d706c8: 2bd7 83c2 | 0985 d20f | 8f8b 0300 | 0085 c90f | 854f 2700 | 008b 6b14 

  0x00007effd0d706e0: ; implicit exception: dispatches to 0x00007effd0d73bb0
  0x00007effd0d706e0: 458b 54ec | 0c45 85c0 | 0f8c b621 | 0000 458b | d841 83c3 | 0945 3bd3 | 0f82 a621 | 0000 4d8d 
  0x00007effd0d70700: 14ec 4b8d 

  0x00007effd0d70704: ;   {oop([B{0x000000070ca4e810})}
  0x00007effd0d70704: 7402 1048 | bf10 e8a4 | 0c07 0000 | 0048 83c7 | 10ba 0900 | 0000 c5f8 | 7749 ba20 | ed76 d0ff 
  0x00007effd0d70724: 7e00 0041 | ffd2 8343 | 0c09 488b | f38b 5424 | 2066 6690 

  0x00007effd0d70738: ;   {optimized virtual_call}
  0x00007effd0d70738: c5f8 77e8 

  0x00007effd0d7073c: ; ImmutableOopMap {[8]=Oop [36]=NarrowOop }
                      ;*invokevirtual append {reexecute=0 rethrow=0 return_oop=1}
                      ; - dev.RenderTest::loadChar@297 (line 71)
  0x00007effd0d7073c: 2056 fdff | 4885 c00f | 8483 2000 | 0048 8bf0 

  0x00007effd0d7074c: ;   {optimized virtual_call}
  0x00007effd0d7074c: c5f8 77e8 

  0x00007effd0d70750: ; ImmutableOopMap {[8]=Oop [36]=NarrowOop }
                      ;*invokevirtual toString {reexecute=0 rethrow=0 return_oop=1}
                      ; - dev.RenderTest::loadChar@300 (line 71)
  0x00007effd0d70750: 6c94 fcff | 448b 5c24 | 2445 85db | 0f84 7a20 | 0000 4b8d | 34dc 488b | d066 6690 

  0x00007effd0d7076c: ;   {optimized virtual_call}
  0x00007effd0d7076c: c5f8 77e8 

  0x00007effd0d70770: ; ImmutableOopMap {[8]=Oop }
                      ;*invokevirtual println {reexecute=0 rethrow=0 return_oop=0}
                      ; - dev.RenderTest::loadChar@303 (line 71)
  0x00007effd0d70770: 4c36 ffff | 4c8b 5424 | 104d 85d2 | 0f8e 6301 | 0000 4c8b | 4c24 0845 

  0x00007effd0d70788: ;   {metadata('java/nio/DirectByteBuffer')}
  0x00007effd0d70788: 8b59 0841 | 81fb 604b | 0800 0f85 | 5421 0000 | 498b d945 | 33c0 e920 | 0100 000f | 1f80 0000 
  0x00007effd0d707a8: 0000 660f | 1f44 0000 | 036c 241c | 8bd5 ffc2 | 418b e84c | 8b14 2448 | 8b4c 2408 | 488b 5c24 
  0x00007effd0d707c8: 1044 8b44 | 2418 4489 | 4424 1848 | 895c 2410 | 4889 4c24 | 084c 8914 | 2448 8bf3 

  0x00007effd0d707e4: ;   {optimized virtual_call}
  0x00007effd0d707e4: c5f8 77e8 

  0x00007effd0d707e8: ; ImmutableOopMap {[16]=Oop [40]=Oop }
                      ;*invokevirtual get {reexecute=0 rethrow=0 return_oop=0}
                      ; - dev.RenderTest::loadChar@344 (line 76)
  0x00007effd0d707e8: 54af f7ff 

  0x00007effd0d707ec: ;   {oop(a 'java/lang/Class'{0x00000007ffd00770} = 'java/lang/System')}
  0x00007effd0d707ec: 49ba 7007 | d0ff 0700 | 0000 458b | 5a74 85c0 

  0x00007effd0d707fc: ;   {oop(" "{0x00000007ffe003b0})}
  0x00007effd0d707fc: 48ba b003 | e0ff 0700 

  0x00007effd0d70804: ;   {oop("X"{0x000000070ca4e6f0})}
  0x00007effd0d70804: 0000 49ba | f0e6 a40c | 0700 0000 | 490f 45d2 | 4585 db0f | 8463 1b00 | 004b 8d34 | dc66 6690 
  0x00007effd0d70824: ;   {optimized virtual_call}
  0x00007effd0d70824: c5f8 77e8 

  0x00007effd0d70828: ; ImmutableOopMap {[16]=Oop [40]=Oop }
                      ;*invokevirtual print {reexecute=0 rethrow=0 return_oop=0}
                      ; - dev.RenderTest::loadChar@364 (line 77)
  0x00007effd0d70828: 9428 fcff | 4d8b 9748 | 0300 0044 | 8bc5 41ff 

  0x00007effd0d70838: ; ImmutableOopMap {[16]=Oop [40]=Oop }
                      ;*goto {reexecute=1 rethrow=0 return_oop=0}
                      ; - (reexecute) dev.RenderTest::loadChar@370 (line 74)
                      ;   {poll}
  0x00007effd0d70838: c041 8502 | 4d63 d04c | 3b54 2408 | 0f8c 66ff | ffff 4c8b | 4c24 284c | 8b14 2448 | 8b4c 2408 
  0x00007effd0d70858: 488b 5c24 | 1044 8b44 

  0x00007effd0d70860: ;   {oop(a 'java/lang/Class'{0x00000007ffd00770} = 'java/lang/System')}
  0x00007effd0d70860: 2418 49bb | 7007 d0ff | 0700 0000 | 458b 5b74 | 4585 db0f | 847f 1e00 | 0044 8944 | 2410 4889 
  0x00007effd0d70880: 5c24 0848 | 894c 2418 | 4c89 1424 | 498b e94b | 8d34 dc90 

  0x00007effd0d70894: ;   {optimized virtual_call}
  0x00007effd0d70894: c5f8 77e8 

  0x00007effd0d70898: ; ImmutableOopMap {rbp=Oop [8]=Oop }
                      ;*invokevirtual newLine {reexecute=0 rethrow=0 return_oop=0}
                      ; - java.io.PrintStream::println@1 (line 890)
                      ; - dev.RenderTest::loadChar@376 (line 79)
  0x00007effd0d70898: 24dd faff | 4d8b 9f48 | 0300 0044 | 8b44 2410 

  0x00007effd0d708a8: ; ImmutableOopMap {rbp=Oop [8]=Oop }
                      ;*goto {reexecute=1 rethrow=0 return_oop=0}
                      ; - (reexecute) dev.RenderTest::loadChar@382 (line 73)
                      ;   {poll}
  0x00007effd0d708a8: 41ff c041 | 8503 4d63 | d04c 3b14 | 247d 2e4c | 8bcd 4c8b | 1424 488b | 5c24 0848 | 8b4c 2418 
  0x00007effd0d708c8: 4885 c97e | 9541 8bd0 | 0faf 5424 | 2033 ed4c | 894c 2428 | 8954 241c | e9e9 feff | ffc5 f877 
  0x00007effd0d708e8: 4883 c470 

  0x00007effd0d708ec: ;   {poll_return}
  0x00007effd0d708ec: 5d49 3ba7 | 4003 0000 | 0f87 533a | 0000 c3bb | 0200 0000 | d3e3 4103 | da41 83c1 | 0941 d3e1 
  0x00007effd0d7090c: 452b ca44 | 3bcb 458b | d944 0f4c | db45 03da | 418b dbff | cb81 fbf7 | ffff 7f0f | 832d 2b00 
  0x00007effd0d7092c: 0041 81fb | ffff ff7f | 0f84 6e2b | 0000 41d3 | fb41 d3e3 | 4181 fb00 | 0010 000f | 87a7 2600 
  0x00007effd0d7094c: 004d 63cb | 453b d341 | 8beb 410f | 4cea 443b | d50f 8279 | 2700 0044 | 3bdd 0f82 | 7027 0000 
  0x00007effd0d7096c: 4983 c117 | 498b c948 | 83e1 f841 | 81fb 0000 | 1000 0f87 | d61c 0000 | 4d8b b708 | 0100 004d 
  0x00007effd0d7098c: 8bd6 4c03 | d14d 3b97 | 1801 0000 | 0f83 bc1c | 0000 4d89 | 9708 0100 | 0041 0f18 | 8200 0100 
  0x00007effd0d709ac: 0049 c706 | 0100 0000 | 410f 1882 | 4001 0000 

  0x00007effd0d709bc: ;   {metadata({type array byte})}
  0x00007effd0d709bc: 41c7 4608 | 4868 0000 | 4589 5e0c | 410f 1882 | 8001 0000 | 498b f648 | 83c6 1049 | c1e9 0349 
  0x00007effd0d709dc: 8bde 48c1 | eb03 85ed | 0f84 1226 | 0000 4f8d | 14c4 4b8d | 7cc4 1041 | 3beb 0f8c | 6d14 0000 
  0x00007effd0d709fc: 4883 c1f0 | 48c1 e903 | 488b d1c5 | f877 49ba | c0f0 76d0 | ff7e 0000 | 41ff d241 | 807f 3800 
  0x00007effd0d70a1c: 0f85 e714 | 0000 4189 | 5d14 4d8b | d64d 8bdd | 4d33 d349 | c1ea 154d | 85d2 741a | 49c1 eb09 
  0x00007effd0d70a3c: 48bf 00f0 | c5e2 ff7e | 0000 4903 | fb80 3f04 | 0f85 c715 | 0000 410f | be4d 1045 | 8b4d 0ce9 
  0x00007effd0d70a5c: dffb ffff | ba02 0000 | 00d3 e241 | 03d2 4183 | c009 41d3 | e045 2bc2 | 443b c245 | 8bd8 440f 
  0x00007effd0d70a7c: 4cda 4503 | da41 8bfb | ffcf 81ff | f7ff ff7f | 0f83 5e2a | 0000 4181 | fbff ffff | 7f0f 84a5 
  0x00007effd0d70a9c: 2a00 0041 | d3fb 41d3 | e341 81fb | 0000 1000 | 0f87 b625 | 0000 4d63 | c345 3bd3 | 418b eb41 
  0x00007effd0d70abc: 0f4c ea44 | 3bd5 0f82 | 6426 0000 | 443b dd0f | 825b 2600 | 0049 83c0 | 1749 8bc8 | 4883 e1f8 
  0x00007effd0d70adc: 4181 fb00 | 0010 000f | 87bf 1b00 | 004d 8b97 | 0801 0000 | 498b fa48 | 03f9 493b | bf18 0100 
  0x00007effd0d70afc: 000f 83a5 | 1b00 0049 | 89bf 0801 | 0000 0f18 | 8700 0100 | 0049 c702 | 0100 0000 | 0f18 8740 
  0x00007effd0d70b1c: ;   {metadata({type array byte})}
  0x00007effd0d70b1c: 0100 0041 | c742 0848 | 6800 0045 | 895a 0c0f | 1887 8001 | 0000 498b | f248 83c6 | 1049 c1e8 
  0x00007effd0d70b3c: 034d 8bea | 49c1 ed03 | 85ed 0f84 | 2425 0000 | 4b8d 3ccc | 4b8d 7ccc | 1041 3beb | 0f8c e213 
  0x00007effd0d70b5c: 0000 498b | ea48 83c1 | f048 c1e9 | 0348 8bd1 | c5f8 7749 | bac0 f076 | d0ff 7e00 | 0041 ffd2 
  0x00007effd0d70b7c: 4c8b d541 | 807f 3800 | 0f85 5814 | 0000 4489 | 6b14 4c8b | db4d 33d3 | 49c1 ea15 | 4d85 d274 
  0x00007effd0d70b9c: 1649 c1eb | 094c 8b44 | 2438 4d03 | c341 8038 | 040f 85af | 1400 000f | be4b 1044 | 8b43 0ce9 
  0x00007effd0d70bbc: 15fb ffff | 41b8 fcff | ffff 4c8b | 1c24 448b | 5424 10e9 | 48db ffff | 49b9 00f0 | c5e2 ff7e 
  0x00007effd0d70bdc: 0000 4c8b | 5c24 0844 | 8b54 2410 | e980 ebff | ff47 8b54 

  0x00007effd0d70bf0: ;   {metadata('java/util/concurrent/ConcurrentHashMap$TreeBin')}
  0x00007effd0d70bf0: c408 4181 | fac8 4606 | 010f 8545 | 2700 004f | 8d14 c44c | 8954 2440 | 458b 5a24 | 4585 db0f 
  0x00007effd0d70c10: 8467 eaff | ff4f 8d14 | dc4c 8954 | 2458 e9bc | 0000 0044 | 8bd0 4183 | c204 4c8b | 5c24 40f0 
  0x00007effd0d70c30: 450f b153 | 1c41 0f94 | c245 0fb6 | d245 85d2 | 0f84 940b | 0000 4d8b | d345 8b52 | 2045 85d2 
  0x00007effd0d70c50: 0f84 920b | 0000 4b8d | 34d4 8b54 | 243c 488b | 4c24 4845 

  0x00007effd0d70c64: ;   {oop(a 'generaloss/freetype/types/FTError'[95] {0x000000070ca49780})}
  0x00007effd0d70c64: 33c0 48bd | 8097 a40c | 0700 0000 

  0x00007effd0d70c70: ;   {optimized virtual_call}
  0x00007effd0d70c70: c5f8 77e8 

  0x00007effd0d70c74: ; ImmutableOopMap {rbp=Oop [0]=Oop [8]=Derived_oop_rbp [32]=Oop [40]=Oop [64]=Oop }
                      ;*invokevirtual findTreeNode {reexecute=0 rethrow=0 return_oop=1}
                      ; - java.util.concurrent.ConcurrentHashMap$TreeBin::find@106 (line 2903)
                      ; - java.util.concurrent.ConcurrentHashMap::get@93 (line 944)
                      ; - generaloss.freetype.FTStructCache::unregister@7 (line 39)
                      ; - generaloss.freetype.FTStructCache::unregister@30 (line 63)
                      ; - generaloss.freetype.FTStruct::destroyPointer@1 (line 29)
                      ; - generaloss.freetype.FreeType::ftGlyphToBitmap@37 (line 692)
                      ; - generaloss.freetype.glyph.FTGlyph::toBitmap@11 (line 71)
                      ; - dev.RenderTest::loadChar@50 (line 55)
  0x00007effd0d70c74: c8f7 0000 | 4889 4424 | 5841 bafc | ffff ff4c | 8b5c 2440 | f045 0fc1 | 531c 4183 | fa06 0f84 
  0x00007effd0d70c94: 5d0b 0000 | 4c8b 5424 | 584d 85d2 | 0f85 9e00 | 0000 e9d1 | e9ff ff0f | 1f44 0000 | 4c8b 5424 
  0x00007effd0d70cb4: 5845 8b52 | 184d 8b9f | 4803 0000 

  0x00007effd0d70cc0: ;   {oop(a 'generaloss/freetype/types/FTError'[95] {0x000000070ca49780})}
  0x00007effd0d70cc0: 49b8 8097 | a40c 0700 

  0x00007effd0d70cc8: ; ImmutableOopMap {r10=NarrowOop r8=Oop [0]=Oop [8]=Derived_oop_r8 [32]=Oop [40]=Oop [64]=Oop [72]=Oop }
                      ;*goto {reexecute=1 rethrow=0 return_oop=0}
                      ; - (reexecute) java.util.concurrent.ConcurrentHashMap$TreeBin::find@186 (line 2912)
                      ; - java.util.concurrent.ConcurrentHashMap::get@93 (line 944)
                      ; - generaloss.freetype.FTStructCache::unregister@7 (line 39)
                      ; - generaloss.freetype.FTStructCache::unregister@30 (line 63)
                      ; - generaloss.freetype.FTStruct::destroyPointer@1 (line 29)
                      ; - generaloss.freetype.FreeType::ftGlyphToBitmap@37 (line 692)
                      ; - generaloss.freetype.glyph.FTGlyph::toBitmap@11 (line 71)
                      ; - dev.RenderTest::loadChar@50 (line 55)
                      ;   {poll}
  0x00007effd0d70cc8: 0000 4185 | 0345 85d2 | 0f84 a6e9 | ffff 49c1 | e203 4c89 | 5424 584c | 8b54 2440 | 418b 421c 
  0x00007effd0d70ce8: f7c0 0300 | 0000 0f84 | 2fff ffff | 4c8b 5424 | 5845 8b5a | 0c44 3b5c | 243c 75ac | 458b 5a10 
  0x00007effd0d70d08: 4d8b d349 | c1e2 034c | 8b44 2448 | 4d3b d074 | 2b45 85db | 7492 4b8d | 14dc 488b 

  0x00007effd0d70d24: ;   {oop(a 'generaloss/freetype/types/FTError'[95] {0x000000070ca49780})}
  0x00007effd0d70d24: 7424 4848 | bd80 97a4 | 0c07 0000 | 0066 6690 

  0x00007effd0d70d34: ;   {optimized virtual_call}
  0x00007effd0d70d34: c5f8 77e8 

  0x00007effd0d70d38: ; ImmutableOopMap {rbp=Oop [0]=Oop [8]=Derived_oop_rbp [32]=Oop [40]=Oop [64]=Oop [72]=Oop [88]=Oop }
                      ;*invokevirtual equals {reexecute=0 rethrow=0 return_oop=0}
                      ; - java.util.concurrent.ConcurrentHashMap$TreeBin::find@52 (line 2894)
                      ; - java.util.concurrent.ConcurrentHashMap::get@93 (line 944)
                      ; - generaloss.freetype.FTStructCache::unregister@7 (line 39)
                      ; - generaloss.freetype.FTStructCache::unregister@30 (line 63)
                      ; - generaloss.freetype.FTStruct::destroyPointer@1 (line 29)
                      ; - generaloss.freetype.FreeType::ftGlyphToBitmap@37 (line 692)
                      ; - generaloss.freetype.glyph.FTGlyph::toBitmap@11 (line 71)
                      ; - dev.RenderTest::loadChar@50 (line 55)
  0x00007effd0d70d38: 4473 a1ff | 85c0 0f84 | 6cff ffff | 4c8b 5424 | 5841 8b6a | 1485 ed0f | 854f e4ff | ffe9 22e9 
  0x00007effd0d70d58: ffff 660f | 1f44 0000 | 4f8d 14dc | 4c89 5424 | 384c 8b5c | 2428 eb33 | 478b 44d4 

  0x00007effd0d70d74: ;   {metadata('java/util/concurrent/ConcurrentHashMap$TreeBin')}
  0x00007effd0d70d74: 0841 81f8 | c846 0601 | 0f85 f625 | 0000 4f8d | 1cd4 458b | 5324 4585 | d274 6a49 | c1e2 034c 
  0x00007effd0d70d94: 8954 2438 | 41b8 fcff | ffff 4489 | 4424 504c | 895c 2428 | 418b 431c | f7c0 0300 | 0000 0f84 
  0x00007effd0d70db4: 1605 0000 | 4c8b 5424 | 3845 8b5a | 0c44 3b5c | 2420 0f84 | 8805 0000 | 4c8b 5424 | 3845 8b5a 
  0x00007effd0d70dd4: 184d 8b97 | 4803 0000 

  0x00007effd0d70ddc: ;   {oop(a 'generaloss/freetype/types/FTError'[95] {0x000000070ca49780})}
  0x00007effd0d70ddc: 49b8 8097 | a40c 0700 

  0x00007effd0d70de4: ; ImmutableOopMap {r11=NarrowOop r8=Oop [8]=Derived_oop_r8 [40]=Oop [48]=Oop }
                      ;*goto {reexecute=1 rethrow=0 return_oop=0}
                      ; - (reexecute) java.util.concurrent.ConcurrentHashMap$TreeBin::find@186 (line 2912)
                      ; - java.util.concurrent.ConcurrentHashMap::get@93 (line 944)
                      ; - generaloss.freetype.FTStructCache::get@7 (line 89)
                      ; - generaloss.freetype.FTStructCache::getOrCreate@10 (line 99)
                      ; - generaloss.freetype.freetype.FTFace::getGlyph@16 (line 180)
                      ; - dev.RenderTest::loadChar@13 (line 46)
                      ;   {poll}
  0x00007effd0d70de4: 0000 4185 | 0245 85db | 0f85 6eff | ffff 448b | 4424 50eb | 0641 b8fc | ffff ff4c | 8b1c 2444 
  0x00007effd0d70e04: 8b54 2410 | 488b 4c24 | 18e9 0ad9 | ffff 0f1f | 8000 0000 | 000f 1f80 | 0000 0000 | 49c1 e203 
  0x00007effd0d70e24: 4c89 5424 | 38eb 3147 | 8b5c d408 

  0x00007effd0d70e30: ;   {metadata('java/util/concurrent/ConcurrentHashMap$TreeBin')}
  0x00007effd0d70e30: 4181 fbc8 | 4606 010f | 8553 2500 | 0049 c1e2 | 034c 8954 | 2428 458b | 5a24 4585 | db0f 842b 
  0x00007effd0d70e50: deff ff4f | 8d14 dc4c | 8954 2438 | 4c8b 5424 | 2841 8b42 | 1cf7 c003 | 0000 000f | 844a 0500 
  0x00007effd0d70e70: 004c 8b54 | 2438 458b | 5a0c 443b | 5c24 1c0f | 84bb 0500 | 004c 8b54 | 2438 458b | 5218 4d8b 
  0x00007effd0d70e90: 9f48 0300 

  0x00007effd0d70e94: ;   {oop(a 'generaloss/freetype/types/FTError'[95] {0x000000070ca49780})}
  0x00007effd0d70e94: 0049 b880 | 97a4 0c07 

  0x00007effd0d70e9c: ; ImmutableOopMap {r10=NarrowOop r8=Oop [0]=Oop [8]=Derived_oop_r8 [40]=Oop [48]=Oop }
                      ;*goto {reexecute=1 rethrow=0 return_oop=0}
                      ; - (reexecute) java.util.concurrent.ConcurrentHashMap$TreeBin::find@186 (line 2912)
                      ; - java.util.concurrent.ConcurrentHashMap::get@93 (line 944)
                      ; - generaloss.freetype.FTStructCache::get@7 (line 89)
                      ; - generaloss.freetype.FTStructCache::getOrCreate@10 (line 99)
                      ; - generaloss.freetype.freetype.FTGlyphSlot::getGlyph@24 (line 172)
                      ; - dev.RenderTest::loadChar@28 (line 50)
                      ;   {poll}
  0x00007effd0d70e9c: 0000 0041 | 8503 4585 | d20f 8575 | ffff ffe9 | cedd ffff | 4b8d 2cdc | 4c8b 5c24 | 20eb 3247 
  0x00007effd0d70ebc: 8b44 d408 

  0x00007effd0d70ec0: ;   {metadata('java/util/concurrent/ConcurrentHashMap$TreeBin')}
  0x00007effd0d70ec0: 4181 f8c8 | 4606 010f | 85e3 2400 | 004f 8d1c | d445 8b53 | 2445 85d2 | 7451 4b8d | 2cd4 49ba 
  0x00007effd0d70ee0: 00f0 c5e2 | ff7e 0000 | 4c89 5424 | 384c 895c | 2420 418b | 431c f7c0 | 0300 0000 | 0f84 a505 
  0x00007effd0d70f00: 0000 448b | 550c 443b | 5424 140f | 8410 0600 | 0044 8b5d | 184d 8b97 

  0x00007effd0d70f18: ; ImmutableOopMap {r11=NarrowOop [0]=Oop [32]=Oop [48]=Oop }
                      ;*goto {reexecute=1 rethrow=0 return_oop=0}
                      ; - (reexecute) java.util.concurrent.ConcurrentHashMap$TreeBin::find@186 (line 2912)
                      ; - java.util.concurrent.ConcurrentHashMap::get@93 (line 944)
                      ; - generaloss.freetype.FTStructCache::get@7 (line 89)
                      ; - generaloss.freetype.FTStructCache::getOrCreate@10 (line 99)
                      ; - generaloss.freetype.glyph.FTGlyph::toBitmap@32 (line 73)
                      ; - dev.RenderTest::loadChar@50 (line 55)
  0x00007effd0d70f18: 4803 0000 

  0x00007effd0d70f1c: ;   {poll}
  0x00007effd0d70f1c: 4185 0245 | 85db 758c | 4c8b 4c24 | 38eb 0a49 | b900 f0c5 | e2ff 7e00 | 004c 8b5c | 2408 448b 
  0x00007effd0d70f3c: 5424 1048 | 8b4c 2418 | e924 e8ff | ff0f 1f80 | 0000 0000 | 4b8d 2ccc | eb26 438b 

  0x00007effd0d70f58: ;   {metadata('java/util/concurrent/ConcurrentHashMap$TreeBin')}
  0x00007effd0d70f58: 7cc4 0881 | ffc8 4606 | 010f 8575 | 2400 0049 | c1e0 0345 | 8b48 2445 | 85c9 0f84 | 11ec ffff 
  0x00007effd0d70f78: 4b8d 2ccc | 418b 401c | f7c0 0300 | 0000 0f84 | e905 0000 | 448b 4d0c | 453b ca0f | 84a1 0700 
  0x00007effd0d70f98: 0044 8b4d | 1849 8bbf 

  0x00007effd0d70fa0: ; ImmutableOopMap {r8=Oop r9=NarrowOop [0]=Oop [40]=Oop }
                      ;*goto {reexecute=1 rethrow=0 return_oop=0}
                      ; - (reexecute) java.util.concurrent.ConcurrentHashMap$TreeBin::find@186 (line 2912)
                      ; - java.util.concurrent.ConcurrentHashMap::get@93 (line 944)
                      ; - generaloss.freetype.FTStructCache::get@7 (line 89)
                      ; - generaloss.freetype.FTStructCache::getOrCreate@10 (line 99)
                      ; - generaloss.freetype.glyph.FTBitmapGlyph::getBitmap@16 (line 41)
                      ; - dev.RenderTest::loadChar@57 (line 57)
  0x00007effd0d70fa0: 4803 0000 

  0x00007effd0d70fa4: ;   {poll}
  0x00007effd0d70fa4: 8507 4585 | c975 a5e9 | d9eb ffff | 4b8d 2ccc | 4d8b e8eb | 2643 8b7c 

  0x00007effd0d70fbc: ;   {metadata('java/util/concurrent/ConcurrentHashMap$TreeBin')}
  0x00007effd0d70fbc: c408 81ff | c846 0601 | 0f85 3224 | 0000 4b8d | 3cc4 448b | 4724 4585 | c00f 84b1 | efff ff4b 
  0x00007effd0d70fdc: 8d2c c48b | 471c f7c0 | 0300 0000 | 0f84 4706 | 0000 448b | 450c 453b | c20f 84c6 | 0600 004d 
  0x00007effd0d70ffc: 8bc5 448b | 4d18 498b | 9748 0300 

  0x00007effd0d71008: ; ImmutableOopMap {r8=Oop r9=NarrowOop rdi=Oop [8]=Oop }
                      ;*goto {reexecute=1 rethrow=0 return_oop=0}
                      ; - (reexecute) java.util.concurrent.ConcurrentHashMap$TreeBin::find@186 (line 2912)
                      ; - java.util.concurrent.ConcurrentHashMap::get@93 (line 944)
                      ; - generaloss.freetype.FTStructCache::get@7 (line 89)
                      ; - generaloss.freetype.FTStructCache::getOrCreate@10 (line 99)
                      ; - generaloss.freetype.freetype.FTGlyphSlot::getMetrics@16 (line 54)
                      ; - dev.RenderTest::loadChar@64 (line 61)
                      ;   {poll}
  0x00007effd0d71008: 0085 0245 | 85c9 75a0 | e977 efff | ff41 b8fc | ffff ff4c | 8b1c 2444 | 8b54 2410 | e9f3 d6ff 
  0x00007effd0d71028: ff49 b900 | f0c5 e2ff | 7e00 004c | 8b5c 2408 | 448b 5424 | 10e9 2be7 | ffff 438b | 6ccc 1885 
  0x00007effd0d71048: ed0f 84ba | d6ff ff45 | 8bc1 478b 

  0x00007effd0d71054: ;   {metadata('java/util/HashMap$TreeNode')}
  0x00007effd0d71054: 4ccc 0841 | 81f9 2053 | 1300 0f84 | 3025 0000 | 48c1 e503 | 448b 5d0c | 453b da74 | 274d 8b9f 
  0x00007effd0d71074: 4803 0000 | 448b 4d18 

  0x00007effd0d7107c: ;   {oop(a 'generaloss/freetype/types/FTError'[95] {0x000000070ca49780})}
  0x00007effd0d7107c: 49b8 8097 | a40c 0700 

  0x00007effd0d71084: ; ImmutableOopMap {r8=Oop r9=NarrowOop [8]=Derived_oop_r8 }
                      ;*ifnonnull {reexecute=1 rethrow=0 return_oop=0}
                      ; - (reexecute) java.util.HashMap::getNode@145 (line 579)
                      ; - java.util.HashMap::get@2 (line 556)
                      ; - generaloss.freetype.FTStructCache::get@24 (line 92)
                      ; - generaloss.freetype.FTStructCache::getOrCreate@10 (line 99)
                      ; - generaloss.freetype.freetype.FTFace::getGlyph@16 (line 180)
                      ; - dev.RenderTest::loadChar@13 (line 46)
                      ;   {poll}
  0x00007effd0d71084: 0000 4185 | 0345 85c9 | 0f84 77d6 | ffff 4b8d | 2ccc ebd0 | 448b 5d10 

  0x00007effd0d7109c: ;   {oop(a 'java/lang/Class'{0x000000070ca42150} = 'generaloss/freetype/freetype/FTGlyphSlot')}
  0x00007effd0d7109c: 4181 fb2a | 8494 e10f | 842d d5ff | ffbe 45ff | ffff 4489 | 5424 0890 

  0x00007effd0d710b4: ;   {runtime_call UncommonTrapBlob}
  0x00007effd0d710b4: c5f8 77e8 

  0x00007effd0d710b8: ; ImmutableOopMap {rbp=Oop }
                      ;*ifeq {reexecute=1 rethrow=0 return_oop=0}
                      ; - (reexecute) java.util.HashMap::getNode@131 (line 577)
                      ; - java.util.HashMap::get@2 (line 556)
                      ; - generaloss.freetype.FTStructCache::get@24 (line 92)
                      ; - generaloss.freetype.FTStructCache::getOrCreate@10 (line 99)
                      ; - generaloss.freetype.freetype.FTFace::getGlyph@16 (line 180)
                      ; - dev.RenderTest::loadChar@13 (line 46)
  0x00007effd0d710b8: 44c5 a1ff | 438b 6cc4 | 1885 ed0f | 84b5 dbff | ff47 8b5c 

  0x00007effd0d710cc: ;   {metadata('java/util/HashMap$TreeNode')}
  0x00007effd0d710cc: c408 4181 | fb20 5313 | 000f 84d1 | 2400 0048 | c1e5 0344 | 8b45 0c45 | 3bc2 7427 | 4d8b 9f48 
  0x00007effd0d710ec: 0300 0044 

  0x00007effd0d710f0: ;   {oop(a 'generaloss/freetype/types/FTError'[95] {0x000000070ca49780})}
  0x00007effd0d710f0: 8b45 1849 | b980 97a4 | 0c07 0000 

  0x00007effd0d710fc: ; ImmutableOopMap {r8=NarrowOop r9=Oop [0]=Oop [8]=Derived_oop_r9 }
                      ;*ifnonnull {reexecute=1 rethrow=0 return_oop=0}
                      ; - (reexecute) java.util.HashMap::getNode@145 (line 579)
                      ; - java.util.HashMap::get@2 (line 556)
                      ; - generaloss.freetype.FTStructCache::get@24 (line 92)
                      ; - generaloss.freetype.FTStructCache::getOrCreate@10 (line 99)
                      ; - generaloss.freetype.freetype.FTGlyphSlot::getGlyph@24 (line 172)
                      ; - dev.RenderTest::loadChar@28 (line 50)
                      ;   {poll}
  0x00007effd0d710fc: 0041 8503 | 4585 c00f | 8475 dbff | ff4b 8d2c | c4eb d044 

  0x00007effd0d71110: ;   {oop(a 'java/lang/Class'{0x000000070ca4fa48} = 'generaloss/freetype/glyph/FTGlyph')}
  0x00007effd0d71110: 8b45 1041 | 81f8 499f | 94e1 0f84 | 83da ffff | be45 ffff | ff4c 8b5c | 2410 4c89 | 5c24 0844 
  0x00007effd0d71130: 8954 2410 

  0x00007effd0d71134: ;   {runtime_call UncommonTrapBlob}
  0x00007effd0d71134: c5f8 77e8 

  0x00007effd0d71138: ; ImmutableOopMap {rbp=Oop [0]=Oop }
                      ;*ifeq {reexecute=1 rethrow=0 return_oop=0}
                      ; - (reexecute) java.util.HashMap::getNode@131 (line 577)
                      ; - java.util.HashMap::get@2 (line 556)
                      ; - generaloss.freetype.FTStructCache::get@24 (line 92)
                      ; - generaloss.freetype.FTStructCache::getOrCreate@10 (line 99)
                      ; - generaloss.freetype.freetype.FTGlyphSlot::getGlyph@24 (line 172)
                      ; - dev.RenderTest::loadChar@28 (line 50)
  0x00007effd0d71138: c4c4 a1ff | 438b 6cdc | 1885 ed0f | 8410 e6ff | ff47 8b4c 

  0x00007effd0d7114c: ;   {metadata('java/util/HashMap$TreeNode')}
  0x00007effd0d7114c: dc08 4181 | f920 5313 | 000f 8475 | 2400 0048 | c1e5 0344 | 8b5d 0c45 | 3bda 741d | 4d8b 9f48 
  0x00007effd0d7116c: 0300 0044 

  0x00007effd0d71170: ; ImmutableOopMap {r9=NarrowOop [0]=Oop }
                      ;*ifnonnull {reexecute=1 rethrow=0 return_oop=0}
                      ; - (reexecute) java.util.HashMap::getNode@145 (line 579)
                      ; - java.util.HashMap::get@2 (line 556)
                      ; - generaloss.freetype.FTStructCache::get@24 (line 92)
                      ; - generaloss.freetype.FTStructCache::getOrCreate@10 (line 99)
                      ; - generaloss.freetype.glyph.FTGlyph::toBitmap@32 (line 73)
                      ; - dev.RenderTest::loadChar@50 (line 55)
                      ;   {poll}
  0x00007effd0d71170: 8b4d 1841 | 8503 4585 | c90f 84da | e5ff ff4b | 8d2c cceb | da44 8b5d 

  0x00007effd0d71188: ;   {oop(a 'java/lang/Class'{0x000000070ca3e288} = 'generaloss/freetype/glyph/FTBitmapGlyph')}
  0x00007effd0d71188: 1041 81fb | 517c 94e1 | 0f84 70e4 | ffff be45 | ffff ff44 | 8954 2410 

  0x00007effd0d711a0: ;   {runtime_call UncommonTrapBlob}
  0x00007effd0d711a0: c5f8 77e8 

  0x00007effd0d711a4: ; ImmutableOopMap {rbp=Oop [0]=Oop }
                      ;*ifeq {reexecute=1 rethrow=0 return_oop=0}
                      ; - (reexecute) java.util.HashMap::getNode@131 (line 577)
                      ; - java.util.HashMap::get@2 (line 556)
                      ; - generaloss.freetype.FTStructCache::get@24 (line 92)
                      ; - generaloss.freetype.FTStructCache::getOrCreate@10 (line 99)
                      ; - generaloss.freetype.glyph.FTGlyph::toBitmap@32 (line 73)
                      ; - dev.RenderTest::loadChar@50 (line 55)
  0x00007effd0d711a4: 58c4 a1ff | 438b 6cdc | 1885 ed75 | 134c 8b5c | 2408 8b4c | 2410 488b | 5c24 18e9 | c5e9 ffff 
  0x00007effd0d711c4: 478b 44dc 

  0x00007effd0d711c8: ;   {metadata('java/util/HashMap$TreeNode')}
  0x00007effd0d711c8: 0841 81f8 | 2053 1300 | 0f84 1224 | 0000 48c1 | e503 448b | 450c 453b | c274 2a4d | 8b87 4803 
  0x00007effd0d711e8: 0000 8b4d 

  0x00007effd0d711ec: ; ImmutableOopMap {rcx=NarrowOop [0]=Oop }
                      ;*ifnonnull {reexecute=1 rethrow=0 return_oop=0}
                      ; - (reexecute) java.util.HashMap::getNode@145 (line 579)
                      ; - java.util.HashMap::get@2 (line 556)
                      ; - generaloss.freetype.FTStructCache::get@24 (line 92)
                      ; - generaloss.freetype.FTStructCache::getOrCreate@10 (line 99)
                      ; - generaloss.freetype.glyph.FTBitmapGlyph::getBitmap@16 (line 41)
                      ; - dev.RenderTest::loadChar@57 (line 57)
                      ;   {poll}
  0x00007effd0d711ec: 1841 8500 | 85c9 7513 | 4c8b 5c24 | 088b 4c24 | 1048 8b5c | 2418 e982 | e9ff ff49 | 8d2c cceb 
  0x00007effd0d7120c: cd44 8b5d 

  0x00007effd0d71210: ;   {oop(a 'java/lang/Class'{0x000000070ca42048} = 'generaloss/freetype/image/FTBitmap')}
  0x00007effd0d71210: 1041 81fb | 0984 94e1 | 0f84 a7e8 | ffff be45 | ffff ff44 | 8954 2410 

  0x00007effd0d71228: ;   {runtime_call UncommonTrapBlob}
  0x00007effd0d71228: c5f8 77e8 

  0x00007effd0d7122c: ; ImmutableOopMap {rbp=Oop [0]=Oop }
                      ;*ifeq {reexecute=1 rethrow=0 return_oop=0}
                      ; - (reexecute) java.util.HashMap::getNode@131 (line 577)
                      ; - java.util.HashMap::get@2 (line 556)
                      ; - generaloss.freetype.FTStructCache::get@24 (line 92)
                      ; - generaloss.freetype.FTStructCache::getOrCreate@10 (line 99)
                      ; - generaloss.freetype.glyph.FTBitmapGlyph::getBitmap@16 (line 41)
                      ; - dev.RenderTest::loadChar@57 (line 57)
  0x00007effd0d7122c: d0c3 a1ff | 438b 6ccc | 1885 ed0f | 844f edff | ff47 8b54 

  0x00007effd0d71240: ;   {metadata('java/util/HashMap$TreeNode')}
  0x00007effd0d71240: cc08 4181 | fa20 5313 | 000f 84b1 | 2300 0048 | c1e5 0344 | 8b4d 0c44 | 3bcf 741b | 4d8b 8748 
  0x00007effd0d71260: 0300 008b 

  0x00007effd0d71264: ; ImmutableOopMap {rdx=NarrowOop [8]=Oop }
                      ;*ifnonnull {reexecute=1 rethrow=0 return_oop=0}
                      ; - (reexecute) java.util.HashMap::getNode@145 (line 579)
                      ; - java.util.HashMap::get@2 (line 556)
                      ; - generaloss.freetype.FTStructCache::get@24 (line 92)
                      ; - generaloss.freetype.FTStructCache::getOrCreate@10 (line 99)
                      ; - generaloss.freetype.freetype.FTGlyphSlot::getMetrics@16 (line 54)
                      ; - dev.RenderTest::loadChar@64 (line 61)
                      ;   {poll}
  0x00007effd0d71264: 5518 4185 | 0085 d20f | 841b edff | ff49 8d2c | d4eb dc44 

  0x00007effd0d71278: ;   {oop(a 'java/lang/Class'{0x000000070ca3de28} = 'generaloss/freetype/freetype/FTGlyphMetrics')}
  0x00007effd0d71278: 8b45 1041 | 81f8 c57b | 94e1 0f84 | 45ec ffff | be45 ffff | ff4c 8b54 | 2408 4c89 | 1424 4c89 
  0x00007effd0d71298: 5c24 0889 | 7c24 1090 

  0x00007effd0d712a0: ;   {runtime_call UncommonTrapBlob}
  0x00007effd0d712a0: c5f8 77e8 

  0x00007effd0d712a4: ; ImmutableOopMap {rbp=Oop [0]=Oop }
                      ;*ifeq {reexecute=1 rethrow=0 return_oop=0}
                      ; - (reexecute) java.util.HashMap::getNode@131 (line 577)
                      ; - java.util.HashMap::get@2 (line 556)
                      ; - generaloss.freetype.FTStructCache::get@24 (line 92)
                      ; - generaloss.freetype.FTStructCache::getOrCreate@10 (line 99)
                      ; - generaloss.freetype.freetype.FTGlyphSlot::getMetrics@16 (line 54)
                      ; - dev.RenderTest::loadChar@64 (line 61)
  0x00007effd0d712a4: 58c3 a1ff | 4c8b 1c24 | e94e d2ff | ff4c 8b5c | 2408 e976 | e2ff ff4c | 8b5c 2408 | 8b4c 2410 
  0x00007effd0d712c4: 488b 5c24 | 18e9 bbe8 | ffff 448b | d841 83c3 | 044c 8b54 | 2428 f045 | 0fb1 5a1c | 410f 94c3 
  0x00007effd0d712e4: 450f b6db | 4585 db0f | 8447 0500 | 0045 8b5a | 2045 85db | 0f84 8005 | 0000 4b8d | 34dc 8b54 
  0x00007effd0d71304: 2420 488b | 4c24 3045 

  0x00007effd0d7130c: ;   {oop(a 'generaloss/freetype/types/FTError'[95] {0x000000070ca49780})}
  0x00007effd0d7130c: 33c0 48bd | 8097 a40c | 0700 0000 

  0x00007effd0d71318: ;   {optimized virtual_call}
  0x00007effd0d71318: c5f8 77e8 

  0x00007effd0d7131c: ; ImmutableOopMap {rbp=Oop [8]=Derived_oop_rbp [40]=Oop }
                      ;*invokevirtual findTreeNode {reexecute=0 rethrow=0 return_oop=1}
                      ; - java.util.concurrent.ConcurrentHashMap$TreeBin::find@106 (line 2903)
                      ; - java.util.concurrent.ConcurrentHashMap::get@93 (line 944)
                      ; - generaloss.freetype.FTStructCache::get@7 (line 89)
                      ; - generaloss.freetype.FTStructCache::getOrCreate@10 (line 99)
                      ; - generaloss.freetype.freetype.FTFace::getGlyph@16 (line 180)
                      ; - dev.RenderTest::loadChar@13 (line 46)
  0x00007effd0d7131c: 20f1 0000 | 4889 4424 | 3841 bbfc | ffff ff4c | 8b54 2428 | f045 0fc1 | 5a1c 4183 | fb06 0f84 
  0x00007effd0d7133c: 4b05 0000 | 4c8b 5424 | 384d 85d2 | 754e 448b | 4424 50e9 | abfa ffff | 458b 5210 | 4d8b da49 
  0x00007effd0d7135c: c1e3 034c | 8b44 2430 | 4d3b d874 | 2f45 85d2 | 0f84 5afa | ffff 4b8d | 14d4 488b 

  0x00007effd0d71378: ;   {oop(a 'generaloss/freetype/types/FTError'[95] {0x000000070ca49780})}
  0x00007effd0d71378: 7424 3048 | bd80 97a4 | 0c07 0000 | 0066 6690 

  0x00007effd0d71388: ;   {optimized virtual_call}
  0x00007effd0d71388: c5f8 77e8 

  0x00007effd0d7138c: ; ImmutableOopMap {rbp=Oop [8]=Derived_oop_rbp [40]=Oop [48]=Oop [56]=Oop }
                      ;*invokevirtual equals {reexecute=0 rethrow=0 return_oop=0}
                      ; - java.util.concurrent.ConcurrentHashMap$TreeBin::find@52 (line 2894)
                      ; - java.util.concurrent.ConcurrentHashMap::get@93 (line 944)
                      ; - generaloss.freetype.FTStructCache::get@7 (line 89)
                      ; - generaloss.freetype.FTStructCache::getOrCreate@10 (line 99)
                      ; - generaloss.freetype.freetype.FTFace::getGlyph@16 (line 180)
                      ; - dev.RenderTest::loadChar@13 (line 46)
  0x00007effd0d7138c: f06c a1ff | 85c0 0f84 | 34fa ffff | 4c8b 5424 | 3841 8b6a | 1485 ed0f | 848a 1200 

  0x00007effd0d713a8: ;   {oop(a 'java/lang/Class'{0x000000070ca42150} = 'generaloss/freetype/freetype/FTGlyphSlot')}
  0x00007effd0d713a8: 0049 ba50 | 21a4 0c07 | 0000 004d | 8b02 e96d | d1ff ff44 | 8bd0 4183 | c204 4c8b | 5c24 28f0 
  0x00007effd0d713c8: 450f b153 | 1c41 0f94 | c245 0fb6 | d245 85d2 | 0f84 6b04 | 0000 4d8b | d345 8b52 | 2045 85d2 
  0x00007effd0d713e8: 0f84 c704 | 0000 4b8d | 34d4 8b54 | 241c 488b | 4c24 3045 

  0x00007effd0d713fc: ;   {oop(a 'generaloss/freetype/types/FTError'[95] {0x000000070ca49780})}
  0x00007effd0d713fc: 33c0 48bd | 8097 a40c | 0700 0000 

  0x00007effd0d71408: ;   {optimized virtual_call}
  0x00007effd0d71408: c5f8 77e8 

  0x00007effd0d7140c: ; ImmutableOopMap {rbp=Oop [0]=Oop [8]=Derived_oop_rbp [40]=Oop }
                      ;*invokevirtual findTreeNode {reexecute=0 rethrow=0 return_oop=1}
                      ; - java.util.concurrent.ConcurrentHashMap$TreeBin::find@106 (line 2903)
                      ; - java.util.concurrent.ConcurrentHashMap::get@93 (line 944)
                      ; - generaloss.freetype.FTStructCache::get@7 (line 89)
                      ; - generaloss.freetype.FTStructCache::getOrCreate@10 (line 99)
                      ; - generaloss.freetype.freetype.FTGlyphSlot::getGlyph@24 (line 172)
                      ; - dev.RenderTest::loadChar@28 (line 50)
  0x00007effd0d7140c: 30f0 0000 | 4889 4424 | 3841 bafc | ffff ff4c | 8b5c 2428 | f045 0fc1 | 531c 4183 | fa06 0f84 
  0x00007effd0d7142c: 9204 0000 | 4c8b 5424 | 384d 85d2 | 0f84 40d8 | ffff eb44 | 458b 5a10 | 4d8b d349 | c1e2 034c 
  0x00007effd0d7144c: 8b44 2430 | 4d3b d074 | 2f45 85db | 0f84 27fa | ffff 4b8d | 14dc 488b 

  0x00007effd0d71464: ;   {oop(a 'generaloss/freetype/types/FTError'[95] {0x000000070ca49780})}
  0x00007effd0d71464: 7424 3048 | bd80 97a4 | 0c07 0000 | 0066 6690 

  0x00007effd0d71474: ;   {optimized virtual_call}
  0x00007effd0d71474: c5f8 77e8 

  0x00007effd0d71478: ; ImmutableOopMap {rbp=Oop [0]=Oop [8]=Derived_oop_rbp [40]=Oop [48]=Oop [56]=Oop }
                      ;*invokevirtual equals {reexecute=0 rethrow=0 return_oop=0}
                      ; - java.util.concurrent.ConcurrentHashMap$TreeBin::find@52 (line 2894)
                      ; - java.util.concurrent.ConcurrentHashMap::get@93 (line 944)
                      ; - generaloss.freetype.FTStructCache::get@7 (line 89)
                      ; - generaloss.freetype.FTStructCache::getOrCreate@10 (line 99)
                      ; - generaloss.freetype.freetype.FTGlyphSlot::getGlyph@24 (line 172)
                      ; - dev.RenderTest::loadChar@28 (line 50)
  0x00007effd0d71478: 046c a1ff | 85c0 0f84 | 01fa ffff | 4c8b 5424 | 3841 8b6a | 1485 ed0f | 84e9 d7ff 

  0x00007effd0d71494: ;   {oop(a 'java/lang/Class'{0x000000070ca4fa48} = 'generaloss/freetype/glyph/FTGlyph')}
  0x00007effd0d71494: ff49 ba48 | faa4 0c07 | 0000 004d | 8b12 e94b | d6ff ff44 | 8bd8 4183 | c304 4c8b | 5424 20f0 
  0x00007effd0d714b4: 450f b15a | 1c41 0f94 | c345 0fb6 | db45 85db | 0f84 8d03 | 0000 458b | 5a20 4585 | db0f 8416 
  0x00007effd0d714d4: 0400 004b | 8d34 dc8b | 5424 1448 | 8b4c 2430 | 4533 c048 | 8b2c 2490 

  0x00007effd0d714ec: ;   {optimized virtual_call}
  0x00007effd0d714ec: c5f8 77e8 

  0x00007effd0d714f0: ; ImmutableOopMap {rbp=Oop [0]=Oop [32]=Oop }
                      ;*invokevirtual findTreeNode {reexecute=0 rethrow=0 return_oop=1}
                      ; - java.util.concurrent.ConcurrentHashMap$TreeBin::find@106 (line 2903)
                      ; - java.util.concurrent.ConcurrentHashMap::get@93 (line 944)
                      ; - generaloss.freetype.FTStructCache::get@7 (line 89)
                      ; - generaloss.freetype.FTStructCache::getOrCreate@10 (line 99)
                      ; - generaloss.freetype.glyph.FTGlyph::toBitmap@32 (line 73)
                      ; - dev.RenderTest::loadChar@50 (line 55)
  0x00007effd0d714f0: 4cef 0000 | 488b e841 | bbfc ffff | ff4c 8b54 | 2420 f045 | 0fc1 5a1c | 4183 fb06 | 0f84 e203 
  0x00007effd0d71510: 0000 4885 | ed75 414c | 8b4c 2438 | e914 faff | ff44 8b5d | 104d 8bd3 | 49c1 e203 | 4c8b 4424 
  0x00007effd0d71530: 304d 3bd0 | 7422 4585 | db0f 84d2 | f9ff ff4b | 8d14 dc48 | 8b74 2430 

  0x00007effd0d71548: ;   {optimized virtual_call}
  0x00007effd0d71548: c5f8 77e8 

  0x00007effd0d7154c: ; ImmutableOopMap {rbp=Oop [0]=Oop [32]=Oop [48]=Oop }
                      ;*invokevirtual equals {reexecute=0 rethrow=0 return_oop=0}
                      ; - java.util.concurrent.ConcurrentHashMap$TreeBin::find@52 (line 2894)
                      ; - java.util.concurrent.ConcurrentHashMap::get@93 (line 944)
                      ; - generaloss.freetype.FTStructCache::get@7 (line 89)
                      ; - generaloss.freetype.FTStructCache::getOrCreate@10 (line 99)
                      ; - generaloss.freetype.glyph.FTGlyph::toBitmap@32 (line 73)
                      ; - dev.RenderTest::loadChar@50 (line 55)
  0x00007effd0d7154c: 306b a1ff | 85c0 0f84 | b9f9 ffff | 8b6d 1485 | ed0f 84da 

  0x00007effd0d71560: ;   {oop(a 'java/lang/Class'{0x000000070ca3e288} = 'generaloss/freetype/glyph/FTBitmapGlyph')}
  0x00007effd0d71560: 1000 0049 | ba88 e2a3 | 0c07 0000 | 004d 8b02 | e9ea dfff | ff48 895c | 2418 894c | 2410 4c89 
  0x00007effd0d71580: 5c24 0844 | 8bc8 4183 | c104 f045 | 0fb1 481c | 410f 94c1 | 450f b6c9 | 4585 c90f | 84c2 0200 
  0x00007effd0d715a0: 004d 8bc8 | 458b 4020 | 4585 c00f | 8464 0300 | 004c 894c | 2420 4b8d | 34c4 418b | d248 8b4c 
  0x00007effd0d715c0: 2428 4533 | c048 8b2c | 2466 6690 

  0x00007effd0d715cc: ;   {optimized virtual_call}
  0x00007effd0d715cc: c5f8 77e8 

  0x00007effd0d715d0: ; ImmutableOopMap {rbp=Oop [0]=Oop [32]=Oop }
                      ;*invokevirtual findTreeNode {reexecute=0 rethrow=0 return_oop=1}
                      ; - java.util.concurrent.ConcurrentHashMap$TreeBin::find@106 (line 2903)
                      ; - java.util.concurrent.ConcurrentHashMap::get@93 (line 944)
                      ; - generaloss.freetype.FTStructCache::get@7 (line 89)
                      ; - generaloss.freetype.FTStructCache::getOrCreate@10 (line 99)
                      ; - generaloss.freetype.glyph.FTBitmapGlyph::getBitmap@16 (line 41)
                      ; - dev.RenderTest::loadChar@57 (line 57)
  0x00007effd0d715d0: 6cee 0000 | 488b e84c | 8b4c 2420 | 41bb fcff | ffff f045 | 0fc1 591c | 4183 fb06 | 0f84 2a03 
  0x00007effd0d715f0: 0000 4885 | ed75 134c | 8b5c 2408 | 8b4c 2410 | 488b 5c24 | 18e9 7fe5 | ffff 8b6d | 1485 ed0f 
  0x00007effd0d71610: 8432 1000 

  0x00007effd0d71614: ;   {oop(a 'java/lang/Class'{0x000000070ca42048} = 'generaloss/freetype/image/FTBitmap')}
  0x00007effd0d71614: 0049 ba48 | 20a4 0c07 | 0000 004d | 8b0a 4c8b | 5c24 088b | 4c24 1048 | 8b5c 2418 | e9db e3ff 
  0x00007effd0d71634: ff44 8bc8 | 4183 c104 | f044 0fb1 | 4f1c 410f | 94c0 450f | b6c0 4585 | c00f 841c | 0200 0044 
  0x00007effd0d71654: 8b4f 2045 | 85c9 0f84 | dd02 0000 | 4889 7c24 | 2048 895c | 2418 894c | 2410 4c89 | 1c24 4b8d 
  0x00007effd0d71674: 34cc 418b | d249 8bcd | 4533 c048 | 8b6c 2408 

  0x00007effd0d71684: ;   {optimized virtual_call}
  0x00007effd0d71684: c5f8 77e8 

  0x00007effd0d71688: ; ImmutableOopMap {rbp=Oop [8]=Oop [32]=Oop }
                      ;*invokevirtual findTreeNode {reexecute=0 rethrow=0 return_oop=1}
                      ; - java.util.concurrent.ConcurrentHashMap$TreeBin::find@106 (line 2903)
                      ; - java.util.concurrent.ConcurrentHashMap::get@93 (line 944)
                      ; - generaloss.freetype.FTStructCache::get@7 (line 89)
                      ; - generaloss.freetype.FTStructCache::getOrCreate@10 (line 99)
                      ; - generaloss.freetype.freetype.FTGlyphSlot::getMetrics@16 (line 54)
                      ; - dev.RenderTest::loadChar@64 (line 61)
  0x00007effd0d71688: b4ed 0000 | 488b e84c | 8b1c 248b | 4c24 1048 | 8b5c 2418 | 488b 7c24 | 2044 8b44 | 2450 f044 
  0x00007effd0d716a8: 0fc1 471c | 4183 f806 | 0f84 8e02 | 0000 4885 | ed0f 84cd | e8ff ffeb | 5c44 8b4d | 1049 8bd1 
  0x00007effd0d716c8: 48c1 e203 | 4d8b c549 | 3bd5 7449 | 4585 c90f | 8421 f9ff | ff48 897c | 2428 4489 | 5424 144c 
  0x00007effd0d716e8: 896c 2420 | 4889 5c24 | 1889 4c24 | 104c 891c | 244b 8d14 | cc49 8bf5 

  0x00007effd0d71700: ;   {optimized virtual_call}
  0x00007effd0d71700: c5f8 77e8 

  0x00007effd0d71704: ; ImmutableOopMap {rbp=Oop [8]=Oop [32]=Oop [40]=Oop }
                      ;*invokevirtual equals {reexecute=0 rethrow=0 return_oop=0}
                      ; - java.util.concurrent.ConcurrentHashMap$TreeBin::find@52 (line 2894)
                      ; - java.util.concurrent.ConcurrentHashMap::get@93 (line 944)
                      ; - generaloss.freetype.FTStructCache::get@7 (line 89)
                      ; - generaloss.freetype.FTStructCache::getOrCreate@10 (line 99)
                      ; - generaloss.freetype.freetype.FTGlyphSlot::getMetrics@16 (line 54)
                      ; - dev.RenderTest::loadChar@64 (line 61)
  0x00007effd0d71704: 7869 a1ff | 85c0 0f84 | 8202 0000 | 4c8b 1c24 | 8b4c 2410 | 488b 5c24 | 188b 6d14 | 85ed 0f84 
  0x00007effd0d71724: 64e8 ffff 

  0x00007effd0d71728: ;   {oop(a 'java/lang/Class'{0x000000070ca3de28} = 'generaloss/freetype/freetype/FTGlyphMetrics')}
  0x00007effd0d71728: 49ba 28de | a30c 0700 | 0000 4d8b | 02e9 f9e6 | ffff 4c89 | 4424 2044 | 8954 2414 | 4889 5c24 
  0x00007effd0d71748: 1889 4c24 | 104c 895c | 2408 448b | 5d10 4d8b | d349 c1e2 | 034c 8b44 | 2428 4d3b | d00f 849f 
  0x00007effd0d71768: feff ff45 | 85db 0f84 | 0a02 0000 | 4b8d 14dc | 488b 7424 | 2866 6690 

  0x00007effd0d71780: ;   {optimized virtual_call}
  0x00007effd0d71780: c5f8 77e8 

  0x00007effd0d71784: ; ImmutableOopMap {rbp=Oop [0]=Oop [32]=Oop [40]=Oop }
                      ;*invokevirtual equals {reexecute=0 rethrow=0 return_oop=0}
                      ; - java.util.concurrent.ConcurrentHashMap$TreeBin::find@52 (line 2894)
                      ; - java.util.concurrent.ConcurrentHashMap::get@93 (line 944)
                      ; - generaloss.freetype.FTStructCache::get@7 (line 89)
                      ; - generaloss.freetype.FTStructCache::getOrCreate@10 (line 99)
                      ; - generaloss.freetype.glyph.FTBitmapGlyph::getBitmap@16 (line 41)
                      ; - dev.RenderTest::loadChar@57 (line 57)
  0x00007effd0d71784: f868 a1ff | 85c0 0f85 | 7afe ffff | 4c8b 5c24 | 088b 4c24 | 1048 8b5c | 2418 448b | 5424 144c 
  0x00007effd0d717a4: 8b44 2420 | e9ec f7ff | ff4c 8b1c | 24e9 edce | ffff 4c8b | 5c24 08e9 | 3adf ffff | 41b8 fcff 
  0x00007effd0d717c4: ffff e951 | cfff ff49 | b900 f0c5 | e2ff 7e00 | 00e9 93df | ffff 4c8b | 5424 5849 | c1ea 03e9 
  0x00007effd0d717e4: d1f4 ffff | 4533 d24c | 8954 2458 | e988 f4ff | ff4d 8bd3 | 458b 5a28 | 4585 db0f | 8493 f4ff 
  0x00007effd0d71804: ff4b 8d34 

  0x00007effd0d71808: ;   {oop(a 'generaloss/freetype/types/FTError'[95] {0x000000070ca49780})}
  0x00007effd0d71808: dc48 bd80 | 97a4 0c07 | 0000 0090 

  0x00007effd0d71814: ;   {static_call}
  0x00007effd0d71814: c5f8 77e8 

  0x00007effd0d71818: ; ImmutableOopMap {rbp=Oop [0]=Oop [8]=Derived_oop_rbp [32]=Oop [40]=Oop [88]=Oop }
                      ;*invokestatic unpark {reexecute=0 rethrow=0 return_oop=0}
                      ; - java.util.concurrent.ConcurrentHashMap$TreeBin::find@140 (line 2908)
                      ; - java.util.concurrent.ConcurrentHashMap::get@93 (line 944)
                      ; - generaloss.freetype.FTStructCache::unregister@7 (line 39)
                      ; - generaloss.freetype.FTStructCache::unregister@30 (line 63)
                      ; - generaloss.freetype.FTStruct::destroyPointer@1 (line 29)
                      ; - generaloss.freetype.FreeType::ftGlyphToBitmap@37 (line 692)
                      ; - generaloss.freetype.glyph.FTGlyph::toBitmap@11 (line 71)
                      ; - dev.RenderTest::loadChar@50 (line 55)
  0x00007effd0d71818: 646e a1ff | e977 f4ff | ff33 f648 | 8b6c 2408 

  0x00007effd0d71828: ;   {static_call}
  0x00007effd0d71828: c5f8 77e8 

  0x00007effd0d7182c: ; ImmutableOopMap {rbp=Oop [8]=Oop }
                      ;*invokestatic allocateDirect {reexecute=0 rethrow=0 return_oop=1}
                      ; - generaloss.freetype.image.FTBitmap::getBuffer@10 (line 76)
                      ; - dev.RenderTest::loadChar@221 (line 67)
  0x00007effd0d7182c: 10c4 68f8 | 488b e8e9 | d7ec ffff | 4c8b 5424 | 384d 8bda | 49c1 eb03 | e98c f5ff | ff4c 8b54 
  0x00007effd0d7184c: 2438 49c1 | ea03 e937 | f6ff ff4c | 8bdd 49c1 | eb03 e9b2 | f6ff ff4c | 8bcd 49c1 | e903 e92e 
  0x00007effd0d7186c: f7ff ff4c | 8bcd 49c1 | e903 4d8b | c5e9 84f7 | ffff 4533 | d24c 8954 | 2438 e99a | faff ff45 
  0x00007effd0d7188c: 8b52 2845 | 85d2 0f84 | a8fa ffff | 4b8d 34d4 

  0x00007effd0d7189c: ;   {oop(a 'generaloss/freetype/types/FTError'[95] {0x000000070ca49780})}
  0x00007effd0d7189c: 48bd 8097 | a40c 0700 | 0000 6690 

  0x00007effd0d718a8: ;   {static_call}
  0x00007effd0d718a8: c5f8 77e8 

  0x00007effd0d718ac: ; ImmutableOopMap {rbp=Oop [8]=Derived_oop_rbp [56]=Oop }
                      ;*invokestatic unpark {reexecute=0 rethrow=0 return_oop=0}
                      ; - java.util.concurrent.ConcurrentHashMap$TreeBin::find@140 (line 2908)
                      ; - java.util.concurrent.ConcurrentHashMap::get@93 (line 944)
                      ; - generaloss.freetype.FTStructCache::get@7 (line 89)
                      ; - generaloss.freetype.FTStructCache::getOrCreate@10 (line 99)
                      ; - generaloss.freetype.freetype.FTFace::getGlyph@16 (line 180)
                      ; - dev.RenderTest::loadChar@13 (line 46)
  0x00007effd0d718ac: d06d a1ff | e98b faff | ff45 33d2 | 4c89 5424 | 38e9 53fb | ffff 4d8b | d345 8b5a | 2845 85db 
  0x00007effd0d718cc: 0f84 5efb | ffff 4b8d 

  0x00007effd0d718d4: ;   {oop(a 'generaloss/freetype/types/FTError'[95] {0x000000070ca49780})}
  0x00007effd0d718d4: 34dc 48bd | 8097 a40c | 0700 0000 

  0x00007effd0d718e0: ;   {static_call}
  0x00007effd0d718e0: c5f8 77e8 

  0x00007effd0d718e4: ; ImmutableOopMap {rbp=Oop [0]=Oop [8]=Derived_oop_rbp [56]=Oop }
                      ;*invokestatic unpark {reexecute=0 rethrow=0 return_oop=0}
                      ; - java.util.concurrent.ConcurrentHashMap$TreeBin::find@140 (line 2908)
                      ; - java.util.concurrent.ConcurrentHashMap::get@93 (line 944)
                      ; - generaloss.freetype.FTStructCache::get@7 (line 89)
                      ; - generaloss.freetype.FTStructCache::getOrCreate@10 (line 99)
                      ; - generaloss.freetype.freetype.FTGlyphSlot::getGlyph@24 (line 172)
                      ; - dev.RenderTest::loadChar@28 (line 50)
  0x00007effd0d718e4: 986d a1ff | e943 fbff | ff33 ede9 | 03fc ffff | 458b 5228 | 4585 d20f | 8411 fcff | ff4b 8d34 
  0x00007effd0d71904: d466 6690 

  0x00007effd0d71908: ;   {static_call}
  0x00007effd0d71908: c5f8 77e8 

  0x00007effd0d7190c: ; ImmutableOopMap {rbp=Oop [0]=Oop }
                      ;*invokestatic unpark {reexecute=0 rethrow=0 return_oop=0}
                      ; - java.util.concurrent.ConcurrentHashMap$TreeBin::find@140 (line 2908)
                      ; - java.util.concurrent.ConcurrentHashMap::get@93 (line 944)
                      ; - generaloss.freetype.FTStructCache::get@7 (line 89)
                      ; - generaloss.freetype.FTStructCache::getOrCreate@10 (line 99)
                      ; - generaloss.freetype.glyph.FTGlyph::toBitmap@32 (line 73)
                      ; - dev.RenderTest::loadChar@50 (line 55)
  0x00007effd0d7190c: 706d a1ff | e9fd fbff | ff33 ede9 | c0fc ffff | 458b 5128 | 4585 d20f | 84c9 fcff | ff4b 8d34 
  0x00007effd0d7192c: d466 6690 

  0x00007effd0d71930: ;   {static_call}
  0x00007effd0d71930: c5f8 77e8 

  0x00007effd0d71934: ; ImmutableOopMap {rbp=Oop [0]=Oop }
                      ;*invokestatic unpark {reexecute=0 rethrow=0 return_oop=0}
                      ; - java.util.concurrent.ConcurrentHashMap$TreeBin::find@140 (line 2908)
                      ; - java.util.concurrent.ConcurrentHashMap::get@93 (line 944)
                      ; - generaloss.freetype.FTStructCache::get@7 (line 89)
                      ; - generaloss.freetype.FTStructCache::getOrCreate@10 (line 99)
                      ; - generaloss.freetype.glyph.FTBitmapGlyph::getBitmap@16 (line 41)
                      ; - dev.RenderTest::loadChar@57 (line 57)
  0x00007effd0d71934: 486d a1ff | e9b5 fcff | ff33 ede9 | 5dfd ffff | 448b 5728 | 4585 d20f | 8465 fdff | ff48 895c 
  0x00007effd0d71954: 2418 894c | 2410 4c89 | 1c24 4b8d | 34d4 6690 

  0x00007effd0d71964: ;   {static_call}
  0x00007effd0d71964: c5f8 77e8 

  0x00007effd0d71968: ; ImmutableOopMap {rbp=Oop [8]=Oop }
                      ;*invokestatic unpark {reexecute=0 rethrow=0 return_oop=0}
                      ; - java.util.concurrent.ConcurrentHashMap$TreeBin::find@140 (line 2908)
                      ; - java.util.concurrent.ConcurrentHashMap::get@93 (line 944)
                      ; - generaloss.freetype.FTStructCache::get@7 (line 89)
                      ; - generaloss.freetype.FTStructCache::getOrCreate@10 (line 99)
                      ; - generaloss.freetype.freetype.FTGlyphSlot::getMetrics@16 (line 54)
                      ; - dev.RenderTest::loadChar@64 (line 61)
  0x00007effd0d71968: 146d a1ff | 4c8b 1c24 | 8b4c 2410 | 488b 5c24 | 18e9 38fd | ffff 4c8b | 5c24 0844 | 8b54 2414 
  0x00007effd0d71988: 4c8b 4424 | 20e9 07f6 | ffff 4c8b | 1c24 8b4c | 2410 488b | 5c24 184c | 8b44 2420 | 448b 5424 
  0x00007effd0d719a8: 1448 8b7c | 2428 e94b | f6ff ff41 | 81fa 0001 | 0000 0f83 | 641c 0000 

  0x00007effd0d719c0: ;   {oop(a 'java/lang/Long'[256] {0x00000007ffe71b38})}
  0x00007effd0d719c0: 49b8 381b | e7ff 0700 | 0000 458b | 8c88 1002 | 0000 4f8d | 04cc 4c89 | 4424 30e9 | 61ca ffff 
  0x00007effd0d719e0: 4181 fb00 | 0100 000f | 834b 1c00 | 004c 8954 | 2420 4489 | 5c24 184c | 8944 2410 

  0x00007effd0d719fc: ;   {oop(a 'java/lang/Long'[256] {0x00000007ffe71b38})}
  0x00007effd0d719fc: 49ba 381b | e7ff 0700 | 0000 4c8b | 5c24 2047 | 8b9c 9a10 | 0200 004f | 8d14 dc4c | 8954 2430 
  0x00007effd0d71a1c: e906 d0ff | ff44 8bd8 | 418b eb81 | c580 0000 | 0081 fd00 | 0100 000f | 831b 1c00 | 004d 63d3 
  0x00007effd0d71a3c: ;   {oop(a 'java/lang/Long'[256] {0x00000007ffe71b38})}
  0x00007effd0d71a3c: 49bb 381b | e7ff 0700 | 0000 478b | 9493 1002 | 0000 49c1 | e203 4c89 | 5424 20e9 | 82d4 ffff 
  0x00007effd0d71a5c: 4181 f800 | 0100 000f | 8303 1c00 

  0x00007effd0d71a68: ;   {oop(a 'java/lang/Long'[256] {0x00000007ffe71b38})}
  0x00007effd0d71a68: 0049 ba38 | 1be7 ff07 | 0000 004c | 8b5c 2410 | 478b 9c9a | 1002 0000 | 4f8d 14dc | 4c89 5424 
  0x00007effd0d71a88: 48e9 dfd5 | ffff 448b | 5c24 3841 | 81fb 0001 | 0000 0f83 | e41b 0000 

  0x00007effd0d71aa0: ;   {oop(a 'java/lang/Long'[256] {0x00000007ffe71b38})}
  0x00007effd0d71aa0: 49ba 381b | e7ff 0700 | 0000 4c8b | 5c24 1047 | 8b9c 9a10 | 0200 004b | 8d14 dce9 | 71d8 ffff 
  0x00007effd0d71ac0: 4181 fa00 | 0100 000f | 83d3 1b00 

  0x00007effd0d71acc: ;   {oop(a 'java/lang/Long'[256] {0x00000007ffe71b38})}
  0x00007effd0d71acc: 0049 b838 | 1be7 ff07 | 0000 0045 | 8b8c 8810 | 0200 004f | 8d04 cc4c | 8944 2430 | e984 d9ff 
  0x00007effd0d71aec: ff81 f900 | 0100 000f | 83c3 1b00 

  0x00007effd0d71af8: ;   {oop(a 'java/lang/Long'[256] {0x00000007ffe71b38})}
  0x00007effd0d71af8: 0049 ba38 | 1be7 ff07 | 0000 0045 | 8b84 9a10 | 0200 004f | 8d14 c44c | 8954 2428 | e93b deff 
  0x00007effd0d71b18: ff81 f900 | 0100 000f | 83b3 1b00 

  0x00007effd0d71b24: ;   {oop(a 'java/lang/Long'[256] {0x00000007ffe71b38})}
  0x00007effd0d71b24: 0049 ba38 | 1be7 ff07 | 0000 0045 | 8b84 9a10 | 0200 004f | 8d14 c44d | 8bea e937 | e2ff ff41 
  0x00007effd0d71b44: 81fa 0001 | 0000 0f83 | a41b 0000 

  0x00007effd0d71b50: ;   {oop(a 'java/lang/Long'[256] {0x00000007ffe71b38})}
  0x00007effd0d71b50: 49ba 381b | e7ff 0700 | 0000 458b | 948a 1002 | 0000 49c1 | e203 498b | d244 8944 | 2450 e902 
  0x00007effd0d71b70: ccff ff44 | 8b5c 2418 | 4181 fb00 | 0100 000f | 837f 1b00 

  0x00007effd0d71b84: ;   {oop(a 'java/lang/Long'[256] {0x00000007ffe71b38})}
  0x00007effd0d71b84: 0049 ba38 | 1be7 ff07 | 0000 004c | 8b5c 2420 | 478b 9c9a | 1002 0000 | 4f8d 14dc | 4d8b dae9 
  0x00007effd0d71ba4: 35d1 ffff | 448b 5424 | 1841 81fa | 0001 0000 | 0f83 5e1b 

  0x00007effd0d71bb8: ;   {oop(a 'java/lang/Long'[256] {0x00000007ffe71b38})}
  0x00007effd0d71bb8: 0000 49ba | 381b e7ff | 0700 0000 | 4c8b 5c24 | 2047 8b94 | 9a10 0200 | 0049 c1e2 | 034c 8954 
  0x00007effd0d71bd8: 2418 e9ac | d1ff ff41 | 81fa 0001 | 0000 0f83 | 441b 0000 

  0x00007effd0d71bec: ;   {oop(a 'java/lang/Long'[256] {0x00000007ffe71b38})}
  0x00007effd0d71bec: 49b8 381b | e7ff 0700 | 0000 458b | 8488 1002 | 0000 49c1 | e003 498b | d8e9 b7db | ffff 4181 
  0x00007effd0d71c0c: fa00 0100 | 000f 8331 

  0x00007effd0d71c14: ;   {oop(a 'java/lang/Long'[256] {0x00000007ffe71b38})}
  0x00007effd0d71c14: 1b00 0049 | ba38 1be7 | ff07 0000 | 0045 8b9c | 8a10 0200 | 004f 8d14 | dc4d 8bc2 | e926 dcff 
  0x00007effd0d71c34: ff81 f900 | 0100 000f | 831b 1b00 

  0x00007effd0d71c40: ;   {oop(a 'java/lang/Long'[256] {0x00000007ffe71b38})}
  0x00007effd0d71c40: 0049 ba38 | 1be7 ff07 | 0000 0045 | 8b94 9a10 | 0200 0049 | c1e2 034d | 8bca e97f | dfff ff81 
  0x00007effd0d71c60: f900 0100 | 000f 8305 

  0x00007effd0d71c68: ;   {oop(a 'java/lang/Long'[256] {0x00000007ffe71b38})}
  0x00007effd0d71c68: 1b00 0049 | ba38 1be7 | ff07 0000 | 0045 8b9c | 9a10 0200 | 004f 8d14 | dc4d 8bca | e9ef dfff 
  0x00007effd0d71c88: ff81 f900 | 0100 000f | 83f7 1a00 

  0x00007effd0d71c94: ;   {oop(a 'java/lang/Long'[256] {0x00000007ffe71b38})}
  0x00007effd0d71c94: 0049 ba38 | 1be7 ff07 | 0000 0045 | 8b9c 9a10 | 0200 004f | 8d14 dc49 | 8bd2 e92d 

  0x00007effd0d71cb0: ;   {oop(a 'java/lang/Class'{0x000000070ca4fa48} = 'generaloss/freetype/glyph/FTGlyph')}
  0x00007effd0d71cb0: e3ff ff48 | be48 faa4 | 0c07 0000 

  0x00007effd0d71cbc: ;   {oop(a 'generaloss/freetype/types/FTError'[95] {0x000000070ca49780})}
  0x00007effd0d71cbc: 0048 bd80 | 97a4 0c07 | 0000 0090 

  0x00007effd0d71cc8: ;   {optimized virtual_call}
  0x00007effd0d71cc8: c5f8 77e8 

  0x00007effd0d71ccc: ; ImmutableOopMap {rbp=Oop [0]=Oop [8]=Derived_oop_rbp [32]=Oop [40]=Oop [64]=Oop }
                      ;*invokevirtual hashCode {reexecute=0 rethrow=0 return_oop=0}
                      ; - java.util.HashMap::hash@9 (line 338)
                      ; - java.util.HashMap::remove@2 (line 797)
                      ; - generaloss.freetype.FTStructCache::unregister@23 (line 43)
                      ; - generaloss.freetype.FTStructCache::unregister@30 (line 63)
                      ; - generaloss.freetype.FTStruct::destroyPointer@1 (line 29)
                      ; - generaloss.freetype.FreeType::ftGlyphToBitmap@37 (line 692)
                      ; - generaloss.freetype.glyph.FTGlyph::toBitmap@11 (line 71)
                      ; - dev.RenderTest::loadChar@50 (line 55)
  0x00007effd0d71ccc: b063 a1ff | e91d d5ff | ff44 8b13 | 4585 d20f | 8496 d5ff | ff4d 8b5f | 2049 8bfa | 48c1 e703 
  0x00007effd0d71cec: 4d85 db0f | 84af 0d00 | 004d 8b57 | 304b 897c | 1af8 4983 | c3f8 4d89 | 5f20 e96c | d5ff ff4d 
  0x00007effd0d71d0c: 8b57 404d | 8b5f 50f0 | 8344 24c0 | 0080 3f00 | 0f84 8bd5 | ffff 4488 | 274d 85d2 | 7518 498b 
  0x00007effd0d71d2c: f7c5 f877 | 49ba d077 | 7ae8 ff7e | 0000 41ff | d2e9 6bd5 | ffff 4b89 | 7c13 f849 | 83c2 f84d 
  0x00007effd0d71d4c: 8957 40e9 | 59d5 ffff 

  0x00007effd0d71d54: ;   {oop(a 'java/lang/Class'{0x000000070ca42150} = 'generaloss/freetype/freetype/FTGlyphSlot')}
  0x00007effd0d71d54: 48be 5021 | a40c 0700 

  0x00007effd0d71d5c: ;   {oop(a 'generaloss/freetype/types/FTError'[95] {0x000000070ca49780})}
  0x00007effd0d71d5c: 0000 48bd | 8097 a40c | 0700 0000 

  0x00007effd0d71d68: ;   {optimized virtual_call}
  0x00007effd0d71d68: c5f8 77e8 

  0x00007effd0d71d6c: ; ImmutableOopMap {rbp=Oop [8]=Derived_oop_rbp [32]=Oop }
                      ;*invokevirtual hashCode {reexecute=0 rethrow=0 return_oop=0}
                      ; - java.util.HashMap::hash@9 (line 338)
                      ; - java.util.HashMap::getNode@23 (line 568)
                      ; - java.util.HashMap::get@2 (line 556)
                      ; - generaloss.freetype.FTStructCache::get@24 (line 92)
                      ; - generaloss.freetype.FTStructCache::getOrCreate@10 (line 99)
                      ; - generaloss.freetype.freetype.FTFace::getGlyph@16 (line 180)
                      ; - dev.RenderTest::loadChar@13 (line 46)
  0x00007effd0d71d6c: 1063 a1ff | e918 c8ff 

  0x00007effd0d71d74: ;   {oop(a 'java/lang/Class'{0x000000070ca4fa48} = 'generaloss/freetype/glyph/FTGlyph')}
  0x00007effd0d71d74: ff48 be48 | faa4 0c07 

  0x00007effd0d71d7c: ;   {oop(a 'generaloss/freetype/types/FTError'[95] {0x000000070ca49780})}
  0x00007effd0d71d7c: 0000 0048 | bd80 97a4 | 0c07 0000 | 0066 6690 

  0x00007effd0d71d8c: ;   {optimized virtual_call}
  0x00007effd0d71d8c: c5f8 77e8 

  0x00007effd0d71d90: ; ImmutableOopMap {rbp=Oop [0]=Oop [8]=Derived_oop_rbp [40]=Oop }
                      ;*invokevirtual hashCode {reexecute=0 rethrow=0 return_oop=0}
                      ; - java.util.HashMap::hash@9 (line 338)
                      ; - java.util.HashMap::getNode@23 (line 568)
                      ; - java.util.HashMap::get@2 (line 556)
                      ; - generaloss.freetype.FTStructCache::get@24 (line 92)
                      ; - generaloss.freetype.FTStructCache::getOrCreate@10 (line 99)
                      ; - generaloss.freetype.freetype.FTGlyphSlot::getGlyph@24 (line 172)
                      ; - dev.RenderTest::loadChar@28 (line 50)
  0x00007effd0d71d90: ec62 a1ff | e9c1 cdff 

  0x00007effd0d71d98: ;   {oop(a 'java/lang/Class'{0x000000070ca3e288} = 'generaloss/freetype/glyph/FTBitmapGlyph')}
  0x00007effd0d71d98: ff48 be88 | e2a3 0c07 | 0000 0090 

  0x00007effd0d71da4: ;   {optimized virtual_call}
  0x00007effd0d71da4: c5f8 77e8 

  0x00007effd0d71da8: ; ImmutableOopMap {rbp=Oop [0]=Oop }
                      ;*invokevirtual hashCode {reexecute=0 rethrow=0 return_oop=0}
                      ; - java.util.HashMap::hash@9 (line 338)
                      ; - java.util.HashMap::getNode@23 (line 568)
                      ; - java.util.HashMap::get@2 (line 556)
                      ; - generaloss.freetype.FTStructCache::get@24 (line 92)
                      ; - generaloss.freetype.FTStructCache::getOrCreate@10 (line 99)
                      ; - generaloss.freetype.glyph.FTGlyph::toBitmap@32 (line 73)
                      ; - dev.RenderTest::loadChar@50 (line 55)
  0x00007effd0d71da8: d462 a1ff | e911 d8ff 

  0x00007effd0d71db0: ;   {oop(a 'java/lang/Class'{0x000000070ca42048} = 'generaloss/freetype/image/FTBitmap')}
  0x00007effd0d71db0: ff48 be48 | 20a4 0c07 | 0000 0090 

  0x00007effd0d71dbc: ;   {optimized virtual_call}
  0x00007effd0d71dbc: c5f8 77e8 

  0x00007effd0d71dc0: ; ImmutableOopMap {rbp=Oop [0]=Oop }
                      ;*invokevirtual hashCode {reexecute=0 rethrow=0 return_oop=0}
                      ; - java.util.HashMap::hash@9 (line 338)
                      ; - java.util.HashMap::getNode@23 (line 568)
                      ; - java.util.HashMap::get@2 (line 556)
                      ; - generaloss.freetype.FTStructCache::get@24 (line 92)
                      ; - generaloss.freetype.FTStructCache::getOrCreate@10 (line 99)
                      ; - generaloss.freetype.glyph.FTBitmapGlyph::getBitmap@16 (line 41)
                      ; - dev.RenderTest::loadChar@57 (line 57)
  0x00007effd0d71dc0: bc62 a1ff | e9b8 dcff | ff48 8954 | 2418 4489 | 4c24 0448 | 895c 2410 | 890c 2449 

  0x00007effd0d71ddc: ;   {oop(a 'java/lang/Class'{0x000000070ca3de28} = 'generaloss/freetype/freetype/FTGlyphMetrics')}
  0x00007effd0d71ddc: 8beb 48be | 28de a30c | 0700 0000 

  0x00007effd0d71de8: ;   {optimized virtual_call}
  0x00007effd0d71de8: c5f8 77e8 

  0x00007effd0d71dec: ; ImmutableOopMap {[8]=Oop [24]=Oop }
                      ;*invokevirtual hashCode {reexecute=0 rethrow=0 return_oop=0}
                      ; - java.util.HashMap::hash@9 (line 338)
                      ; - java.util.HashMap::getNode@23 (line 568)
                      ; - java.util.HashMap::get@2 (line 556)
                      ; - generaloss.freetype.FTStructCache::get@24 (line 92)
                      ; - generaloss.freetype.FTStructCache::getOrCreate@10 (line 99)
                      ; - generaloss.freetype.freetype.FTGlyphSlot::getMetrics@16 (line 54)
                      ; - dev.RenderTest::loadChar@64 (line 61)
  0x00007effd0d71dec: 9062 a1ff | 4c8b dd8b | 0c24 488b | 5c24 1044 | 8b4c 2404 | 488b 5424 | 18e9 87e0 | ffff 41b8 
  0x00007effd0d71e0c: fcff ffff | 448b 5424 | 10e9 02c9 | ffff 49b9 | 00f0 c5e2 | ff7e 0000 | 448b 5424 | 10e9 3fd9 
  0x00007effd0d71e2c: ffff 4c8b | 5c24 088b | 4c24 1048 | 8b5c 2418 | e948 ddff | ff44 8b54 | 2410 488b | 4c24 1844 
  0x00007effd0d71e4c: 8b44 2450 | e9c7 c8ff | ff4c 8b4c | 2438 448b | 5424 1048 | 8b4c 2418 | e904 d9ff | ffc4 e1f9 
  0x00007effd0d71e6c: 6ec7 4863 | d54c 8bda | 4983 c310 | 4d8b c349 | 83e0 f849 | 8bfe 4903 | f849 c1eb | 034d 8bd1 
  0x00007effd0d71e8c: 4d2b d349 | 8bca 4833 | c048 83f9 | 087f 1048 | ffc9 784f | 4889 04cf | 48ff c97d | f7eb 44c5 
  0x00007effd0d71eac: f5ef c9e9 | 0d00 0000 | c5fe 7f0f | c5fe 7f4f | 2048 83c7 | 4048 83e9 | 087d ed48 | 83c1 047c 
  0x00007effd0d71ecc: 0cc5 fe7f | 0f48 83c7 | 2048 83e9 | 0448 83c1 | 047e 1048 | ffc9 c5f9 | d60f 4883 | c708 48ff 
  0x00007effd0d71eec: c97d f3c4 | e1f9 7ec7 | c5f8 7749 | ba60 ec76 | d0ff 7e00 | 0041 ffd2 | e90e ebff | ff45 8b5d 
  0x00007effd0d71f0c: 1445 85db | 0f84 0ceb | ffff 4d8b | 5720 498b | fb48 c1e7 | 034d 85d2 | 0f84 fa14 | 0000 4d8b 
  0x00007effd0d71f2c: 5f30 4b89 | 7c13 f849 | 83c2 f84d | 8957 20e9 | e2ea ffff | 4c8b cf4d | 8bf2 4d8b | d048 63d5 
  0x00007effd0d71f4c: 4c8b c249 | 83c0 1049 | 8bc8 4883 | e1f8 498b | fe48 03f9 | 49c1 e803 | 4d2b d049 | 8bca 4833 
  0x00007effd0d71f6c: c048 83f9 | 087f 1048 | ffc9 784f | 4889 04cf | 48ff c97d | f7eb 44c5 | fdef c0e9 | 0d00 0000 
  0x00007effd0d71f8c: c5fe 7f07 | c5fe 7f47 | 2048 83c7 | 4048 83e9 | 087d ed48 | 83c1 047c | 0cc5 fe7f | 0748 83c7 
  0x00007effd0d71fac: 2048 83e9 | 0448 83c1 | 047e 1048 | ffc9 c5f9 | d607 4883 | c708 48ff | c97d f349 | 8bf9 c5f8 
  0x00007effd0d71fcc: 7749 ba60 | ec76 d0ff | 7e00 0041 | ffd2 4d8b | d6e9 9deb | ffff 448b | 5b14 4585 | db0f 849b 
  0x00007effd0d71fec: ebff ff4d | 8b47 2049 | 8bfb 48c1 | e703 4d85 | c00f 8439 | 1400 004d | 8b5f 304b | 897c 03f8 
  0x00007effd0d7200c: 4983 c0f8 | 4d89 4720 | e971 ebff | ff4d 8b57 | 404d 8b5f | 50f0 8344 | 24c0 0080 | 3f00 0f84 
  0x00007effd0d7202c: 22ea ffff | 4488 274d | 85d2 7518 | 498b f7c5 | f877 49ba | d077 7ae8 | ff7e 0000 | 41ff d2e9 
  0x00007effd0d7204c: 02ea ffff | 4b89 7c13 | f849 83c2 | f84d 8957 | 40e9 f0e9 | ffff 4d8b | 5740 4d8b | 5f50 f083 
  0x00007effd0d7206c: 4424 c000 | 4180 3800 | 0f84 39eb | ffff 4588 | 204d 85d2 | 751b 498b | f849 8bf7 | c5f8 7749 
  0x00007effd0d7208c: bad0 777a | e8ff 7e00 | 0041 ffd2 | e916 ebff | ff4f 8944 | 13f8 4983 | c2f8 4d89 | 5740 e904 
  0x00007effd0d720ac: ;   {metadata('generaloss/freetype/types/FTError'[])}
  0x00007effd0d720ac: ebff ff48 | be90 5b00 | 64ff 7e00 | 00ba 5f00 | 0000 488b | 2c24 6690 

  0x00007effd0d720c4: ;   {runtime_call _new_array_Java}
  0x00007effd0d720c4: c5f8 77e8 

  0x00007effd0d720c8: ; ImmutableOopMap {rbp=Oop [0]=Oop }
                      ;*invokevirtual clone {reexecute=1 rethrow=0 return_oop=1}
                      ; - (reexecute) generaloss.freetype.types.FTError::values@3 (line 5)
                      ; - generaloss.freetype.types.FTError::byCode@0 (line 166)
                      ; - generaloss.freetype.FreeType::ftLoadGlyph@13 (line 232)
                      ; - generaloss.freetype.FreeType::ftLoadGlyph@14 (line 242)
                      ; - generaloss.freetype.freetype.FTFace::loadGlyph@3 (line 246)
                      ; - generaloss.freetype.freetype.FTFace::loadGlyph@5 (line 261)
                      ; - dev.RenderTest::loadChar@9 (line 42)
  0x00007effd0d720c8: b4fc abff | 488b d8e9 | 86c2 ffff 

  0x00007effd0d720d4: ;   {metadata('generaloss/freetype/types/FTError'[])}
  0x00007effd0d720d4: 48be 905b | 0064 ff7e | 0000 ba5f | 0000 0090 

  0x00007effd0d720e4: ;   {runtime_call _new_array_Java}
  0x00007effd0d720e4: c5f8 77e8 

  0x00007effd0d720e8: ; ImmutableOopMap {rbp=Oop [0]=Oop [8]=Derived_oop_rbp }
                      ;*invokevirtual clone {reexecute=1 rethrow=0 return_oop=1}
                      ; - (reexecute) generaloss.freetype.types.FTError::values@3 (line 5)
                      ; - generaloss.freetype.types.FTError::byCode@0 (line 166)
                      ; - generaloss.freetype.FreeType::ftRenderGlyph@21 (line 304)
                      ; - generaloss.freetype.freetype.FTGlyphSlot::renderGlyph@2 (line 159)
                      ; - dev.RenderTest::loadChar@23 (line 48)
  0x00007effd0d720e8: 94fc abff | 488b d8e9 | 5ac7 ffff 

  0x00007effd0d720f4: ;   {metadata({type array long})}
  0x00007effd0d720f4: 48be 8011 | 0063 ff7e | 0000 ba01 

  0x00007effd0d72100: ;   {oop(a 'generaloss/freetype/types/FTError'[95] {0x000000070ca49780})}
  0x00007effd0d72100: 0000 0048 | bd80 97a4 | 0c07 0000 | 0066 6690 

  0x00007effd0d72110: ;   {runtime_call _new_array_Java}
  0x00007effd0d72110: c5f8 77e8 

  0x00007effd0d72114: ; ImmutableOopMap {rbp=Oop [0]=Oop [8]=Derived_oop_rbp }
                      ;*newarray {reexecute=0 rethrow=0 return_oop=1}
                      ; - generaloss.freetype.freetype.FTGlyphSlot::getGlyph@1 (line 169)
                      ; - dev.RenderTest::loadChar@28 (line 50)
  0x00007effd0d72114: 68fc abff | e9c2 c7ff 

  0x00007effd0d7211c: ;   {metadata('generaloss/freetype/types/FTError'[])}
  0x00007effd0d7211c: ff48 be90 | 5b00 64ff | 7e00 00ba | 5f00 0000 

  0x00007effd0d7212c: ;   {runtime_call _new_array_Java}
  0x00007effd0d7212c: c5f8 77e8 

  0x00007effd0d72130: ; ImmutableOopMap {rbp=Oop [0]=Oop [8]=Derived_oop_rbp [16]=Oop }
                      ;*invokevirtual clone {reexecute=1 rethrow=0 return_oop=1}
                      ; - (reexecute) generaloss.freetype.types.FTError::values@3 (line 5)
                      ; - generaloss.freetype.types.FTError::byCode@0 (line 166)
                      ; - generaloss.freetype.FreeType::ftGetGlyph@10 (line 655)
                      ; - generaloss.freetype.freetype.FTGlyphSlot::getGlyph@6 (line 170)
                      ; - dev.RenderTest::loadChar@28 (line 50)
  0x00007effd0d72130: 4cfc abff | 488b d8e9 | 1ec8 ffff 

  0x00007effd0d7213c: ;   {metadata('generaloss/freetype/types/FTVector')}
  0x00007effd0d7213c: 48be 9835 | 0064 ff7e 

  0x00007effd0d72144: ;   {oop(a 'generaloss/freetype/types/FTError'[95] {0x000000070ca49780})}
  0x00007effd0d72144: 0000 48bd | 8097 a40c | 0700 0000 

  0x00007effd0d72150: ;   {runtime_call _new_instance_Java}
  0x00007effd0d72150: c5f8 77e8 

  0x00007effd0d72154: ; ImmutableOopMap {rbp=Oop [0]=Oop [8]=Derived_oop_rbp [16]=Oop }
                      ;*new {reexecute=0 rethrow=0 return_oop=1}
                      ; - dev.RenderTest::loadChar@33 (line 54)
  0x00007effd0d72154: a81c acff | 4c8b d8e9 | f0cc ffff 

  0x00007effd0d72160: ;   {metadata('generaloss/freetype/FTStructCache$$Lambda$22+0x00007eff64005f90')}
  0x00007effd0d72160: 48be 905f | 0064 ff7e 

  0x00007effd0d72168: ;   {oop(a 'generaloss/freetype/types/FTError'[95] {0x000000070ca49780})}
  0x00007effd0d72168: 0000 48bd | 8097 a40c | 0700 0000 

  0x00007effd0d72174: ;   {runtime_call _new_instance_Java}
  0x00007effd0d72174: c5f8 77e8 

  0x00007effd0d72178: ; ImmutableOopMap {rbp=Oop [0]=Oop [8]=Derived_oop_rbp [16]=Oop [24]=Oop [32]=Oop }
                      ;*invokevirtual allocateInstance {reexecute=0 rethrow=0 return_oop=1}
                      ; - java.lang.invoke.DirectMethodHandle::allocateInstance@12 (line 520)
                      ; - java.lang.invoke.DirectMethodHandle$Holder::newInvokeSpecial@1
                      ; - java.lang.invoke.Invokers$Holder::linkToTargetMethod@5
                      ; - generaloss.freetype.FTStructCache::register@33 (line 18)
                      ; - generaloss.freetype.FTStruct::<init>@14 (line 12)
                      ; - generaloss.freetype.types.FTVector::<init>@2 (line 11)
                      ; - generaloss.freetype.types.FTVector::<init>@4 (line 15)
                      ; - dev.RenderTest::loadChar@37 (line 54)
  0x00007effd0d72178: 841c acff | 488b c8e9 | 92cd ffff 

  0x00007effd0d72184: ;   {metadata({type array long})}
  0x00007effd0d72184: 48be 8011 | 0063 ff7e | 0000 ba01 | 0000 0090 

  0x00007effd0d72194: ;   {runtime_call _new_array_Java}
  0x00007effd0d72194: c5f8 77e8 

  0x00007effd0d72198: ; ImmutableOopMap {rbp=Oop [0]=Oop [8]=Derived_oop_rbp [16]=Oop [24]=Oop }
                      ;*newarray {reexecute=0 rethrow=0 return_oop=1}
                      ; - generaloss.freetype.glyph.FTGlyph::toBitmap@1 (line 70)
                      ; - dev.RenderTest::loadChar@50 (line 55)
  0x00007effd0d72198: e4fb abff | e9f6 cdff 

  0x00007effd0d721a0: ;   {metadata('generaloss/freetype/types/FTError'[])}
  0x00007effd0d721a0: ff48 be90 | 5b00 64ff | 7e00 00ba | 5f00 0000 

  0x00007effd0d721b0: ;   {runtime_call _new_array_Java}
  0x00007effd0d721b0: c5f8 77e8 

  0x00007effd0d721b4: ; ImmutableOopMap {rbp=Oop [0]=Oop [8]=Derived_oop_rbp [32]=Oop }
                      ;*invokevirtual clone {reexecute=1 rethrow=0 return_oop=1}
                      ; - (reexecute) generaloss.freetype.types.FTError::values@3 (line 5)
                      ; - generaloss.freetype.types.FTError::byCode@0 (line 166)
                      ; - generaloss.freetype.FreeType::ftGlyphToBitmap@42 (line 694)
                      ; - generaloss.freetype.glyph.FTGlyph::toBitmap@11 (line 71)
                      ; - dev.RenderTest::loadChar@50 (line 55)
  0x00007effd0d721b4: c8fb abff | 488b d8e9 | f8d1 ffff | 4489 5c24 | 104c 8904 

  0x00007effd0d721c8: ;   {metadata('java/lang/StringBuilder')}
  0x00007effd0d721c8: 2448 be48 | f700 63ff | 7e00 0048 | 8b6c 2408 

  0x00007effd0d721d8: ;   {runtime_call _new_instance_Java}
  0x00007effd0d721d8: c5f8 77e8 

  0x00007effd0d721dc: ; ImmutableOopMap {rbp=Oop [0]=Oop [8]=Oop [16]=NarrowOop }
                      ;*new {reexecute=0 rethrow=0 return_oop=1}
                      ; - dev.RenderTest::loadChar@72 (line 63)
  0x00007effd0d721dc: 201c acff | e9a2 deff | ff44 8944 

  0x00007effd0d721e8: ;   {metadata('java/lang/StringBuilder')}
  0x00007effd0d721e8: 2410 48be | 48f7 0063 | ff7e 0000 | 488b 6c24 | 0866 6690 

  0x00007effd0d721fc: ;   {runtime_call _new_instance_Java}
  0x00007effd0d721fc: c5f8 77e8 

  0x00007effd0d72200: ; ImmutableOopMap {rbp=Oop [0]=Oop [8]=Oop [16]=NarrowOop }
                      ;*new {reexecute=0 rethrow=0 return_oop=1}
                      ; - dev.RenderTest::loadChar@109 (line 64)
  0x00007effd0d72200: fc1b acff | e9ce dfff 

  0x00007effd0d72208: ;   {metadata('java/lang/StringBuilder')}
  0x00007effd0d72208: ff48 be48 | f700 63ff | 7e00 0090 

  0x00007effd0d72214: ;   {runtime_call _new_instance_Java}
  0x00007effd0d72214: c5f8 77e8 

  0x00007effd0d72218: ; ImmutableOopMap {rbp=NarrowOop [8]=Oop }
                      ;*new {reexecute=0 rethrow=0 return_oop=1}
                      ; - dev.RenderTest::loadChar@159 (line 65)
  0x00007effd0d72218: e41b acff | e951 e1ff | ff44 8944 

  0x00007effd0d72224: ;   {metadata('java/lang/StringBuilder')}
  0x00007effd0d72224: 2424 48be | 48f7 0063 | ff7e 0000 

  0x00007effd0d72230: ;   {runtime_call _new_instance_Java}
  0x00007effd0d72230: c5f8 77e8 

  0x00007effd0d72234: ; ImmutableOopMap {rbp=Oop [36]=NarrowOop }
                      ;*new {reexecute=0 rethrow=0 return_oop=1}
                      ; - dev.RenderTest::loadChar@250 (line 71)
  0x00007effd0d72234: c81b acff | e96a e3ff | ff48 894c | 2418 4489 | 5424 104c 

  0x00007effd0d72248: ;   {metadata('java/lang/Long')}
  0x00007effd0d72248: 891c 2448 | be28 3904 | 63ff 7e00 | 0066 6690 

  0x00007effd0d72258: ;   {runtime_call _new_instance_Java}
  0x00007effd0d72258: c5f8 77e8 

  0x00007effd0d7225c: ; ImmutableOopMap {rbp=Oop [8]=Derived_oop_rbp }
                      ;*new {reexecute=0 rethrow=0 return_oop=1}
                      ; - java.lang.Long::valueOf@31 (line 1211)
                      ; - generaloss.freetype.FTStructCache::get@4 (line 89)
                      ; - generaloss.freetype.FTStructCache::getOrCreate@10 (line 99)
                      ; - generaloss.freetype.freetype.FTFace::getGlyph@16 (line 180)
                      ; - dev.RenderTest::loadChar@13 (line 46)
  0x00007effd0d7225c: a01b acff | 4c8b 1c24 | 448b 5424 | 1048 8b4c | 2418 e9c5 

  0x00007effd0d72270: ;   {metadata('java/lang/Long')}
  0x00007effd0d72270: c1ff ff48 | be28 3904 | 63ff 7e00 

  0x00007effd0d7227c: ;   {oop(a 'generaloss/freetype/types/FTError'[95] {0x000000070ca49780})}
  0x00007effd0d7227c: 0048 bd80 | 97a4 0c07 | 0000 0090 

  0x00007effd0d72288: ;   {runtime_call _new_instance_Java}
  0x00007effd0d72288: c5f8 77e8 

  0x00007effd0d7228c: ; ImmutableOopMap {rbp=Oop [0]=Oop [8]=Derived_oop_rbp }
                      ;*new {reexecute=0 rethrow=0 return_oop=1}
                      ; - java.lang.Long::valueOf@31 (line 1211)
                      ; - generaloss.freetype.FTStructCache::get@4 (line 89)
                      ; - generaloss.freetype.FTStructCache::getOrCreate@10 (line 99)
                      ; - generaloss.freetype.freetype.FTGlyphSlot::getGlyph@24 (line 172)
                      ; - dev.RenderTest::loadChar@28 (line 50)
  0x00007effd0d7228c: 701b acff | e984 c7ff 

  0x00007effd0d72294: ;   {metadata('java/lang/Long')}
  0x00007effd0d72294: ff48 be28 | 3904 63ff | 7e00 0090 

  0x00007effd0d722a0: ;   {runtime_call _new_instance_Java}
  0x00007effd0d722a0: c5f8 77e8 

  0x00007effd0d722a4: ; ImmutableOopMap {rbp=Oop [0]=Oop [8]=Derived_oop_rbp [16]=Oop [24]=Oop }
                      ;*new {reexecute=0 rethrow=0 return_oop=1}
                      ; - java.lang.Long::valueOf@31 (line 1211)
                      ; - generaloss.freetype.FTStructCache::register@29 (line 18)
                      ; - generaloss.freetype.FTStruct::<init>@14 (line 12)
                      ; - generaloss.freetype.types.FTVector::<init>@2 (line 11)
                      ; - generaloss.freetype.types.FTVector::<init>@4 (line 15)
                      ; - dev.RenderTest::loadChar@37 (line 54)
  0x00007effd0d722a4: 581b acff | 4c8b d8e9 | 20cc ffff 

  0x00007effd0d722b0: ;   {metadata('java/lang/Long')}
  0x00007effd0d722b0: 48be 2839 | 0463 ff7e | 0000 6690 

  0x00007effd0d722bc: ;   {runtime_call _new_instance_Java}
  0x00007effd0d722bc: c5f8 77e8 

  0x00007effd0d722c0: ; ImmutableOopMap {rbp=Oop [0]=Oop [8]=Derived_oop_rbp [32]=Oop [40]=Oop }
                      ;*new {reexecute=0 rethrow=0 return_oop=1}
                      ; - java.lang.Long::valueOf@31 (line 1211)
                      ; - generaloss.freetype.FTStructCache::unregister@4 (line 39)
                      ; - generaloss.freetype.FTStructCache::unregister@30 (line 63)
                      ; - generaloss.freetype.FTStruct::destroyPointer@1 (line 29)
                      ; - generaloss.freetype.FreeType::ftGlyphToBitmap@37 (line 692)
                      ; - generaloss.freetype.glyph.FTGlyph::toBitmap@11 (line 71)
                      ; - dev.RenderTest::loadChar@50 (line 55)
  0x00007effd0d722c0: 3c1b acff | e996 cdff 

  0x00007effd0d722c8: ;   {metadata('java/lang/Long')}
  0x00007effd0d722c8: ff48 be28 | 3904 63ff 

  0x00007effd0d722d0: ;   {oop(a 'generaloss/freetype/types/FTError'[95] {0x000000070ca49780})}
  0x00007effd0d722d0: 7e00 0048 | bd80 97a4 | 0c07 0000 | 0066 6690 

  0x00007effd0d722e0: ;   {runtime_call _new_instance_Java}
  0x00007effd0d722e0: c5f8 77e8 

  0x00007effd0d722e4: ; ImmutableOopMap {rbp=Oop [0]=Oop [8]=Derived_oop_rbp [32]=Oop [40]=Oop [64]=Oop }
                      ;*new {reexecute=0 rethrow=0 return_oop=1}
                      ; - java.lang.Long::valueOf@31 (line 1211)
                      ; - generaloss.freetype.FTStructCache::unregister@42 (line 46)
                      ; - generaloss.freetype.FTStructCache::unregister@30 (line 63)
                      ; - generaloss.freetype.FTStruct::destroyPointer@1 (line 29)
                      ; - generaloss.freetype.FreeType::ftGlyphToBitmap@37 (line 692)
                      ; - generaloss.freetype.glyph.FTGlyph::toBitmap@11 (line 71)
                      ; - dev.RenderTest::loadChar@50 (line 55)
  0x00007effd0d722e4: 181b acff | 488b d0e9 | 38d0 ffff | 4889 4c24 | 1044 8954 | 2408 498b 

  0x00007effd0d722fc: ;   {metadata('java/lang/Long')}
  0x00007effd0d722fc: eb48 be28 | 3904 63ff | 7e00 0090 

  0x00007effd0d72308: ;   {runtime_call _new_instance_Java}
  0x00007effd0d72308: c5f8 77e8 

  0x00007effd0d7230c: ; ImmutableOopMap {[0]=Oop }
                      ;*new {reexecute=0 rethrow=0 return_oop=1}
                      ; - java.lang.Long::valueOf@31 (line 1211)
                      ; - generaloss.freetype.FTStructCache::get@4 (line 89)
                      ; - generaloss.freetype.FTStructCache::getOrCreate@10 (line 99)
                      ; - generaloss.freetype.glyph.FTGlyph::toBitmap@32 (line 73)
                      ; - dev.RenderTest::loadChar@50 (line 55)
  0x00007effd0d7230c: f01a acff | 4c8b dd44 | 8b54 2408 | 488b 4c24 | 10e9 46d1 | ffff 4889 | 5c24 1089 | 4c24 0849 
  0x00007effd0d7232c: ;   {metadata('java/lang/Long')}
  0x00007effd0d7232c: 8beb 48be | 2839 0463 | ff7e 0000 

  0x00007effd0d72338: ;   {runtime_call _new_instance_Java}
  0x00007effd0d72338: c5f8 77e8 

  0x00007effd0d7233c: ; ImmutableOopMap {[0]=Oop }
                      ;*new {reexecute=0 rethrow=0 return_oop=1}
                      ; - java.lang.Long::valueOf@31 (line 1211)
                      ; - generaloss.freetype.FTStructCache::get@4 (line 89)
                      ; - generaloss.freetype.FTStructCache::getOrCreate@10 (line 99)
                      ; - generaloss.freetype.glyph.FTBitmapGlyph::getBitmap@16 (line 41)
                      ; - dev.RenderTest::loadChar@57 (line 57)
  0x00007effd0d7233c: c01a acff | 4c8b dd8b | 4c24 0848 | 8b5c 2410 | e9fa d5ff | ff48 895c | 2410 890c | 2449 8beb 
  0x00007effd0d7235c: ;   {metadata('java/lang/Long')}
  0x00007effd0d7235c: 48be 2839 | 0463 ff7e | 0000 6690 

  0x00007effd0d72368: ;   {runtime_call _new_instance_Java}
  0x00007effd0d72368: c5f8 77e8 

  0x00007effd0d7236c: ; ImmutableOopMap {[8]=Oop }
                      ;*new {reexecute=0 rethrow=0 return_oop=1}
                      ; - java.lang.Long::valueOf@31 (line 1211)
                      ; - generaloss.freetype.FTStructCache::get@4 (line 89)
                      ; - generaloss.freetype.FTStructCache::getOrCreate@10 (line 99)
                      ; - generaloss.freetype.freetype.FTGlyphSlot::getMetrics@16 (line 54)
                      ; - dev.RenderTest::loadChar@64 (line 61)
  0x00007effd0d7236c: 901a acff | 4c8b dd8b | 0c24 488b | 5c24 10e9 | f3d9 ffff | bef6 ffff | ff48 8bea 

  0x00007effd0d72388: ;   {runtime_call UncommonTrapBlob}
  0x00007effd0d72388: c5f8 77e8 

  0x00007effd0d7238c: ; ImmutableOopMap {rbp=Oop }
                      ;*invokevirtual print {reexecute=0 rethrow=0 return_oop=0}
                      ; - dev.RenderTest::loadChar@364 (line 77)
  0x00007effd0d7238c: 70b2 a1ff 

  0x00007effd0d72390: ;   {metadata('generaloss/freetype/glyph/FTGlyph')}
  0x00007effd0d72390: 48be c044 | 0064 ff7e | 0000 4c89 

  0x00007effd0d7239c: ;   {oop(a 'generaloss/freetype/types/FTError'[95] {0x000000070ca49780})}
  0x00007effd0d7239c: 5c24 2848 | bd80 97a4 | 0c07 0000 | 0066 6690 

  0x00007effd0d723ac: ;   {runtime_call _new_instance_Java}
  0x00007effd0d723ac: c5f8 77e8 

  0x00007effd0d723b0: ; ImmutableOopMap {rbp=Oop [0]=Oop [8]=Derived_oop_rbp [40]=Oop }
                      ;*new {reexecute=0 rethrow=0 return_oop=1}
                      ; - generaloss.freetype.freetype.FTGlyphSlot$$Lambda$25/0x00007eff64007a78::apply@0
                      ; - generaloss.freetype.FTStructCache::getOrCreate@28 (line 101)
                      ; - generaloss.freetype.freetype.FTGlyphSlot::getGlyph@24 (line 172)
                      ; - dev.RenderTest::loadChar@28 (line 50)
  0x00007effd0d723b0: 4c1a acff | 4c8b c0e9 | 62c9 ffff 

  0x00007effd0d723bc: ;   {metadata('generaloss/freetype/FTStructCache$$Lambda$22+0x00007eff64005f90')}
  0x00007effd0d723bc: 48be 905f | 0064 ff7e | 0000 4c8b | 5424 284c | 8954 2420 

  0x00007effd0d723d0: ;   {oop(a 'generaloss/freetype/types/FTError'[95] {0x000000070ca49780})}
  0x00007effd0d723d0: 48bd 8097 | a40c 0700 | 0000 6690 

  0x00007effd0d723dc: ;   {runtime_call _new_instance_Java}
  0x00007effd0d723dc: c5f8 77e8 

  0x00007effd0d723e0: ; ImmutableOopMap {rbp=Oop [0]=Oop [8]=Derived_oop_rbp [24]=Oop [32]=Oop [40]=Oop }
                      ;*invokevirtual allocateInstance {reexecute=0 rethrow=0 return_oop=1}
                      ; - java.lang.invoke.DirectMethodHandle::allocateInstance@12 (line 520)
                      ; - java.lang.invoke.DirectMethodHandle$Holder::newInvokeSpecial@1
                      ; - java.lang.invoke.Invokers$Holder::linkToTargetMethod@5
                      ; - generaloss.freetype.FTStructCache::register@33 (line 18)
                      ; - generaloss.freetype.FTStruct::<init>@14 (line 12)
                      ; - generaloss.freetype.glyph.FTGlyph::<init>@2 (line 18)
                      ; - generaloss.freetype.freetype.FTGlyphSlot$$Lambda$25/0x00007eff64007a78::apply@11
                      ; - generaloss.freetype.FTStructCache::getOrCreate@28 (line 101)
                      ; - generaloss.freetype.freetype.FTGlyphSlot::getGlyph@24 (line 172)
                      ; - dev.RenderTest::loadChar@28 (line 50)
  0x00007effd0d723e0: 1c1a acff | 488b c8e9 | d7c9 ffff | 4889 4c24 | 2044 8954 | 2418 4c89 | 5c24 104c | 894c 2408 
  0x00007effd0d72400: ;   {metadata('generaloss/freetype/glyph/FTBitmapGlyph')}
  0x00007effd0d72400: 48be 00c0 | 0064 ff7e | 0000 488b | 2c24 4889 | 5c24 2890 

  0x00007effd0d72414: ;   {runtime_call _new_instance_Java}
  0x00007effd0d72414: c5f8 77e8 

  0x00007effd0d72418: ; ImmutableOopMap {rbp=Oop [0]=Oop [40]=Oop }
                      ;*new {reexecute=0 rethrow=0 return_oop=1}
                      ; - generaloss.freetype.glyph.FTGlyph$$Lambda$26/0x00007eff6400c240::apply@0
                      ; - generaloss.freetype.FTStructCache::getOrCreate@28 (line 101)
                      ; - generaloss.freetype.glyph.FTGlyph::toBitmap@32 (line 73)
                      ; - dev.RenderTest::loadChar@50 (line 55)
  0x00007effd0d72418: e419 acff | 488b e84c | 8b4c 2408 | 4c8b 5c24 | 1044 8b54 | 2418 488b | 4c24 20e9 | cad3 ffff 
  0x00007effd0d72438: 4c89 4424 | 084c 894c 

  0x00007effd0d72440: ;   {metadata('generaloss/freetype/FTStructCache$$Lambda$22+0x00007eff64005f90')}
  0x00007effd0d72440: 2438 48be | 905f 0064 | ff7e 0000 

  0x00007effd0d7244c: ;   {runtime_call _new_instance_Java}
  0x00007effd0d7244c: c5f8 77e8 

  0x00007effd0d72450: ; ImmutableOopMap {rbp=Oop [0]=Oop [8]=Oop }
                      ;*invokevirtual allocateInstance {reexecute=0 rethrow=0 return_oop=1}
                      ; - java.lang.invoke.DirectMethodHandle::allocateInstance@12 (line 520)
                      ; - java.lang.invoke.DirectMethodHandle$Holder::newInvokeSpecial@1
                      ; - java.lang.invoke.Invokers$Holder::linkToTargetMethod@5
                      ; - generaloss.freetype.FTStructCache::register@33 (line 18)
                      ; - generaloss.freetype.FTStruct::<init>@14 (line 12)
                      ; - generaloss.freetype.glyph.FTBitmapGlyph::<init>@2 (line 10)
                      ; - generaloss.freetype.glyph.FTGlyph$$Lambda$26/0x00007eff6400c240::apply@11
                      ; - generaloss.freetype.FTStructCache::getOrCreate@28 (line 101)
                      ; - generaloss.freetype.glyph.FTGlyph::toBitmap@32 (line 73)
                      ; - dev.RenderTest::loadChar@50 (line 55)
  0x00007effd0d72450: ac19 acff | 488b c8e9 | 41d4 ffff | 4889 5c24 | 1089 4c24 | 0849 8beb 

  0x00007effd0d72468: ;   {metadata('generaloss/freetype/image/FTBitmap')}
  0x00007effd0d72468: 48be 104f | 0064 ff7e | 0000 4c89 | 4c24 1890 

  0x00007effd0d72478: ;   {runtime_call _new_instance_Java}
  0x00007effd0d72478: c5f8 77e8 

  0x00007effd0d7247c: ; ImmutableOopMap {[0]=Oop [24]=Oop }
                      ;*new {reexecute=0 rethrow=0 return_oop=1}
                      ; - generaloss.freetype.glyph.FTBitmapGlyph$$Lambda$27/0x00007eff6400c480::apply@0
                      ; - generaloss.freetype.FTStructCache::getOrCreate@28 (line 101)
                      ; - generaloss.freetype.glyph.FTBitmapGlyph::getBitmap@16 (line 41)
                      ; - dev.RenderTest::loadChar@57 (line 57)
  0x00007effd0d7247c: 8019 acff | 4c8b dd8b | 4c24 0848 | 8b5c 2410 | 4c8b c0e9 | 8bd7 ffff | 4c89 4c24 | 0849 8be8 
  0x00007effd0d7249c: ;   {metadata('generaloss/freetype/FTStructCache$$Lambda$22+0x00007eff64005f90')}
  0x00007effd0d7249c: 48be 905f | 0064 ff7e | 0000 6690 

  0x00007effd0d724a8: ;   {runtime_call _new_instance_Java}
  0x00007effd0d724a8: c5f8 77e8 

  0x00007effd0d724ac: ; ImmutableOopMap {rbp=Oop [0]=Oop [8]=Oop }
                      ;*invokevirtual allocateInstance {reexecute=0 rethrow=0 return_oop=1}
                      ; - java.lang.invoke.DirectMethodHandle::allocateInstance@12 (line 520)
                      ; - java.lang.invoke.DirectMethodHandle$Holder::newInvokeSpecial@1
                      ; - java.lang.invoke.Invokers$Holder::linkToTargetMethod@5
                      ; - generaloss.freetype.FTStructCache::register@33 (line 18)
                      ; - generaloss.freetype.FTStruct::<init>@14 (line 12)
                      ; - generaloss.freetype.image.FTBitmap::<init>@2 (line 11)
                      ; - generaloss.freetype.glyph.FTBitmapGlyph$$Lambda$27/0x00007eff6400c480::apply@11
                      ; - generaloss.freetype.FTStructCache::getOrCreate@28 (line 101)
                      ; - generaloss.freetype.glyph.FTBitmapGlyph::getBitmap@16 (line 41)
                      ; - dev.RenderTest::loadChar@57 (line 57)
  0x00007effd0d724ac: 5019 acff | 488b c84c | 8bc5 e9fa | d7ff ff44 | 8944 2410 | 4c89 1c24 

  0x00007effd0d724c4: ;   {metadata('java/lang/Long')}
  0x00007effd0d724c4: 48be 2839 | 0463 ff7e 

  0x00007effd0d724cc: ;   {oop(a 'generaloss/freetype/types/FTError'[95] {0x000000070ca49780})}
  0x00007effd0d724cc: 0000 48bd | 8097 a40c | 0700 0000 

  0x00007effd0d724d8: ;   {runtime_call _new_instance_Java}
  0x00007effd0d724d8: c5f8 77e8 

  0x00007effd0d724dc: ; ImmutableOopMap {rbp=Oop [8]=Derived_oop_rbp }
                      ;*new {reexecute=0 rethrow=0 return_oop=1}
                      ; - java.lang.Long::valueOf@31 (line 1211)
                      ; - generaloss.freetype.FTStructCache::getOrCreate@25 (line 101)
                      ; - generaloss.freetype.freetype.FTFace::getGlyph@16 (line 180)
                      ; - dev.RenderTest::loadChar@13 (line 46)
  0x00007effd0d724dc: 2019 acff | 488b d04c | 8b1c 2444 | 8b44 2410 | e97b c2ff 

  0x00007effd0d724f0: ;   {metadata('java/lang/Long')}
  0x00007effd0d724f0: ff48 be28 | 3904 63ff 

  0x00007effd0d724f8: ;   {oop(a 'generaloss/freetype/types/FTError'[95] {0x000000070ca49780})}
  0x00007effd0d724f8: 7e00 0048 | bd80 97a4 | 0c07 0000 | 0066 6690 

  0x00007effd0d72508: ;   {runtime_call _new_instance_Java}
  0x00007effd0d72508: c5f8 77e8 

  0x00007effd0d7250c: ; ImmutableOopMap {rbp=Oop [0]=Oop [8]=Derived_oop_rbp }
                      ;*new {reexecute=0 rethrow=0 return_oop=1}
                      ; - java.lang.Long::valueOf@31 (line 1211)
                      ; - generaloss.freetype.FTStructCache::getOrCreate@25 (line 101)
                      ; - generaloss.freetype.freetype.FTGlyphSlot::getGlyph@24 (line 172)
                      ; - dev.RenderTest::loadChar@28 (line 50)
  0x00007effd0d7250c: f018 acff | 4c8b d8e9 | bcc7 ffff 

  0x00007effd0d72518: ;   {metadata('java/lang/Long')}
  0x00007effd0d72518: 48be 2839 | 0463 ff7e | 0000 4c89 

  0x00007effd0d72524: ;   {oop(a 'generaloss/freetype/types/FTError'[95] {0x000000070ca49780})}
  0x00007effd0d72524: 4424 2048 | bd80 97a4 | 0c07 0000 | 0066 6690 

  0x00007effd0d72534: ;   {runtime_call _new_instance_Java}
  0x00007effd0d72534: c5f8 77e8 

  0x00007effd0d72538: ; ImmutableOopMap {rbp=Oop [0]=Oop [8]=Derived_oop_rbp [32]=Oop [40]=Oop }
                      ;*new {reexecute=0 rethrow=0 return_oop=1}
                      ; - java.lang.Long::valueOf@31 (line 1211)
                      ; - generaloss.freetype.FTStructCache::register@29 (line 18)
                      ; - generaloss.freetype.FTStruct::<init>@14 (line 12)
                      ; - generaloss.freetype.glyph.FTGlyph::<init>@2 (line 18)
                      ; - generaloss.freetype.freetype.FTGlyphSlot$$Lambda$25/0x00007eff64007a78::apply@11
                      ; - generaloss.freetype.FTStructCache::getOrCreate@28 (line 101)
                      ; - generaloss.freetype.freetype.FTGlyphSlot::getGlyph@24 (line 172)
                      ; - dev.RenderTest::loadChar@28 (line 50)
  0x00007effd0d72538: c418 acff | 4c8b d8e9 | 39c8 ffff | 4889 4c24 | 1844 8954 | 2410 4c89 | 5c24 0849 

  0x00007effd0d72554: ;   {metadata('java/lang/Long')}
  0x00007effd0d72554: 8be9 48be | 2839 0463 | ff7e 0000 

  0x00007effd0d72560: ;   {runtime_call _new_instance_Java}
  0x00007effd0d72560: c5f8 77e8 

  0x00007effd0d72564: ; ImmutableOopMap {[0]=Oop }
                      ;*new {reexecute=0 rethrow=0 return_oop=1}
                      ; - java.lang.Long::valueOf@31 (line 1211)
                      ; - generaloss.freetype.FTStructCache::getOrCreate@25 (line 101)
                      ; - generaloss.freetype.glyph.FTGlyph::toBitmap@32 (line 73)
                      ; - dev.RenderTest::loadChar@50 (line 55)
  0x00007effd0d72564: 9818 acff | 4c8b cd4c | 8b5c 2408 | 448b 5424 | 1048 8b4c | 2418 488b | d8e9 3bd2 | ffff 4c89 
  0x00007effd0d72584: 5c24 104c | 894c 2408 

  0x00007effd0d7258c: ;   {metadata('java/lang/Long')}
  0x00007effd0d7258c: 48be 2839 | 0463 ff7e | 0000 6690 

  0x00007effd0d72598: ;   {runtime_call _new_instance_Java}
  0x00007effd0d72598: c5f8 77e8 

  0x00007effd0d7259c: ; ImmutableOopMap {rbp=Oop [0]=Oop }
                      ;*new {reexecute=0 rethrow=0 return_oop=1}
                      ; - java.lang.Long::valueOf@31 (line 1211)
                      ; - generaloss.freetype.FTStructCache::register@29 (line 18)
                      ; - generaloss.freetype.FTStruct::<init>@14 (line 12)
                      ; - generaloss.freetype.glyph.FTBitmapGlyph::<init>@2 (line 10)
                      ; - generaloss.freetype.glyph.FTGlyph$$Lambda$26/0x00007eff6400c240::apply@11
                      ; - generaloss.freetype.FTStructCache::getOrCreate@28 (line 101)
                      ; - generaloss.freetype.glyph.FTGlyph::toBitmap@32 (line 73)
                      ; - dev.RenderTest::loadChar@50 (line 55)
  0x00007effd0d7259c: 6018 acff | 4c8b 4c24 | 084c 8b5c | 2410 4c8b | c0e9 a5d2 | ffff 4889 | 5c24 1089 | 4c24 0849 
  0x00007effd0d725bc: ;   {metadata('java/lang/Long')}
  0x00007effd0d725bc: 8beb 48be | 2839 0463 | ff7e 0000 

  0x00007effd0d725c8: ;   {runtime_call _new_instance_Java}
  0x00007effd0d725c8: c5f8 77e8 

  0x00007effd0d725cc: ; ImmutableOopMap {[0]=Oop }
                      ;*new {reexecute=0 rethrow=0 return_oop=1}
                      ; - java.lang.Long::valueOf@31 (line 1211)
                      ; - generaloss.freetype.FTStructCache::getOrCreate@25 (line 101)
                      ; - generaloss.freetype.glyph.FTBitmapGlyph::getBitmap@16 (line 41)
                      ; - dev.RenderTest::loadChar@57 (line 57)
  0x00007effd0d725cc: 3018 acff | 4c8b dd8b | 4c24 0848 | 8b5c 2410 | 4c8b c8e9 | f6d5 ffff | 4c89 4424 | 0849 8beb 
  0x00007effd0d725ec: ;   {metadata('java/lang/Long')}
  0x00007effd0d725ec: 48be 2839 | 0463 ff7e | 0000 6690 

  0x00007effd0d725f8: ;   {runtime_call _new_instance_Java}
  0x00007effd0d725f8: c5f8 77e8 

  0x00007effd0d725fc: ; ImmutableOopMap {[0]=Oop [8]=Oop }
                      ;*new {reexecute=0 rethrow=0 return_oop=1}
                      ; - java.lang.Long::valueOf@31 (line 1211)
                      ; - generaloss.freetype.FTStructCache::register@29 (line 18)
                      ; - generaloss.freetype.FTStruct::<init>@14 (line 12)
                      ; - generaloss.freetype.image.FTBitmap::<init>@2 (line 11)
                      ; - generaloss.freetype.glyph.FTBitmapGlyph$$Lambda$27/0x00007eff6400c480::apply@11
                      ; - generaloss.freetype.FTStructCache::getOrCreate@28 (line 101)
                      ; - generaloss.freetype.glyph.FTBitmapGlyph::getBitmap@16 (line 41)
                      ; - dev.RenderTest::loadChar@57 (line 57)
  0x00007effd0d725fc: 0018 acff | 4c8b dd4c | 8b44 2408 | 4c8b c8e9 | 64d6 ffff 

  0x00007effd0d72610: ;   {metadata('java/lang/Long')}
  0x00007effd0d72610: 498b eb48 | be28 3904 | 63ff 7e00 | 0066 6690 

  0x00007effd0d72620: ;   {runtime_call _new_instance_Java}
  0x00007effd0d72620: c5f8 77e8 

  0x00007effd0d72624: ; ImmutableOopMap {[8]=Oop }
                      ;*new {reexecute=0 rethrow=0 return_oop=1}
                      ; - java.lang.Long::valueOf@31 (line 1211)
                      ; - generaloss.freetype.FTStructCache::getOrCreate@25 (line 101)
                      ; - generaloss.freetype.freetype.FTGlyphSlot::getMetrics@16 (line 54)
                      ; - dev.RenderTest::loadChar@64 (line 61)
  0x00007effd0d72624: d817 acff | 488b d04c | 8bdd e9a9 | d9ff ff44 | 8b44 2450 | e9c2 e7ff | ff4c 8b4c | 2438 e9ee 
  0x00007effd0d72644: e8ff ff4c | 8b5c 2408 | 8b4c 2410 | 488b 5c24 | 18e9 2fd5 | ffff 4889 | 4c24 404c | 894c 2430 
  0x00007effd0d72664: 4489 5c24 | 2c44 8944 | 2428 4889 

  0x00007effd0d72670: ;   {metadata({type array byte})}
  0x00007effd0d72670: 0424 48be | 4868 0063 | ff7e 0000 | 418b d390 

  0x00007effd0d72680: ;   {runtime_call _new_array_nozero_Java}
  0x00007effd0d72680: c5f8 77e8 

  0x00007effd0d72684: ; ImmutableOopMap {[0]=Oop [8]=Oop [36]=NarrowOop [40]=NarrowOop }
                      ;*newarray {reexecute=0 rethrow=0 return_oop=1}
                      ; - java.util.Arrays::copyOf@1 (line 3537)
                      ; - java.lang.AbstractStringBuilder::ensureCapacityInternal@32 (line 228)
                      ; - java.lang.AbstractStringBuilder::append@21 (line 582)
                      ; - java.lang.StringBuilder::append@2 (line 179)
                      ; - dev.RenderTest::loadChar@282 (line 71)
  0x00007effd0d72684: f8e7 abff | 4c8b 2c24 | 448b 4424 | 2844 8b5c | 242c 4c8b | 4c24 3048 | 8b4c 2440 | 4c8b f0e9 
  0x00007effd0d726a4: 28e3 ffff | 4889 4c24 | 404c 8944 | 2430 4489 | 5c24 2c44 | 894c 2428 | 4889 0424 

  0x00007effd0d726c0: ;   {metadata({type array byte})}
  0x00007effd0d726c0: 48be 4868 | 0063 ff7e | 0000 418b | d366 6690 

  0x00007effd0d726d0: ;   {runtime_call _new_array_nozero_Java}
  0x00007effd0d726d0: c5f8 77e8 

  0x00007effd0d726d4: ; ImmutableOopMap {[0]=Oop [8]=Oop [36]=NarrowOop [40]=NarrowOop }
                      ;*newarray {reexecute=0 rethrow=0 return_oop=1}
                      ; - java.util.Arrays::copyOf@1 (line 3537)
                      ; - java.lang.AbstractStringBuilder::ensureCapacityInternal@32 (line 228)
                      ; - java.lang.AbstractStringBuilder::append@21 (line 582)
                      ; - java.lang.StringBuilder::append@2 (line 179)
                      ; - dev.RenderTest::loadChar@292 (line 71)
  0x00007effd0d726d4: a8e7 abff | 488b 1c24 | 448b 4c24 | 2844 8b5c | 242c 4c8b | 4424 3048 | 8b4c 2440 | 4c8b d0e9 
  0x00007effd0d726f4: 3ae4 ffff | bef6 ffff | ff66 6690 

  0x00007effd0d72700: ;   {runtime_call UncommonTrapBlob}
  0x00007effd0d72700: c5f8 77e8 

  0x00007effd0d72704: ; ImmutableOopMap {}
                      ;*invokevirtual println {reexecute=0 rethrow=0 return_oop=0}
                      ; - dev.RenderTest::loadChar@376 (line 79)
  0x00007effd0d72704: f8ae a1ff | be45 ffff | ff48 8b2c | 244c 8b44 | 2420 4c89 | 0424 448b | 4424 1844 | 8944 2408 
  0x00007effd0d72724: 4c8b 4424 | 284c 8944 | 2410 4c8b | 4424 304c | 8944 2418 | 4c8b 4424 | 404c 8944 | 2428 4489 
  0x00007effd0d72744: 5c24 0c44 | 8954 2434 | 4489 4c24 | 3866 6690 

  0x00007effd0d72754: ;   {runtime_call UncommonTrapBlob}
  0x00007effd0d72754: c5f8 77e8 

  0x00007effd0d72758: ; ImmutableOopMap {rbp=Oop [0]=Oop [12]=NarrowOop [16]=Oop [40]=Oop [56]=NarrowOop [64]=Oop }
                      ;*ifeq {reexecute=1 rethrow=0 return_oop=0}
                      ; - (reexecute) java.util.HashMap::removeNode@211 (line 837)
                      ; - java.util.HashMap::remove@9 (line 797)
                      ; - generaloss.freetype.FTStructCache::unregister@23 (line 43)
                      ; - generaloss.freetype.FTStructCache::unregister@30 (line 63)
                      ; - generaloss.freetype.FTStruct::destroyPointer@1 (line 29)
                      ; - generaloss.freetype.FreeType::ftGlyphToBitmap@37 (line 692)
                      ; - generaloss.freetype.glyph.FTGlyph::toBitmap@11 (line 71)
                      ; - dev.RenderTest::loadChar@50 (line 55)
  0x00007effd0d72758: a4ae a1ff | bef6 ffff | ff66 6690 

  0x00007effd0d72764: ;   {runtime_call UncommonTrapBlob}
  0x00007effd0d72764: c5f8 77e8 

  0x00007effd0d72768: ; ImmutableOopMap {}
                      ;*invokevirtual append {reexecute=0 rethrow=0 return_oop=0}
                      ; - dev.RenderTest::loadChar@89 (line 63)
  0x00007effd0d72768: 94ae a1ff | bef6 ffff | ff66 6690 

  0x00007effd0d72774: ;   {runtime_call UncommonTrapBlob}
  0x00007effd0d72774: c5f8 77e8 

  0x00007effd0d72778: ; ImmutableOopMap {}
                      ;*invokevirtual toString {reexecute=0 rethrow=0 return_oop=0}
                      ; - dev.RenderTest::loadChar@100 (line 63)
  0x00007effd0d72778: 84ae a1ff | bef6 ffff | ff66 6690 

  0x00007effd0d72784: ;   {runtime_call UncommonTrapBlob}
  0x00007effd0d72784: c5f8 77e8 

  0x00007effd0d72788: ; ImmutableOopMap {}
                      ;*invokevirtual append {reexecute=0 rethrow=0 return_oop=0}
                      ; - dev.RenderTest::loadChar@126 (line 64)
  0x00007effd0d72788: 74ae a1ff | bef6 ffff | ff66 6690 

  0x00007effd0d72794: ;   {runtime_call UncommonTrapBlob}
  0x00007effd0d72794: c5f8 77e8 

  0x00007effd0d72798: ; ImmutableOopMap {}
                      ;*invokevirtual append {reexecute=0 rethrow=0 return_oop=0}
                      ; - dev.RenderTest::loadChar@139 (line 64)
  0x00007effd0d72798: 64ae a1ff | bef6 ffff | ff66 6690 

  0x00007effd0d727a4: ;   {runtime_call UncommonTrapBlob}
  0x00007effd0d727a4: c5f8 77e8 

  0x00007effd0d727a8: ; ImmutableOopMap {}
                      ;*invokevirtual toString {reexecute=0 rethrow=0 return_oop=0}
                      ; - dev.RenderTest::loadChar@150 (line 64)
  0x00007effd0d727a8: 54ae a1ff | bef6 ffff | ff66 6690 

  0x00007effd0d727b4: ;   {runtime_call UncommonTrapBlob}
  0x00007effd0d727b4: c5f8 77e8 

  0x00007effd0d727b8: ; ImmutableOopMap {}
                      ;*invokevirtual append {reexecute=0 rethrow=0 return_oop=0}
                      ; - dev.RenderTest::loadChar@176 (line 65)
  0x00007effd0d727b8: 44ae a1ff | bef6 ffff | ff66 6690 

  0x00007effd0d727c4: ;   {runtime_call UncommonTrapBlob}
  0x00007effd0d727c4: c5f8 77e8 

  0x00007effd0d727c8: ; ImmutableOopMap {}
                      ;*invokevirtual append {reexecute=0 rethrow=0 return_oop=0}
                      ; - dev.RenderTest::loadChar@189 (line 65)
  0x00007effd0d727c8: 34ae a1ff | bef6 ffff | ff66 6690 

  0x00007effd0d727d4: ;   {runtime_call UncommonTrapBlob}
  0x00007effd0d727d4: c5f8 77e8 

  0x00007effd0d727d8: ; ImmutableOopMap {}
                      ;*invokevirtual toString {reexecute=0 rethrow=0 return_oop=0}
                      ; - dev.RenderTest::loadChar@300 (line 71)
  0x00007effd0d727d8: 24ae a1ff | bef6 ffff | ff48 8be8 

  0x00007effd0d727e4: ;   {runtime_call UncommonTrapBlob}
  0x00007effd0d727e4: c5f8 77e8 

  0x00007effd0d727e8: ; ImmutableOopMap {rbp=Oop }
                      ;*invokevirtual println {reexecute=0 rethrow=0 return_oop=0}
                      ; - dev.RenderTest::loadChar@303 (line 71)
  0x00007effd0d727e8: 14ae a1ff | bed6 ffff | ff4c 8b44 | 2420 4c89 | 4424 088b | 4c24 1889 | 4c24 104c | 8b44 2428 
  0x00007effd0d72808: 4c89 4424 | 184c 8b44 | 2430 4c89 | 4424 204c | 8b44 2440 | 4c89 4424 | 3044 894c | 2414 4489 
  0x00007effd0d72828: 5c24 3844 | 8954 243c 

  0x00007effd0d72830: ;   {runtime_call UncommonTrapBlob}
  0x00007effd0d72830: c5f8 77e8 

  0x00007effd0d72834: ; ImmutableOopMap {rbp=NarrowOop [0]=Oop [8]=Oop [20]=NarrowOop [24]=Oop [48]=Oop [56]=NarrowOop [64]=Oop }
                      ;*aastore {reexecute=1 rethrow=0 return_oop=0}
                      ; - (reexecute) java.util.HashMap::removeNode@246 (line 840)
                      ; - java.util.HashMap::remove@9 (line 797)
                      ; - generaloss.freetype.FTStructCache::unregister@23 (line 43)
                      ; - generaloss.freetype.FTStructCache::unregister@30 (line 63)
                      ; - generaloss.freetype.FTStruct::destroyPointer@1 (line 29)
                      ; - generaloss.freetype.FreeType::ftGlyphToBitmap@37 (line 692)
                      ; - generaloss.freetype.glyph.FTGlyph::toBitmap@11 (line 71)
                      ; - dev.RenderTest::loadChar@50 (line 55)
  0x00007effd0d72834: c8ad a1ff | be45 ffff | ff48 8b2c | 244c 8b54 | 2420 4c89 | 1424 448b | 5424 1844 | 8954 2408 
  0x00007effd0d72854: ;   {runtime_call UncommonTrapBlob}
  0x00007effd0d72854: c5f8 77e8 

  0x00007effd0d72858: ; ImmutableOopMap {rbp=Oop [0]=Oop [40]=Oop [64]=Oop }
                      ;*ifeq {reexecute=1 rethrow=0 return_oop=0}
                      ; - (reexecute) generaloss.freetype.FTStructCache::unregister@35 (line 45)
                      ; - generaloss.freetype.FTStructCache::unregister@30 (line 63)
                      ; - generaloss.freetype.FTStruct::destroyPointer@1 (line 29)
                      ; - generaloss.freetype.FreeType::ftGlyphToBitmap@37 (line 692)
                      ; - generaloss.freetype.glyph.FTGlyph::toBitmap@11 (line 71)
                      ; - dev.RenderTest::loadChar@50 (line 55)
  0x00007effd0d72858: a4ad a1ff | becc ffff | ff4c 8b54 | 2408 4c89 | 1424 4c8b | 5424 104c | 8954 2408 | 4c8b 5424 
  0x00007effd0d72878: 184c 8954 | 2410 448b | 5424 2044 | 8954 2418 | 448b 5c24 | 2444 895c | 241c 4c89 | 6c24 2844 
  0x00007effd0d72898: 894c 2430 

  0x00007effd0d7289c: ;   {runtime_call UncommonTrapBlob}
  0x00007effd0d7289c: c5f8 77e8 

  0x00007effd0d728a0: ; ImmutableOopMap {rbp=NarrowOop [0]=Oop [28]=NarrowOop [40]=Oop }
                      ;*invokestatic arraycopy {reexecute=0 rethrow=0 return_oop=0}
                      ; - java.lang.String::getBytes@27 (line 4479)
                      ; - java.lang.AbstractStringBuilder::putStringAt@30 (line 1720)
                      ; - java.lang.AbstractStringBuilder::putStringAt@8 (line 1724)
                      ; - java.lang.AbstractStringBuilder::append@30 (line 583)
                      ; - java.lang.StringBuilder::append@2 (line 179)
                      ; - dev.RenderTest::loadChar@282 (line 71)
  0x00007effd0d728a0: 5cad a1ff | becc ffff | ff4c 8b54 | 2408 4c89 | 1424 4c8b | 5424 104c | 8954 2408 | 4c8b 5424 
  0x00007effd0d728c0: 184c 8954 | 2410 448b | 5424 2044 | 8954 2418 | 448b 5c24 | 2444 895c | 241c 4889 | 5c24 2844 
  0x00007effd0d728e0: 8944 2430 

  0x00007effd0d728e4: ;   {runtime_call UncommonTrapBlob}
  0x00007effd0d728e4: c5f8 77e8 

  0x00007effd0d728e8: ; ImmutableOopMap {rbp=NarrowOop [0]=Oop [28]=NarrowOop [40]=Oop }
                      ;*invokestatic arraycopy {reexecute=0 rethrow=0 return_oop=0}
                      ; - java.lang.String::getBytes@27 (line 4479)
                      ; - java.lang.AbstractStringBuilder::putStringAt@30 (line 1720)
                      ; - java.lang.AbstractStringBuilder::putStringAt@8 (line 1724)
                      ; - java.lang.AbstractStringBuilder::append@30 (line 583)
                      ; - java.lang.StringBuilder::append@2 (line 179)
                      ; - dev.RenderTest::loadChar@292 (line 71)
  0x00007effd0d728e8: 14ad a1ff | 4533 db4d | 3bda bdff | ffff ff7c | 0840 0f95 | c540 0fb6 | edbe beff | ffff 4c89 
  0x00007effd0d72908: 0c24 4c89 | 5424 084c | 8b54 2418 | 4c89 5424 | 1066 6690 

  0x00007effd0d7291c: ;   {runtime_call UncommonTrapBlob}
  0x00007effd0d7291c: c5f8 77e8 

  0x00007effd0d72920: ; ImmutableOopMap {[0]=Oop }
                      ;*ifge {reexecute=1 rethrow=0 return_oop=0}
                      ; - (reexecute) dev.RenderTest::loadChar@315 (line 73)
  0x00007effd0d72920: dcac a1ff | bede ffff | ff48 8be8 

  0x00007effd0d7292c: ;   {runtime_call UncommonTrapBlob}
  0x00007effd0d7292c: c5f8 77e8 

  0x00007effd0d72930: ; ImmutableOopMap {rbp=Oop }
                      ;*checkcast {reexecute=0 rethrow=0 return_oop=0}
                      ; - generaloss.freetype.FTStructCache::getOrCreate@33 (line 101)
                      ; - generaloss.freetype.freetype.FTFace::getGlyph@16 (line 180)
                      ; - dev.RenderTest::loadChar@13 (line 46)
  0x00007effd0d72930: ccac a1ff | bede ffff | ff48 8be8 

  0x00007effd0d7293c: ;   {runtime_call UncommonTrapBlob}
  0x00007effd0d7293c: c5f8 77e8 

  0x00007effd0d72940: ; ImmutableOopMap {rbp=Oop }
                      ;*checkcast {reexecute=0 rethrow=0 return_oop=0}
                      ; - generaloss.freetype.FTStructCache::getOrCreate@33 (line 101)
                      ; - generaloss.freetype.freetype.FTGlyphSlot::getMetrics@16 (line 54)
                      ; - dev.RenderTest::loadChar@64 (line 61)
  0x00007effd0d72940: bcac a1ff | be45 ffff | ff48 895c | 2410 4489 | 5424 0c90 

  0x00007effd0d72954: ;   {runtime_call UncommonTrapBlob}
  0x00007effd0d72954: c5f8 77e8 

  0x00007effd0d72958: ; ImmutableOopMap {[0]=Oop [12]=NarrowOop [16]=Oop }
                      ;*if_icmpne {reexecute=1 rethrow=0 return_oop=0}
                      ; - (reexecute) generaloss.freetype.types.FTError::byCode@25 (line 167)
                      ; - generaloss.freetype.FreeType::ftLoadGlyph@13 (line 232)
                      ; - generaloss.freetype.FreeType::ftLoadGlyph@14 (line 242)
                      ; - generaloss.freetype.freetype.FTFace::loadGlyph@3 (line 246)
                      ; - generaloss.freetype.freetype.FTFace::loadGlyph@5 (line 261)
                      ; - dev.RenderTest::loadChar@9 (line 42)
  0x00007effd0d72958: a4ac a1ff | be45 ffff | ff48 895c | 2418 4489 | 6c24 0c90 

  0x00007effd0d7296c: ;   {runtime_call UncommonTrapBlob}
  0x00007effd0d7296c: c5f8 77e8 

  0x00007effd0d72970: ; ImmutableOopMap {[0]=Oop [12]=NarrowOop [24]=Oop }
                      ;*if_icmpne {reexecute=1 rethrow=0 return_oop=0}
                      ; - (reexecute) generaloss.freetype.types.FTError::byCode@25 (line 167)
                      ; - generaloss.freetype.FreeType::ftRenderGlyph@21 (line 304)
                      ; - generaloss.freetype.freetype.FTGlyphSlot::renderGlyph@2 (line 159)
                      ; - dev.RenderTest::loadChar@23 (line 48)
  0x00007effd0d72970: 8cac a1ff | be45 ffff | ff4c 8b54 | 2410 4c89 | 5424 0848 | 895c 2420 | 4489 6c24 | 1466 6690 
  0x00007effd0d72990: ;   {runtime_call UncommonTrapBlob}
  0x00007effd0d72990: c5f8 77e8 

  0x00007effd0d72994: ; ImmutableOopMap {[0]=Oop [8]=Oop [20]=NarrowOop [32]=Oop }
                      ;*if_icmpne {reexecute=1 rethrow=0 return_oop=0}
                      ; - (reexecute) generaloss.freetype.types.FTError::byCode@25 (line 167)
                      ; - generaloss.freetype.FreeType::ftGetGlyph@10 (line 655)
                      ; - generaloss.freetype.freetype.FTGlyphSlot::getGlyph@6 (line 170)
                      ; - dev.RenderTest::loadChar@28 (line 50)
  0x00007effd0d72994: 68ac a1ff | be45 ffff | ff4c 8b54 | 2420 4c89 | 5424 0844 | 8b54 2418 | 4489 5424 | 104c 8b54 
  0x00007effd0d729b4: 2428 4c89 | 5424 184c | 8b54 2430 | 4c89 5424 | 2044 894c | 2430 6690 

  0x00007effd0d729cc: ;   {runtime_call UncommonTrapBlob}
  0x00007effd0d729cc: c5f8 77e8 

  0x00007effd0d729d0: ; ImmutableOopMap {[0]=Oop [8]=Oop [24]=Oop [48]=NarrowOop [72]=Oop }
                      ;*ifle {reexecute=1 rethrow=0 return_oop=0}
                      ; - (reexecute) java.util.concurrent.ConcurrentHashMap::get@23 (line 937)
                      ; - generaloss.freetype.FTStructCache::unregister@7 (line 39)
                      ; - generaloss.freetype.FTStructCache::unregister@30 (line 63)
                      ; - generaloss.freetype.FTStruct::destroyPointer@1 (line 29)
                      ; - generaloss.freetype.FreeType::ftGlyphToBitmap@37 (line 692)
                      ; - generaloss.freetype.glyph.FTGlyph::toBitmap@11 (line 71)
                      ; - dev.RenderTest::loadChar@50 (line 55)
  0x00007effd0d729d0: 2cac a1ff | be45 ffff | ff48 8b2c | 244c 8b4c | 2420 4c89 | 0c24 8b4c | 2418 894c | 2408 4c8b 
  0x00007effd0d729f0: 4c24 284c | 894c 2410 | 4c8b 4c24 | 304c 894c | 2418 4c8b | 4c24 404c | 894c 2428 | 4489 4424 
  0x00007effd0d72a10: 0c44 895c | 2430 4489 | 5424 3890 

  0x00007effd0d72a1c: ;   {runtime_call UncommonTrapBlob}
  0x00007effd0d72a1c: c5f8 77e8 

  0x00007effd0d72a20: ; ImmutableOopMap {rbp=Oop [0]=Oop [16]=Oop [40]=Oop [48]=NarrowOop [64]=Oop }
                      ;*ifle {reexecute=1 rethrow=0 return_oop=0}
                      ; - (reexecute) java.util.HashMap::removeNode@16 (line 814)
                      ; - java.util.HashMap::remove@9 (line 797)
                      ; - generaloss.freetype.FTStructCache::unregister@23 (line 43)
                      ; - generaloss.freetype.FTStructCache::unregister@30 (line 63)
                      ; - generaloss.freetype.FTStruct::destroyPointer@1 (line 29)
                      ; - generaloss.freetype.FreeType::ftGlyphToBitmap@37 (line 692)
                      ; - generaloss.freetype.glyph.FTGlyph::toBitmap@11 (line 71)
                      ; - dev.RenderTest::loadChar@50 (line 55)
  0x00007effd0d72a20: dcab a1ff | be45 ffff | ff48 8b4c | 2420 4889 | 4c24 088b | 5c24 1889 | 5c24 1048 | 8b4c 2428 
  0x00007effd0d72a40: 4889 4c24 | 1848 8b4c | 2430 4889 | 4c24 2048 | 8b4c 2440 | 4889 4c24 | 3044 895c | 2438 4489 
  0x00007effd0d72a60: 4c24 3c44 | 8954 2440 | 4489 4424 | 4466 6690 

  0x00007effd0d72a70: ;   {runtime_call UncommonTrapBlob}
  0x00007effd0d72a70: c5f8 77e8 

  0x00007effd0d72a74: ; ImmutableOopMap {[0]=Oop [8]=Oop [24]=Oop [48]=Oop [56]=NarrowOop [60]=NarrowOop }
                      ;*if_icmpne {reexecute=1 rethrow=0 return_oop=0}
                      ; - (reexecute) java.util.HashMap::removeNode@46 (line 817)
                      ; - java.util.HashMap::remove@9 (line 797)
                      ; - generaloss.freetype.FTStructCache::unregister@23 (line 43)
                      ; - generaloss.freetype.FTStructCache::unregister@30 (line 63)
                      ; - generaloss.freetype.FTStruct::destroyPointer@1 (line 29)
                      ; - generaloss.freetype.FreeType::ftGlyphToBitmap@37 (line 692)
                      ; - generaloss.freetype.glyph.FTGlyph::toBitmap@11 (line 71)
                      ; - dev.RenderTest::loadChar@50 (line 55)
  0x00007effd0d72a74: 88ab a1ff | be45 ffff | ff4c 8b54 | 2420 4c89 | 5424 0844 | 8b5c 2418 | 4489 5c24 | 1448 895c 
  0x00007effd0d72a94: 2418 4489 | 6c24 2090 

  0x00007effd0d72a9c: ;   {runtime_call UncommonTrapBlob}
  0x00007effd0d72a9c: c5f8 77e8 

  0x00007effd0d72aa0: ; ImmutableOopMap {[0]=Oop [8]=Oop [24]=Oop [32]=NarrowOop }
                      ;*if_icmpne {reexecute=1 rethrow=0 return_oop=0}
                      ; - (reexecute) generaloss.freetype.types.FTError::byCode@25 (line 167)
                      ; - generaloss.freetype.FreeType::ftGlyphToBitmap@42 (line 694)
                      ; - generaloss.freetype.glyph.FTGlyph::toBitmap@11 (line 71)
                      ; - dev.RenderTest::loadChar@50 (line 55)
  0x00007effd0d72aa0: 5cab a1ff | 498b f7c5 | f877 49ba | 1076 7ae8 | ff7e 0000 | 41ff d2e9 | bbc7 ffff | be45 ffff 
  0x00007effd0d72ac0: ff44 894c | 2414 6690 

  0x00007effd0d72ac8: ;   {runtime_call UncommonTrapBlob}
  0x00007effd0d72ac8: c5f8 77e8 

  0x00007effd0d72acc: ; ImmutableOopMap {[20]=NarrowOop [48]=Oop }
                      ;*ifle {reexecute=1 rethrow=0 return_oop=0}
                      ; - (reexecute) java.util.concurrent.ConcurrentHashMap::get@23 (line 937)
                      ; - generaloss.freetype.FTStructCache::get@7 (line 89)
                      ; - generaloss.freetype.FTStructCache::getOrCreate@10 (line 99)
                      ; - generaloss.freetype.freetype.FTFace::getGlyph@16 (line 180)
                      ; - dev.RenderTest::loadChar@13 (line 46)
  0x00007effd0d72acc: 30ab a1ff | be45 ffff | ff4c 8b54 | 2410 4c89 | 5424 0844 | 8944 2418 

  0x00007effd0d72ae4: ;   {runtime_call UncommonTrapBlob}
  0x00007effd0d72ae4: c5f8 77e8 

  0x00007effd0d72ae8: ; ImmutableOopMap {[0]=Oop [24]=NarrowOop [48]=Oop }
                      ;*ifle {reexecute=1 rethrow=0 return_oop=0}
                      ; - (reexecute) java.util.concurrent.ConcurrentHashMap::get@23 (line 937)
                      ; - generaloss.freetype.FTStructCache::get@7 (line 89)
                      ; - generaloss.freetype.FTStructCache::getOrCreate@10 (line 99)
                      ; - generaloss.freetype.freetype.FTGlyphSlot::getGlyph@24 (line 172)
                      ; - dev.RenderTest::loadChar@28 (line 50)
  0x00007effd0d72ae8: 14ab a1ff | be45 ffff | ff44 894c | 2410 6690 

  0x00007effd0d72af8: ;   {runtime_call UncommonTrapBlob}
  0x00007effd0d72af8: c5f8 77e8 

  0x00007effd0d72afc: ; ImmutableOopMap {[0]=Oop [16]=NarrowOop [48]=Oop }
                      ;*ifle {reexecute=1 rethrow=0 return_oop=0}
                      ; - (reexecute) java.util.concurrent.ConcurrentHashMap::get@23 (line 937)
                      ; - generaloss.freetype.FTStructCache::get@7 (line 89)
                      ; - generaloss.freetype.FTStructCache::getOrCreate@10 (line 99)
                      ; - generaloss.freetype.glyph.FTGlyph::toBitmap@32 (line 73)
                      ; - dev.RenderTest::loadChar@50 (line 55)
  0x00007effd0d72afc: 00ab a1ff | be45 ffff | ff4c 895c | 2408 4489 | 4424 1844 | 8954 241c 

  0x00007effd0d72b14: ;   {runtime_call UncommonTrapBlob}
  0x00007effd0d72b14: c5f8 77e8 

  0x00007effd0d72b18: ; ImmutableOopMap {[0]=Oop [24]=NarrowOop [40]=Oop }
                      ;*ifle {reexecute=1 rethrow=0 return_oop=0}
                      ; - (reexecute) java.util.concurrent.ConcurrentHashMap::get@23 (line 937)
                      ; - generaloss.freetype.FTStructCache::get@7 (line 89)
                      ; - generaloss.freetype.FTStructCache::getOrCreate@10 (line 99)
                      ; - generaloss.freetype.glyph.FTBitmapGlyph::getBitmap@16 (line 41)
                      ; - dev.RenderTest::loadChar@57 (line 57)
  0x00007effd0d72b18: e4aa a1ff | be45 ffff | ff4c 8b44 | 2408 4c89 | 0424 4c89 | 5c24 084c | 896c 2410 | 4489 4c24 
  0x00007effd0d72b38: 1844 8954 | 241c 6690 

  0x00007effd0d72b40: ;   {runtime_call UncommonTrapBlob}
  0x00007effd0d72b40: c5f8 77e8 

  0x00007effd0d72b44: ; ImmutableOopMap {[0]=Oop [16]=Oop [24]=NarrowOop }
                      ;*ifle {reexecute=1 rethrow=0 return_oop=0}
                      ; - (reexecute) java.util.concurrent.ConcurrentHashMap::get@23 (line 937)
                      ; - generaloss.freetype.FTStructCache::get@7 (line 89)
                      ; - generaloss.freetype.FTStructCache::getOrCreate@10 (line 99)
                      ; - generaloss.freetype.freetype.FTGlyphSlot::getMetrics@16 (line 54)
                      ; - dev.RenderTest::loadChar@64 (line 61)
  0x00007effd0d72b44: b8aa a1ff | be45 ffff | ff44 8954 | 2408 6690 

  0x00007effd0d72b54: ;   {runtime_call UncommonTrapBlob}
  0x00007effd0d72b54: c5f8 77e8 

  0x00007effd0d72b58: ; ImmutableOopMap {[0]=Oop [8]=NarrowOop }
                      ;*ifeq {reexecute=1 rethrow=0 return_oop=0}
                      ; - (reexecute) generaloss.freetype.types.FTError::hasError@4 (line 143)
                      ; - generaloss.freetype.types.FTError::checkError@1 (line 151)
                      ; - generaloss.freetype.freetype.FTFace::loadGlyph@10 (line 247)
                      ; - generaloss.freetype.freetype.FTFace::loadGlyph@5 (line 261)
                      ; - dev.RenderTest::loadChar@9 (line 42)
  0x00007effd0d72b58: a4aa a1ff | 4533 d249 | 3bc2 bdff | ffff ff7c | 0840 0f95 | c540 0fb6 | edbe 45ff | ffff 4889 
  0x00007effd0d72b78: 0424 6690 

  0x00007effd0d72b7c: ;   {runtime_call UncommonTrapBlob}
  0x00007effd0d72b7c: c5f8 77e8 

  0x00007effd0d72b80: ; ImmutableOopMap {}
                      ;*ifne {reexecute=1 rethrow=0 return_oop=0}
                      ; - (reexecute) generaloss.freetype.FTStructCache::getOrCreate@3 (line 96)
                      ; - generaloss.freetype.freetype.FTFace::getGlyph@16 (line 180)
                      ; - dev.RenderTest::loadChar@13 (line 46)
  0x00007effd0d72b80: 7caa a1ff | be45 ffff | ff44 896c | 2408 6690 

  0x00007effd0d72b90: ;   {runtime_call UncommonTrapBlob}
  0x00007effd0d72b90: c5f8 77e8 

  0x00007effd0d72b94: ; ImmutableOopMap {[0]=Oop [8]=NarrowOop }
                      ;*ifeq {reexecute=1 rethrow=0 return_oop=0}
                      ; - (reexecute) generaloss.freetype.types.FTError::hasError@4 (line 143)
                      ; - generaloss.freetype.types.FTError::checkError@1 (line 151)
                      ; - generaloss.freetype.freetype.FTGlyphSlot::renderGlyph@7 (line 160)
                      ; - dev.RenderTest::loadChar@23 (line 48)
  0x00007effd0d72b94: 68aa a1ff | be45 ffff | ff4c 8b54 | 2410 4c89 | 5424 0844 | 896c 2410 

  0x00007effd0d72bac: ;   {runtime_call UncommonTrapBlob}
  0x00007effd0d72bac: c5f8 77e8 

  0x00007effd0d72bb0: ; ImmutableOopMap {[0]=Oop [8]=Oop [16]=NarrowOop }
                      ;*ifeq {reexecute=1 rethrow=0 return_oop=0}
                      ; - (reexecute) generaloss.freetype.types.FTError::hasError@4 (line 143)
                      ; - generaloss.freetype.types.FTError::checkError@1 (line 151)
                      ; - generaloss.freetype.freetype.FTGlyphSlot::getGlyph@11 (line 171)
                      ; - dev.RenderTest::loadChar@28 (line 50)
  0x00007effd0d72bb0: 4caa a1ff | 4533 d24d | 3bc2 bdff | ffff ff7c | 0840 0f95 | c540 0fb6 | edbe 45ff | ffff 4c89 
  0x00007effd0d72bd0: 4424 0890 

  0x00007effd0d72bd4: ;   {runtime_call UncommonTrapBlob}
  0x00007effd0d72bd4: c5f8 77e8 

  0x00007effd0d72bd8: ; ImmutableOopMap {[0]=Oop }
                      ;*ifne {reexecute=1 rethrow=0 return_oop=0}
                      ; - (reexecute) generaloss.freetype.FTStructCache::getOrCreate@3 (line 96)
                      ; - generaloss.freetype.freetype.FTGlyphSlot::getGlyph@24 (line 172)
                      ; - dev.RenderTest::loadChar@28 (line 50)
  0x00007effd0d72bd8: 24aa a1ff | 4533 d249 | 3bc2 bdff | ffff ff7c | 0840 0f95 | c540 0fb6 | edbe 45ff | ffff 4c8b 
  0x00007effd0d72bf8: 5424 104c | 8954 2408 

  0x00007effd0d72c00: ;   {runtime_call UncommonTrapBlob}
  0x00007effd0d72c00: c5f8 77e8 

  0x00007effd0d72c04: ; ImmutableOopMap {[0]=Oop [8]=Oop [24]=Oop }
                      ;*ifne {reexecute=1 rethrow=0 return_oop=0}
                      ; - (reexecute) generaloss.freetype.FTStruct::isDestroyed@6 (line 34)
                      ; - generaloss.freetype.FTStruct::checkPointer@1 (line 16)
                      ; - generaloss.freetype.FTStruct::<init>@10 (line 11)
                      ; - generaloss.freetype.types.FTVector::<init>@2 (line 11)
                      ; - generaloss.freetype.types.FTVector::<init>@4 (line 15)
                      ; - dev.RenderTest::loadChar@37 (line 54)
  0x00007effd0d72c04: f8a9 a1ff | 4533 db4d | 3bc3 bdff | ffff ff7c | 0840 0f95 | c540 0fb6 | edbe 45ff | ffff 4c8b 
  0x00007effd0d72c24: 5c24 204c | 895c 2408 | 8944 2410 | 4c89 5424 | 2066 6690 

  0x00007effd0d72c38: ;   {runtime_call UncommonTrapBlob}
  0x00007effd0d72c38: c5f8 77e8 

  0x00007effd0d72c3c: ; ImmutableOopMap {[0]=Oop [8]=Oop [32]=Oop }
                      ;*ifne {reexecute=1 rethrow=0 return_oop=0}
                      ; - (reexecute) generaloss.freetype.FTStruct::isDestroyed@6 (line 34)
                      ; - generaloss.freetype.FTStructCache::unregister@6 (line 61)
                      ; - generaloss.freetype.FTStruct::destroyPointer@1 (line 29)
                      ; - generaloss.freetype.FreeType::ftGlyphToBitmap@37 (line 692)
                      ; - generaloss.freetype.glyph.FTGlyph::toBitmap@11 (line 71)
                      ; - dev.RenderTest::loadChar@50 (line 55)
  0x00007effd0d72c3c: c0a9 a1ff | be45 ffff | ff48 8b4c | 2420 4889 | 4c24 088b | 4c24 1889 | 4c24 1048 | 8b4c 2428 
  0x00007effd0d72c5c: 4889 4c24 | 1848 8b4c | 2430 4889 | 4c24 2048 | 8b4c 2440 | 4889 4c24 | 3044 8944 | 2414 4489 
  0x00007effd0d72c7c: 5c24 3844 | 894c 243c | 4489 5424 | 4066 6690 

  0x00007effd0d72c8c: ;   {runtime_call UncommonTrapBlob}
  0x00007effd0d72c8c: c5f8 77e8 

  0x00007effd0d72c90: ; ImmutableOopMap {rbp=NarrowOop [0]=Oop [8]=Oop [24]=Oop [48]=Oop [56]=NarrowOop [60]=NarrowOop }
                      ;*if_acmpeq {reexecute=1 rethrow=0 return_oop=0}
                      ; - (reexecute) java.util.HashMap::removeNode@58 (line 817)
                      ; - java.util.HashMap::remove@9 (line 797)
                      ; - generaloss.freetype.FTStructCache::unregister@23 (line 43)
                      ; - generaloss.freetype.FTStructCache::unregister@30 (line 63)
                      ; - generaloss.freetype.FTStruct::destroyPointer@1 (line 29)
                      ; - generaloss.freetype.FreeType::ftGlyphToBitmap@37 (line 692)
                      ; - generaloss.freetype.glyph.FTGlyph::toBitmap@11 (line 71)
                      ; - dev.RenderTest::loadChar@50 (line 55)
  0x00007effd0d72c90: 6ca9 a1ff | be45 ffff | ff48 8b2c | 2444 8b54 | 2418 4489 | 5424 0848 | 8944 2418 

  0x00007effd0d72cac: ;   {runtime_call UncommonTrapBlob}
  0x00007effd0d72cac: c5f8 77e8 

  0x00007effd0d72cb0: ; ImmutableOopMap {rbp=Oop [24]=Oop [32]=Oop [40]=Oop }
                      ;*ifnull {reexecute=1 rethrow=0 return_oop=0}
                      ; - (reexecute) java.util.concurrent.ConcurrentHashMap::remove@23 (line 1552)
                      ; - generaloss.freetype.FTStructCache::unregister@46 (line 46)
                      ; - generaloss.freetype.FTStructCache::unregister@30 (line 63)
                      ; - generaloss.freetype.FTStruct::destroyPointer@1 (line 29)
                      ; - generaloss.freetype.FreeType::ftGlyphToBitmap@37 (line 692)
                      ; - generaloss.freetype.glyph.FTGlyph::toBitmap@11 (line 71)
                      ; - dev.RenderTest::loadChar@50 (line 55)
  0x00007effd0d72cb0: 4ca9 a1ff | be45 ffff | ff44 896c | 2410 6690 

  0x00007effd0d72cc0: ;   {runtime_call UncommonTrapBlob}
  0x00007effd0d72cc0: c5f8 77e8 

  0x00007effd0d72cc4: ; ImmutableOopMap {[0]=Oop [16]=NarrowOop [32]=Oop }
                      ;*ifeq {reexecute=1 rethrow=0 return_oop=0}
                      ; - (reexecute) generaloss.freetype.types.FTError::hasError@4 (line 143)
                      ; - generaloss.freetype.types.FTError::checkError@1 (line 151)
                      ; - generaloss.freetype.glyph.FTGlyph::toBitmap@18 (line 72)
                      ; - dev.RenderTest::loadChar@50 (line 55)
  0x00007effd0d72cc4: 38a9 a1ff | 4533 d24d | 3bda bdff | ffff ff7c | 0840 0f95 | c540 0fb6 | edbe 45ff | ffff 4c89 
  0x00007effd0d72ce4: 5c24 0890 

  0x00007effd0d72ce8: ;   {runtime_call UncommonTrapBlob}
  0x00007effd0d72ce8: c5f8 77e8 

  0x00007effd0d72cec: ; ImmutableOopMap {[0]=Oop }
                      ;*ifne {reexecute=1 rethrow=0 return_oop=0}
                      ; - (reexecute) generaloss.freetype.FTStructCache::getOrCreate@3 (line 96)
                      ; - generaloss.freetype.glyph.FTGlyph::toBitmap@32 (line 73)
                      ; - dev.RenderTest::loadChar@50 (line 55)
  0x00007effd0d72cec: 10a9 a1ff | 4533 d249 | 3bc2 bdff | ffff ff7c | 0840 0f95 | c540 0fb6 | edbe 45ff | ffff 4889 
  0x00007effd0d72d0c: 4424 0890 

  0x00007effd0d72d10: ;   {runtime_call UncommonTrapBlob}
  0x00007effd0d72d10: c5f8 77e8 

  0x00007effd0d72d14: ; ImmutableOopMap {[0]=Oop }
                      ;*ifne {reexecute=1 rethrow=0 return_oop=0}
                      ; - (reexecute) generaloss.freetype.FTStructCache::getOrCreate@3 (line 96)
                      ; - generaloss.freetype.glyph.FTBitmapGlyph::getBitmap@16 (line 41)
                      ; - dev.RenderTest::loadChar@57 (line 57)
  0x00007effd0d72d14: e8a8 a1ff | 4533 d249 | 3bc2 bdff | ffff ff7c | 0840 0f95 | c540 0fb6 | edbe 45ff | ffff 4c8b 
  0x00007effd0d72d34: 5424 084c | 8914 2448 | 8944 2408 

  0x00007effd0d72d40: ;   {runtime_call UncommonTrapBlob}
  0x00007effd0d72d40: c5f8 77e8 

  0x00007effd0d72d44: ; ImmutableOopMap {[0]=Oop }
                      ;*ifne {reexecute=1 rethrow=0 return_oop=0}
                      ; - (reexecute) generaloss.freetype.FTStructCache::getOrCreate@3 (line 96)
                      ; - generaloss.freetype.freetype.FTGlyphSlot::getMetrics@16 (line 54)
                      ; - dev.RenderTest::loadChar@64 (line 61)
  0x00007effd0d72d44: b8a8 a1ff | be45 ffff | ff89 4424 | 1466 6690 

  0x00007effd0d72d54: ;   {runtime_call UncommonTrapBlob}
  0x00007effd0d72d54: c5f8 77e8 

  0x00007effd0d72d58: ; ImmutableOopMap {rbp=Oop [0]=Oop [8]=Oop [16]=NarrowOop }
                      ;*ifeq {reexecute=1 rethrow=0 return_oop=0}
                      ; - (reexecute) java.lang.StringBuilder::toString@4 (line 453)
                      ; - dev.RenderTest::loadChar@100 (line 63)
  0x00007effd0d72d58: a4a8 a1ff | be45 ffff | ff48 8b6c | 2408 4c89 | 5424 0848 | 8944 2418 

  0x00007effd0d72d70: ;   {runtime_call UncommonTrapBlob}
  0x00007effd0d72d70: c5f8 77e8 

  0x00007effd0d72d74: ; ImmutableOopMap {rbp=Oop [0]=Oop [8]=Oop [24]=Oop }
                      ;*ifnonnull {reexecute=1 rethrow=0 return_oop=0}
                      ; - (reexecute) java.lang.String::valueOf@1 (line 4220)
                      ; - java.io.PrintStream::println@11 (line 1028)
                      ; - dev.RenderTest::loadChar@103 (line 63)
  0x00007effd0d72d74: 88a8 a1ff | be45 ffff | ff4c 8b54 | 2408 4c89 | 1424 8944 | 240c 6690 

  0x00007effd0d72d8c: ;   {runtime_call UncommonTrapBlob}
  0x00007effd0d72d8c: c5f8 77e8 

  0x00007effd0d72d90: ; ImmutableOopMap {rbp=Oop [0]=Oop [16]=NarrowOop }
                      ;*ifeq {reexecute=1 rethrow=0 return_oop=0}
                      ; - (reexecute) java.lang.StringBuilder::toString@4 (line 453)
                      ; - dev.RenderTest::loadChar@150 (line 64)
  0x00007effd0d72d90: 6ca8 a1ff | be45 ffff | ff48 8b6c | 2408 4c89 | 1424 4889 | 4424 1090 

  0x00007effd0d72da8: ;   {runtime_call UncommonTrapBlob}
  0x00007effd0d72da8: c5f8 77e8 

  0x00007effd0d72dac: ; ImmutableOopMap {rbp=Oop [0]=Oop [16]=Oop }
                      ;*ifnonnull {reexecute=1 rethrow=0 return_oop=0}
                      ; - (reexecute) java.lang.String::valueOf@1 (line 4220)
                      ; - java.io.PrintStream::println@11 (line 1028)
                      ; - dev.RenderTest::loadChar@153 (line 64)
  0x00007effd0d72dac: 50a8 a1ff | be45 ffff | ff89 4424 | 1066 6690 

  0x00007effd0d72dbc: ;   {runtime_call UncommonTrapBlob}
  0x00007effd0d72dbc: c5f8 77e8 

  0x00007effd0d72dc0: ; ImmutableOopMap {rbp=NarrowOop [0]=Oop [8]=Oop }
                      ;*ifeq {reexecute=1 rethrow=0 return_oop=0}
                      ; - (reexecute) java.lang.StringBuilder::toString@4 (line 453)
                      ; - dev.RenderTest::loadChar@213 (line 65)
  0x00007effd0d72dc0: 3ca8 a1ff | be45 ffff | ff48 8b6c | 2408 4c89 | 1424 4889 | 4424 1090 

  0x00007effd0d72dd8: ;   {runtime_call UncommonTrapBlob}
  0x00007effd0d72dd8: c5f8 77e8 

  0x00007effd0d72ddc: ; ImmutableOopMap {rbp=Oop [0]=Oop [16]=Oop }
                      ;*ifnonnull {reexecute=1 rethrow=0 return_oop=0}
                      ; - (reexecute) java.lang.String::valueOf@1 (line 4220)
                      ; - java.io.PrintStream::println@11 (line 1028)
                      ; - dev.RenderTest::loadChar@216 (line 65)
  0x00007effd0d72ddc: 20a8 a1ff | be45 ffff | ff48 8b6c | 2408 4c8b | 5424 104c | 8914 244c | 8b54 2418 | 4c89 5424 
  0x00007effd0d72dfc: 0844 8b5c | 2420 4489 | 5c24 1044 | 8b54 2424 | 4489 5424 | 144c 896c | 2420 4c89 | 6c24 2844 
  0x00007effd0d72e1c: 894c 2430 | 894c 2434 

  0x00007effd0d72e24: ;   {runtime_call UncommonTrapBlob}
  0x00007effd0d72e24: c5f8 77e8 

  0x00007effd0d72e28: ; ImmutableOopMap {rbp=Oop [20]=NarrowOop [32]=Oop [40]=Oop }
                      ;*if_icmpeq {reexecute=1 rethrow=0 return_oop=0}
                      ; - (reexecute) java.lang.AbstractStringBuilder::putStringAt@8 (line 1717)
                      ; - java.lang.AbstractStringBuilder::putStringAt@8 (line 1724)
                      ; - java.lang.AbstractStringBuilder::append@30 (line 583)
                      ; - java.lang.StringBuilder::append@2 (line 179)
                      ; - dev.RenderTest::loadChar@282 (line 71)
  0x00007effd0d72e28: d4a7 a1ff | be45 ffff | ff48 8b6c | 2408 4c8b | 5424 104c | 8914 244c | 8b54 2418 | 4c89 5424 
  0x00007effd0d72e48: 0844 8b5c | 2420 4489 | 5c24 1044 | 8b54 2424 | 4489 5424 | 1448 895c | 2420 4889 | 5c24 2844 
  0x00007effd0d72e68: 8944 2430 | 894c 2434 

  0x00007effd0d72e70: ;   {runtime_call UncommonTrapBlob}
  0x00007effd0d72e70: c5f8 77e8 

  0x00007effd0d72e74: ; ImmutableOopMap {rbp=Oop [20]=NarrowOop [32]=Oop [40]=Oop }
                      ;*if_icmpeq {reexecute=1 rethrow=0 return_oop=0}
                      ; - (reexecute) java.lang.AbstractStringBuilder::putStringAt@8 (line 1717)
                      ; - java.lang.AbstractStringBuilder::putStringAt@8 (line 1724)
                      ; - java.lang.AbstractStringBuilder::append@30 (line 583)
                      ; - java.lang.StringBuilder::append@2 (line 179)
                      ; - dev.RenderTest::loadChar@292 (line 71)
  0x00007effd0d72e74: 88a7 a1ff | bede ffff | ff66 6690 

  0x00007effd0d72e80: ;   {runtime_call UncommonTrapBlob}
  0x00007effd0d72e80: c5f8 77e8 

  0x00007effd0d72e84: ; ImmutableOopMap {rbp=NarrowOop }
                      ;*checkcast {reexecute=0 rethrow=0 return_oop=0}
                      ; - generaloss.freetype.FTStructCache::getOrCreate@13 (line 99)
                      ; - generaloss.freetype.freetype.FTFace::getGlyph@16 (line 180)
                      ; - dev.RenderTest::loadChar@13 (line 46)
  0x00007effd0d72e84: 78a7 a1ff | bede ffff | ff66 6690 

  0x00007effd0d72e90: ;   {runtime_call UncommonTrapBlob}
  0x00007effd0d72e90: c5f8 77e8 

  0x00007effd0d72e94: ; ImmutableOopMap {rbp=NarrowOop }
                      ;*checkcast {reexecute=0 rethrow=0 return_oop=0}
                      ; - generaloss.freetype.FTStructCache::getOrCreate@13 (line 99)
                      ; - generaloss.freetype.freetype.FTGlyphSlot::getGlyph@24 (line 172)
                      ; - dev.RenderTest::loadChar@28 (line 50)
  0x00007effd0d72e94: 68a7 a1ff | bede ffff | ff66 6690 

  0x00007effd0d72ea0: ;   {runtime_call UncommonTrapBlob}
  0x00007effd0d72ea0: c5f8 77e8 

  0x00007effd0d72ea4: ; ImmutableOopMap {rbp=NarrowOop }
                      ;*checkcast {reexecute=0 rethrow=0 return_oop=0}
                      ; - generaloss.freetype.FTStructCache::getOrCreate@13 (line 99)
                      ; - generaloss.freetype.glyph.FTGlyph::toBitmap@32 (line 73)
                      ; - dev.RenderTest::loadChar@50 (line 55)
  0x00007effd0d72ea4: 58a7 a1ff | bede ffff | ff66 6690 

  0x00007effd0d72eb0: ;   {runtime_call UncommonTrapBlob}
  0x00007effd0d72eb0: c5f8 77e8 

  0x00007effd0d72eb4: ; ImmutableOopMap {rbp=NarrowOop }
                      ;*checkcast {reexecute=0 rethrow=0 return_oop=0}
                      ; - generaloss.freetype.FTStructCache::getOrCreate@13 (line 99)
                      ; - generaloss.freetype.glyph.FTBitmapGlyph::getBitmap@16 (line 41)
                      ; - dev.RenderTest::loadChar@57 (line 57)
  0x00007effd0d72eb4: 48a7 a1ff | bede ffff | ff66 6690 

  0x00007effd0d72ec0: ;   {runtime_call UncommonTrapBlob}
  0x00007effd0d72ec0: c5f8 77e8 

  0x00007effd0d72ec4: ; ImmutableOopMap {rbp=NarrowOop }
                      ;*checkcast {reexecute=0 rethrow=0 return_oop=0}
                      ; - generaloss.freetype.FTStructCache::getOrCreate@13 (line 99)
                      ; - generaloss.freetype.freetype.FTGlyphSlot::getMetrics@16 (line 54)
                      ; - dev.RenderTest::loadChar@64 (line 61)
  0x00007effd0d72ec4: 38a7 a1ff | 4d3b dabd | ffff ffff | 7c08 400f | 95c5 400f | b6ed be45 | ffff ff4c | 8b54 2420 
  0x00007effd0d72ee4: 4c89 5424 | 0844 8b54 | 2418 4489 | 5424 104c | 8b54 2428 | 4c89 5424 | 184c 895c | 2420 4c89 
  0x00007effd0d72f04: 4424 3090 

  0x00007effd0d72f08: ;   {runtime_call UncommonTrapBlob}
  0x00007effd0d72f08: c5f8 77e8 

  0x00007effd0d72f0c: ; ImmutableOopMap {[0]=Oop [8]=Oop [24]=Oop [48]=Oop [72]=Oop }
                      ;*ifne {reexecute=1 rethrow=0 return_oop=0}
                      ; - (reexecute) java.lang.Long::equals@19 (line 1460)
                      ; - java.util.concurrent.ConcurrentHashMap::get@149 (line 947)
                      ; - generaloss.freetype.FTStructCache::unregister@7 (line 39)
                      ; - generaloss.freetype.FTStructCache::unregister@30 (line 63)
                      ; - generaloss.freetype.FTStruct::destroyPointer@1 (line 29)
                      ; - generaloss.freetype.FreeType::ftGlyphToBitmap@37 (line 692)
                      ; - generaloss.freetype.glyph.FTGlyph::toBitmap@11 (line 71)
                      ; - dev.RenderTest::loadChar@50 (line 55)
  0x00007effd0d72f0c: f0a6 a1ff | be45 ffff | ff44 8954 | 2408 6690 

  0x00007effd0d72f1c: ;   {runtime_call UncommonTrapBlob}
  0x00007effd0d72f1c: c5f8 77e8 

  0x00007effd0d72f20: ; ImmutableOopMap {[8]=NarrowOop }
                      ;*ifle {reexecute=1 rethrow=0 return_oop=0}
                      ; - (reexecute) java.util.HashMap::getNode@14 (line 567)
                      ; - java.util.HashMap::get@2 (line 556)
                      ; - generaloss.freetype.FTStructCache::get@24 (line 92)
                      ; - generaloss.freetype.FTStructCache::getOrCreate@10 (line 99)
                      ; - generaloss.freetype.freetype.FTFace::getGlyph@16 (line 180)
                      ; - dev.RenderTest::loadChar@13 (line 46)
  0x00007effd0d72f20: dca6 a1ff | be45 ffff | ff48 8b2c | 244c 8b54 | 2410 4c89 | 1424 4489 | 4c24 0844 | 8944 2410 
  0x00007effd0d72f40: ;   {runtime_call UncommonTrapBlob}
  0x00007effd0d72f40: c5f8 77e8 

  0x00007effd0d72f44: ; ImmutableOopMap {rbp=Oop [8]=NarrowOop }
                      ;*ifle {reexecute=1 rethrow=0 return_oop=0}
                      ; - (reexecute) java.util.HashMap::getNode@14 (line 567)
                      ; - java.util.HashMap::get@2 (line 556)
                      ; - generaloss.freetype.FTStructCache::get@24 (line 92)
                      ; - generaloss.freetype.FTStructCache::getOrCreate@10 (line 99)
                      ; - generaloss.freetype.freetype.FTGlyphSlot::getGlyph@24 (line 172)
                      ; - dev.RenderTest::loadChar@28 (line 50)
  0x00007effd0d72f44: b8a6 a1ff | be45 ffff | ff48 8b2c | 244c 8b54 | 2408 4c89 | 1424 4489 | 4c24 0844 | 895c 2410 
  0x00007effd0d72f64: ;   {runtime_call UncommonTrapBlob}
  0x00007effd0d72f64: c5f8 77e8 

  0x00007effd0d72f68: ; ImmutableOopMap {rbp=Oop [8]=NarrowOop }
                      ;*ifle {reexecute=1 rethrow=0 return_oop=0}
                      ; - (reexecute) java.util.HashMap::getNode@14 (line 567)
                      ; - java.util.HashMap::get@2 (line 556)
                      ; - generaloss.freetype.FTStructCache::get@24 (line 92)
                      ; - generaloss.freetype.FTStructCache::getOrCreate@10 (line 99)
                      ; - generaloss.freetype.glyph.FTGlyph::toBitmap@32 (line 73)
                      ; - dev.RenderTest::loadChar@50 (line 55)
  0x00007effd0d72f68: 94a6 a1ff | be45 ffff | ff48 8b2c | 244c 891c | 2444 8944 | 2408 4489 | 5424 1090 

  0x00007effd0d72f84: ;   {runtime_call UncommonTrapBlob}
  0x00007effd0d72f84: c5f8 77e8 

  0x00007effd0d72f88: ; ImmutableOopMap {rbp=Oop [8]=NarrowOop }
                      ;*ifle {reexecute=1 rethrow=0 return_oop=0}
                      ; - (reexecute) java.util.HashMap::getNode@14 (line 567)
                      ; - java.util.HashMap::get@2 (line 556)
                      ; - generaloss.freetype.FTStructCache::get@24 (line 92)
                      ; - generaloss.freetype.FTStructCache::getOrCreate@10 (line 99)
                      ; - generaloss.freetype.glyph.FTBitmapGlyph::getBitmap@16 (line 41)
                      ; - dev.RenderTest::loadChar@57 (line 57)
  0x00007effd0d72f88: 74a6 a1ff | be45 ffff | ff48 8b6c | 2408 4c89 | 1c24 4489 | 5424 0844 | 894c 2410 

  0x00007effd0d72fa4: ;   {runtime_call UncommonTrapBlob}
  0x00007effd0d72fa4: c5f8 77e8 

  0x00007effd0d72fa8: ; ImmutableOopMap {rbp=Oop [8]=NarrowOop }
                      ;*ifle {reexecute=1 rethrow=0 return_oop=0}
                      ; - (reexecute) java.util.HashMap::getNode@14 (line 567)
                      ; - java.util.HashMap::get@2 (line 556)
                      ; - generaloss.freetype.FTStructCache::get@24 (line 92)
                      ; - generaloss.freetype.FTStructCache::getOrCreate@10 (line 99)
                      ; - generaloss.freetype.freetype.FTGlyphSlot::getMetrics@16 (line 54)
                      ; - dev.RenderTest::loadChar@64 (line 61)
  0x00007effd0d72fa8: 54a6 a1ff | 4d3b dabd | ffff ffff | 7c08 400f | 95c5 400f | b6ed be45 | ffff ff4c | 8b54 2420 
  0x00007effd0d72fc8: 4c89 5424 | 0844 8b4c | 2418 4489 | 4c24 104c | 8b54 2428 | 4c89 5424 | 184c 895c | 2420 4489 
  0x00007effd0d72fe8: 4424 3090 

  0x00007effd0d72fec: ;   {runtime_call UncommonTrapBlob}
  0x00007effd0d72fec: c5f8 77e8 

  0x00007effd0d72ff0: ; ImmutableOopMap {[0]=Oop [8]=Oop [24]=Oop [48]=NarrowOop [72]=Oop }
                      ;*ifne {reexecute=1 rethrow=0 return_oop=0}
                      ; - (reexecute) java.lang.Long::equals@19 (line 1460)
                      ; - java.util.concurrent.ConcurrentHashMap::get@73 (line 940)
                      ; - generaloss.freetype.FTStructCache::unregister@7 (line 39)
                      ; - generaloss.freetype.FTStructCache::unregister@30 (line 63)
                      ; - generaloss.freetype.FTStruct::destroyPointer@1 (line 29)
                      ; - generaloss.freetype.FreeType::ftGlyphToBitmap@37 (line 692)
                      ; - generaloss.freetype.glyph.FTGlyph::toBitmap@11 (line 71)
                      ; - dev.RenderTest::loadChar@50 (line 55)
  0x00007effd0d72ff0: 0ca6 a1ff | 4d63 cbe9 | 54d9 ffff | 4983 c1fe | 498b c948 | 8bfe 4833 | c048 83f9 | 087f 1048 
  0x00007effd0d73010: ffc9 784f | 4889 04cf | 48ff c97d | f7eb 44c5 | fdef c0e9 | 0d00 0000 | c5fe 7f07 | c5fe 7f47 
  0x00007effd0d73030: 2048 83c7 | 4048 83e9 | 087d ed48 | 83c1 047c | 0cc5 fe7f | 0748 83c7 | 2048 83e9 | 0448 83c1 
  0x00007effd0d73050: 047e 1048 | ffc9 c5f9 | d607 4883 | c708 48ff | c97d f3e9 | afd9 ffff | 4d63 c3e9 | 45da ffff 
  0x00007effd0d73070: 4983 c0fe | 498b c848 | 8bfe 4833 | c048 83f9 | 087f 1048 | ffc9 784f | 4889 04cf | 48ff c97d 
  0x00007effd0d73090: f7eb 44c5 | fdef c0e9 | 0d00 0000 | c5fe 7f07 | c5fe 7f47 | 2048 83c7 | 4048 83e9 | 087d ed48 
  0x00007effd0d730b0: 83c1 047c | 0cc5 fe7f | 0748 83c7 | 2048 83e9 | 0448 83c1 | 047e 1048 | ffc9 c5f9 | d607 4883 
  0x00007effd0d730d0: c708 48ff | c97d f3e9 | a3da ffff | becc ffff | ff48 8b6c | 2408 4c8b | 5424 104c | 8914 244c 
  0x00007effd0d730f0: 8b54 2418 | 4c89 5424 | 0844 8b4c | 2420 4489 | 4c24 1044 | 8b54 2424 | 4489 5424 | 1448 8944 
  0x00007effd0d73110: 2420 4889 | 4424 2844 | 8944 2430 | 4489 5c24 | 3866 6690 

  0x00007effd0d73124: ;   {runtime_call UncommonTrapBlob}
  0x00007effd0d73124: c5f8 77e8 

  0x00007effd0d73128: ; ImmutableOopMap {rbp=Oop [20]=NarrowOop [32]=Oop [40]=Oop [48]=NarrowOop }
                      ;*newarray {reexecute=1 rethrow=0 return_oop=0}
                      ; - (reexecute) java.util.Arrays::copyOf@1 (line 3537)
                      ; - java.lang.AbstractStringBuilder::ensureCapacityInternal@32 (line 228)
                      ; - java.lang.AbstractStringBuilder::append@21 (line 582)
                      ; - java.lang.StringBuilder::append@2 (line 179)
                      ; - dev.RenderTest::loadChar@282 (line 71)
  0x00007effd0d73128: d4a4 a1ff | becc ffff | ff48 8b6c | 2408 4c8b | 5424 104c | 8914 244c | 8b54 2418 | 4c89 5424 
  0x00007effd0d73148: 0844 8b44 | 2420 4489 | 4424 1044 | 8b54 2424 | 4489 5424 | 1448 8944 | 2420 4889 | 4424 2844 
  0x00007effd0d73168: 894c 2430 | 4489 5c24 | 3866 6690 

  0x00007effd0d73174: ;   {runtime_call UncommonTrapBlob}
  0x00007effd0d73174: c5f8 77e8 

  0x00007effd0d73178: ; ImmutableOopMap {rbp=Oop [20]=NarrowOop [32]=Oop [40]=Oop [48]=NarrowOop }
                      ;*newarray {reexecute=1 rethrow=0 return_oop=0}
                      ; - (reexecute) java.util.Arrays::copyOf@1 (line 3537)
                      ; - java.lang.AbstractStringBuilder::ensureCapacityInternal@32 (line 228)
                      ; - java.lang.AbstractStringBuilder::append@21 (line 582)
                      ; - java.lang.StringBuilder::append@2 (line 179)
                      ; - dev.RenderTest::loadChar@292 (line 71)
  0x00007effd0d73178: 84a4 a1ff | 4d3b d8bd | ffff ffff | 7c08 400f | 95c5 400f | b6ed be45 | ffff ff44 | 8954 2414 
  0x00007effd0d73198: ;   {runtime_call UncommonTrapBlob}
  0x00007effd0d73198: c5f8 77e8 

  0x00007effd0d7319c: ; ImmutableOopMap {[20]=NarrowOop [48]=Oop }
                      ;*ifne {reexecute=1 rethrow=0 return_oop=0}
                      ; - (reexecute) java.lang.Long::equals@19 (line 1460)
                      ; - java.util.concurrent.ConcurrentHashMap::get@73 (line 940)
                      ; - generaloss.freetype.FTStructCache::get@7 (line 89)
                      ; - generaloss.freetype.FTStructCache::getOrCreate@10 (line 99)
                      ; - generaloss.freetype.freetype.FTFace::getGlyph@16 (line 180)
                      ; - dev.RenderTest::loadChar@13 (line 46)
  0x00007effd0d7319c: 60a4 a1ff | 4d3b c3bd | ffff ffff | 7c08 400f | 95c5 400f | b6ed be45 | ffff ff48 | ff74 2410 
  0x00007effd0d731bc: 488f 4424 | 0844 8954 | 2418 6690 

  0x00007effd0d731c8: ;   {runtime_call UncommonTrapBlob}
  0x00007effd0d731c8: c5f8 77e8 

  0x00007effd0d731cc: ; ImmutableOopMap {[0]=Oop [24]=NarrowOop [48]=Oop }
                      ;*ifne {reexecute=1 rethrow=0 return_oop=0}
                      ; - (reexecute) java.lang.Long::equals@19 (line 1460)
                      ; - java.util.concurrent.ConcurrentHashMap::get@73 (line 940)
                      ; - generaloss.freetype.FTStructCache::get@7 (line 89)
                      ; - generaloss.freetype.FTStructCache::getOrCreate@10 (line 99)
                      ; - generaloss.freetype.freetype.FTGlyphSlot::getGlyph@24 (line 172)
                      ; - dev.RenderTest::loadChar@28 (line 50)
  0x00007effd0d731cc: 30a4 a1ff | 4d3b d8bd | ffff ffff | 7c08 400f | 95c5 400f | b6ed be45 | ffff ff44 | 8954 2410 
  0x00007effd0d731ec: ;   {runtime_call UncommonTrapBlob}
  0x00007effd0d731ec: c5f8 77e8 

  0x00007effd0d731f0: ; ImmutableOopMap {[0]=Oop [16]=NarrowOop [48]=Oop }
                      ;*ifne {reexecute=1 rethrow=0 return_oop=0}
                      ; - (reexecute) java.lang.Long::equals@19 (line 1460)
                      ; - java.util.concurrent.ConcurrentHashMap::get@73 (line 940)
                      ; - generaloss.freetype.FTStructCache::get@7 (line 89)
                      ; - generaloss.freetype.FTStructCache::getOrCreate@10 (line 99)
                      ; - generaloss.freetype.glyph.FTGlyph::toBitmap@32 (line 73)
                      ; - dev.RenderTest::loadChar@50 (line 55)
  0x00007effd0d731f0: 0ca4 a1ff | 4c3b dfbd | ffff ffff | 7c08 400f | 95c5 400f | b6ed be45 | ffff ff4c | 895c 2408 
  0x00007effd0d73210: 4489 4424 | 1844 8954 | 241c 6690 

  0x00007effd0d7321c: ;   {runtime_call UncommonTrapBlob}
  0x00007effd0d7321c: c5f8 77e8 

  0x00007effd0d73220: ; ImmutableOopMap {[0]=Oop [24]=NarrowOop [40]=Oop }
                      ;*ifne {reexecute=1 rethrow=0 return_oop=0}
                      ; - (reexecute) java.lang.Long::equals@19 (line 1460)
                      ; - java.util.concurrent.ConcurrentHashMap::get@73 (line 940)
                      ; - generaloss.freetype.FTStructCache::get@7 (line 89)
                      ; - generaloss.freetype.FTStructCache::getOrCreate@10 (line 99)
                      ; - generaloss.freetype.glyph.FTBitmapGlyph::getBitmap@16 (line 41)
                      ; - dev.RenderTest::loadChar@57 (line 57)
  0x00007effd0d73220: dca3 a1ff | 4d3b d9bd | ffff ffff | 7c08 400f | 95c5 400f | b6ed be45 | ffff ff4c | 8b4c 2408 
  0x00007effd0d73240: 4c89 0c24 | 4c89 5c24 | 084c 896c | 2410 4489 | 4424 1844 | 8954 241c 

  0x00007effd0d73258: ;   {runtime_call UncommonTrapBlob}
  0x00007effd0d73258: c5f8 77e8 

  0x00007effd0d7325c: ; ImmutableOopMap {[0]=Oop [16]=Oop [24]=NarrowOop }
                      ;*ifne {reexecute=1 rethrow=0 return_oop=0}
                      ; - (reexecute) java.lang.Long::equals@19 (line 1460)
                      ; - java.util.concurrent.ConcurrentHashMap::get@73 (line 940)
                      ; - generaloss.freetype.FTStructCache::get@7 (line 89)
                      ; - generaloss.freetype.FTStructCache::getOrCreate@10 (line 99)
                      ; - generaloss.freetype.freetype.FTGlyphSlot::getMetrics@16 (line 54)
                      ; - dev.RenderTest::loadChar@64 (line 61)
  0x00007effd0d7325c: a0a3 a1ff | 4d3b dabd | ffff ffff | 7c08 400f | 95c5 400f | b6ed be45 | ffff ff4c | 8944 2410 
  0x00007effd0d7327c: ;   {runtime_call UncommonTrapBlob}
  0x00007effd0d7327c: c5f8 77e8 

  0x00007effd0d73280: ; ImmutableOopMap {[16]=Oop [48]=Oop }
                      ;*ifne {reexecute=1 rethrow=0 return_oop=0}
                      ; - (reexecute) java.lang.Long::equals@19 (line 1460)
                      ; - java.util.concurrent.ConcurrentHashMap::get@149 (line 947)
                      ; - generaloss.freetype.FTStructCache::get@7 (line 89)
                      ; - generaloss.freetype.FTStructCache::getOrCreate@10 (line 99)
                      ; - generaloss.freetype.freetype.FTFace::getGlyph@16 (line 180)
                      ; - dev.RenderTest::loadChar@13 (line 46)
  0x00007effd0d73280: 7ca3 a1ff | 4d3b c3bd | ffff ffff | 7c08 400f | 95c5 400f | b6ed be45 | ffff ff48 | ff74 2410 
  0x00007effd0d732a0: 488f 4424 | 084c 8954 | 2420 6690 

  0x00007effd0d732ac: ;   {runtime_call UncommonTrapBlob}
  0x00007effd0d732ac: c5f8 77e8 

  0x00007effd0d732b0: ; ImmutableOopMap {[0]=Oop [32]=Oop [48]=Oop }
                      ;*ifne {reexecute=1 rethrow=0 return_oop=0}
                      ; - (reexecute) java.lang.Long::equals@19 (line 1460)
                      ; - java.util.concurrent.ConcurrentHashMap::get@149 (line 947)
                      ; - generaloss.freetype.FTStructCache::get@7 (line 89)
                      ; - generaloss.freetype.FTStructCache::getOrCreate@10 (line 99)
                      ; - generaloss.freetype.freetype.FTGlyphSlot::getGlyph@24 (line 172)
                      ; - dev.RenderTest::loadChar@28 (line 50)
  0x00007effd0d732b0: 4ca3 a1ff | 4d3b dabd | ffff ffff | 7c08 400f | 95c5 400f | b6ed be45 | ffff ff4c | 8944 2420 
  0x00007effd0d732d0: ;   {runtime_call UncommonTrapBlob}
  0x00007effd0d732d0: c5f8 77e8 

  0x00007effd0d732d4: ; ImmutableOopMap {[0]=Oop [32]=Oop [48]=Oop }
                      ;*ifne {reexecute=1 rethrow=0 return_oop=0}
                      ; - (reexecute) java.lang.Long::equals@19 (line 1460)
                      ; - java.util.concurrent.ConcurrentHashMap::get@149 (line 947)
                      ; - generaloss.freetype.FTStructCache::get@7 (line 89)
                      ; - generaloss.freetype.FTStructCache::getOrCreate@10 (line 99)
                      ; - generaloss.freetype.glyph.FTGlyph::toBitmap@32 (line 73)
                      ; - dev.RenderTest::loadChar@50 (line 55)
  0x00007effd0d732d4: 28a3 a1ff | 4c3b dfbd | ffff ffff | 7c08 400f | 95c5 400f | b6ed be45 | ffff ff4c | 895c 2408 
  0x00007effd0d732f4: 4c89 4424 | 1844 8954 | 2420 6690 

  0x00007effd0d73300: ;   {runtime_call UncommonTrapBlob}
  0x00007effd0d73300: c5f8 77e8 

  0x00007effd0d73304: ; ImmutableOopMap {[0]=Oop [24]=Oop [40]=Oop }
                      ;*ifne {reexecute=1 rethrow=0 return_oop=0}
                      ; - (reexecute) java.lang.Long::equals@19 (line 1460)
                      ; - java.util.concurrent.ConcurrentHashMap::get@149 (line 947)
                      ; - generaloss.freetype.FTStructCache::get@7 (line 89)
                      ; - generaloss.freetype.FTStructCache::getOrCreate@10 (line 99)
                      ; - generaloss.freetype.glyph.FTBitmapGlyph::getBitmap@16 (line 41)
                      ; - dev.RenderTest::loadChar@57 (line 57)
  0x00007effd0d73304: f8a2 a1ff | 4d3b d9bd | ffff ffff | 7c08 400f | 95c5 400f | b6ed be45 | ffff ff4c | 8b4c 2408 
  0x00007effd0d73324: 4c89 0c24 | 4c89 5c24 | 084c 896c | 2410 4c89 | 4424 1844 | 8954 2420 

  0x00007effd0d7333c: ;   {runtime_call UncommonTrapBlob}
  0x00007effd0d7333c: c5f8 77e8 

  0x00007effd0d73340: ; ImmutableOopMap {[0]=Oop [16]=Oop [24]=Oop }
                      ;*ifne {reexecute=1 rethrow=0 return_oop=0}
                      ; - (reexecute) java.lang.Long::equals@19 (line 1460)
                      ; - java.util.concurrent.ConcurrentHashMap::get@149 (line 947)
                      ; - generaloss.freetype.FTStructCache::get@7 (line 89)
                      ; - generaloss.freetype.FTStructCache::getOrCreate@10 (line 99)
                      ; - generaloss.freetype.freetype.FTGlyphSlot::getMetrics@16 (line 54)
                      ; - dev.RenderTest::loadChar@64 (line 61)
  0x00007effd0d73340: bca2 a1ff | bede ffff | ff48 8b2c | 244c 8b54 | 2420 4c89 | 1424 448b | 5c24 1844 | 895c 2408 
  0x00007effd0d73360: 4c8b 5424 | 284c 8954 | 2410 4489 | 4424 2890 

  0x00007effd0d73370: ;   {runtime_call UncommonTrapBlob}
  0x00007effd0d73370: c5f8 77e8 

  0x00007effd0d73374: ; ImmutableOopMap {rbp=Oop [0]=Oop [16]=Oop [40]=NarrowOop [72]=Oop }
                      ;*invokevirtual find {reexecute=0 rethrow=0 return_oop=0}
                      ; - java.util.concurrent.ConcurrentHashMap::get@93 (line 944)
                      ; - generaloss.freetype.FTStructCache::unregister@7 (line 39)
                      ; - generaloss.freetype.FTStructCache::unregister@30 (line 63)
                      ; - generaloss.freetype.FTStruct::destroyPointer@1 (line 29)
                      ; - generaloss.freetype.FreeType::ftGlyphToBitmap@37 (line 692)
                      ; - generaloss.freetype.glyph.FTGlyph::toBitmap@11 (line 71)
                      ; - dev.RenderTest::loadChar@50 (line 55)
  0x00007effd0d73374: 88a2 a1ff | bede ffff | ff48 8b2c | 2444 8954 | 2404 6690 

  0x00007effd0d73388: ;   {runtime_call UncommonTrapBlob}
  0x00007effd0d73388: c5f8 77e8 

  0x00007effd0d7338c: ; ImmutableOopMap {[4]=NarrowOop [48]=Oop }
                      ;*invokevirtual find {reexecute=0 rethrow=0 return_oop=0}
                      ; - java.util.concurrent.ConcurrentHashMap::get@93 (line 944)
                      ; - generaloss.freetype.FTStructCache::get@7 (line 89)
                      ; - generaloss.freetype.FTStructCache::getOrCreate@10 (line 99)
                      ; - generaloss.freetype.freetype.FTFace::getGlyph@16 (line 180)
                      ; - dev.RenderTest::loadChar@13 (line 46)
  0x00007effd0d7338c: 70a2 a1ff | bede ffff | ff48 8b2c | 244c 8b5c | 2410 4c89 | 1c24 4489 | 5424 0890 

  0x00007effd0d733a8: ;   {runtime_call UncommonTrapBlob}
  0x00007effd0d733a8: c5f8 77e8 

  0x00007effd0d733ac: ; ImmutableOopMap {rbp=Oop [8]=NarrowOop [48]=Oop }
                      ;*invokevirtual find {reexecute=0 rethrow=0 return_oop=0}
                      ; - java.util.concurrent.ConcurrentHashMap::get@93 (line 944)
                      ; - generaloss.freetype.FTStructCache::get@7 (line 89)
                      ; - generaloss.freetype.FTStructCache::getOrCreate@10 (line 99)
                      ; - generaloss.freetype.freetype.FTGlyphSlot::getGlyph@24 (line 172)
                      ; - dev.RenderTest::loadChar@28 (line 50)
  0x00007effd0d733ac: 50a2 a1ff | bede ffff | ff48 8b2c | 244c 8b5c | 2408 4c89 | 1c24 4489 | 5424 0844 | 8b54 2414 
  0x00007effd0d733cc: 4489 5424 | 0c66 6690 

  0x00007effd0d733d4: ;   {runtime_call UncommonTrapBlob}
  0x00007effd0d733d4: c5f8 77e8 

  0x00007effd0d733d8: ; ImmutableOopMap {rbp=Oop [8]=NarrowOop [48]=Oop }
                      ;*invokevirtual find {reexecute=0 rethrow=0 return_oop=0}
                      ; - java.util.concurrent.ConcurrentHashMap::get@93 (line 944)
                      ; - generaloss.freetype.FTStructCache::get@7 (line 89)
                      ; - generaloss.freetype.FTStructCache::getOrCreate@10 (line 99)
                      ; - generaloss.freetype.glyph.FTGlyph::toBitmap@32 (line 73)
                      ; - dev.RenderTest::loadChar@50 (line 55)
  0x00007effd0d733d8: 24a2 a1ff | bede ffff | ff48 8b2c | 244c 891c | 2444 8944 | 2408 4489 | 5424 0c90 

  0x00007effd0d733f4: ;   {runtime_call UncommonTrapBlob}
  0x00007effd0d733f4: c5f8 77e8 

  0x00007effd0d733f8: ; ImmutableOopMap {rbp=Oop [8]=NarrowOop [40]=Oop }
                      ;*invokevirtual find {reexecute=0 rethrow=0 return_oop=0}
                      ; - java.util.concurrent.ConcurrentHashMap::get@93 (line 944)
                      ; - generaloss.freetype.FTStructCache::get@7 (line 89)
                      ; - generaloss.freetype.FTStructCache::getOrCreate@10 (line 99)
                      ; - generaloss.freetype.glyph.FTBitmapGlyph::getBitmap@16 (line 41)
                      ; - dev.RenderTest::loadChar@57 (line 57)
  0x00007effd0d733f8: 04a2 a1ff | bede ffff | ff48 8b6c | 2408 4c89 | 1c24 4489 | 4424 0844 | 8954 240c | 4c89 6c24 
  0x00007effd0d73418: 1066 6690 

  0x00007effd0d7341c: ;   {runtime_call UncommonTrapBlob}
  0x00007effd0d7341c: c5f8 77e8 

  0x00007effd0d73420: ; ImmutableOopMap {rbp=Oop [8]=NarrowOop [16]=Oop }
                      ;*invokevirtual find {reexecute=0 rethrow=0 return_oop=0}
                      ; - java.util.concurrent.ConcurrentHashMap::get@93 (line 944)
                      ; - generaloss.freetype.FTStructCache::get@7 (line 89)
                      ; - generaloss.freetype.FTStructCache::getOrCreate@10 (line 99)
                      ; - generaloss.freetype.freetype.FTGlyphSlot::getMetrics@16 (line 54)
                      ; - dev.RenderTest::loadChar@64 (line 61)
  0x00007effd0d73420: dca1 a1ff | 498b f7c5 | f877 49ba | 1076 7ae8 | ff7e 0000 | 41ff d2e9 | e6d5 ffff | 498b ea49 
  0x00007effd0d73440: 8bf7 c5f8 | 7749 ba10 | 767a e8ff | 7e00 0041 | ffd2 4c8b | d5e9 30d7 | ffff be3d | ffff ff48 
  0x00007effd0d73460: 8b4c 2410 | 4889 0c24 | 488b 4c24 | 1848 894c | 2408 8b4c | 2420 894c | 2410 8b5c | 2424 895c 
  0x00007effd0d73480: 2414 4889 | 4424 2048 | 8944 2428 | 4489 4424 | 3844 8954 | 243c 4489 | 4c24 4844 | 895c 2450 
  0x00007effd0d734a0: ;   {runtime_call UncommonTrapBlob}
  0x00007effd0d734a0: c5f8 77e8 

  0x00007effd0d734a4: ; ImmutableOopMap {rbp=Oop [20]=NarrowOop [32]=Oop [40]=Oop [56]=NarrowOop }
                      ;*if_icmpge {reexecute=1 rethrow=0 return_oop=0}
                      ; - (reexecute) jdk.internal.util.ArraysSupport::newLength@10 (line 638)
                      ; - java.lang.AbstractStringBuilder::newCapacity@29 (line 257)
                      ; - java.lang.AbstractStringBuilder::ensureCapacityInternal@24 (line 229)
                      ; - java.lang.AbstractStringBuilder::append@21 (line 582)
                      ; - java.lang.StringBuilder::append@2 (line 179)
                      ; - dev.RenderTest::loadChar@282 (line 71)
  0x00007effd0d734a4: 58a1 a1ff | be45 ffff | ff4c 8b54 | 2410 4c89 | 1424 4c8b | 5424 184c | 8954 2408 | 448b 4c24 
  0x00007effd0d734c4: 2044 894c | 2410 448b | 5424 2444 | 8954 2414 | 4889 4424 | 2048 8944 | 2428 4489 | 4424 3844 
  0x00007effd0d734e4: 895c 2448 

  0x00007effd0d734e8: ;   {runtime_call UncommonTrapBlob}
  0x00007effd0d734e8: c5f8 77e8 

  0x00007effd0d734ec: ; ImmutableOopMap {rbp=Oop [20]=NarrowOop [32]=Oop [40]=Oop [56]=NarrowOop }
                      ;*if_icmpne {reexecute=1 rethrow=0 return_oop=0}
                      ; - (reexecute) java.lang.AbstractStringBuilder::newCapacity@38 (line 258)
                      ; - java.lang.AbstractStringBuilder::ensureCapacityInternal@24 (line 229)
                      ; - java.lang.AbstractStringBuilder::append@21 (line 582)
                      ; - java.lang.StringBuilder::append@2 (line 179)
                      ; - dev.RenderTest::loadChar@282 (line 71)
  0x00007effd0d734ec: 10a1 a1ff | be3d ffff | ff48 8b6c | 2408 488b | 4c24 1048 | 890c 2448 | 8b4c 2418 | 4889 4c24 
  0x00007effd0d7350c: 088b 4c24 | 2089 4c24 | 108b 7c24 | 2489 7c24 | 1448 8944 | 2420 4889 | 4424 2844 | 894c 2438 
  0x00007effd0d7352c: 4489 5424 | 3c44 8944 | 2448 4489 | 5c24 5090 

  0x00007effd0d7353c: ;   {runtime_call UncommonTrapBlob}
  0x00007effd0d7353c: c5f8 77e8 

  0x00007effd0d73540: ; ImmutableOopMap {rbp=Oop [20]=NarrowOop [32]=Oop [40]=Oop [56]=NarrowOop }
                      ;*if_icmpge {reexecute=1 rethrow=0 return_oop=0}
                      ; - (reexecute) jdk.internal.util.ArraysSupport::newLength@10 (line 638)
                      ; - java.lang.AbstractStringBuilder::newCapacity@29 (line 257)
                      ; - java.lang.AbstractStringBuilder::ensureCapacityInternal@24 (line 229)
                      ; - java.lang.AbstractStringBuilder::append@21 (line 582)
                      ; - java.lang.StringBuilder::append@2 (line 179)
                      ; - dev.RenderTest::loadChar@292 (line 71)
  0x00007effd0d73540: bca0 a1ff | be45 ffff | ff48 8b6c | 2408 4c8b | 5424 104c | 8914 244c | 8b54 2418 | 4c89 5424 
  0x00007effd0d73560: 0844 8b44 | 2420 4489 | 4424 1044 | 8b54 2424 | 4489 5424 | 1448 8944 | 2420 4889 | 4424 2844 
  0x00007effd0d73580: 894c 2438 | 4489 5c24 | 4866 6690 

  0x00007effd0d7358c: ;   {runtime_call UncommonTrapBlob}
  0x00007effd0d7358c: c5f8 77e8 

  0x00007effd0d73590: ; ImmutableOopMap {rbp=Oop [20]=NarrowOop [32]=Oop [40]=Oop [56]=NarrowOop }
                      ;*if_icmpne {reexecute=1 rethrow=0 return_oop=0}
                      ; - (reexecute) java.lang.AbstractStringBuilder::newCapacity@38 (line 258)
                      ; - java.lang.AbstractStringBuilder::ensureCapacityInternal@24 (line 229)
                      ; - java.lang.AbstractStringBuilder::append@21 (line 582)
                      ; - java.lang.StringBuilder::append@2 (line 179)
                      ; - dev.RenderTest::loadChar@292 (line 71)
  0x00007effd0d73590: 6ca0 a1ff | be45 ffff | ff44 8944 | 2408 4489 | 5424 0c90 

  0x00007effd0d735a4: ;   {runtime_call UncommonTrapBlob}
  0x00007effd0d735a4: c5f8 77e8 

  0x00007effd0d735a8: ; ImmutableOopMap {rbp=NarrowOop [8]=NarrowOop }
                      ;*ifeq {reexecute=1 rethrow=0 return_oop=0}
                      ; - (reexecute) java.util.HashMap::getNode@85 (line 573)
                      ; - java.util.HashMap::get@2 (line 556)
                      ; - generaloss.freetype.FTStructCache::get@24 (line 92)
                      ; - generaloss.freetype.FTStructCache::getOrCreate@10 (line 99)
                      ; - generaloss.freetype.freetype.FTFace::getGlyph@16 (line 180)
                      ; - dev.RenderTest::loadChar@13 (line 46)
  0x00007effd0d735a8: 54a0 a1ff | be45 ffff | ff4c 8b5c | 2410 4c89 | 5c24 0844 | 8944 2410 | 4489 5424 | 1466 6690 
  0x00007effd0d735c8: ;   {runtime_call UncommonTrapBlob}
  0x00007effd0d735c8: c5f8 77e8 

  0x00007effd0d735cc: ; ImmutableOopMap {rbp=NarrowOop [0]=Oop [16]=NarrowOop }
                      ;*ifeq {reexecute=1 rethrow=0 return_oop=0}
                      ; - (reexecute) java.util.HashMap::getNode@85 (line 573)
                      ; - java.util.HashMap::get@2 (line 556)
                      ; - generaloss.freetype.FTStructCache::get@24 (line 92)
                      ; - generaloss.freetype.FTStructCache::getOrCreate@10 (line 99)
                      ; - generaloss.freetype.freetype.FTGlyphSlot::getGlyph@24 (line 172)
                      ; - dev.RenderTest::loadChar@28 (line 50)
  0x00007effd0d735cc: 30a0 a1ff | be45 ffff | ff44 895c | 2410 4489 | 5424 1490 

  0x00007effd0d735e0: ;   {runtime_call UncommonTrapBlob}
  0x00007effd0d735e0: c5f8 77e8 

  0x00007effd0d735e4: ; ImmutableOopMap {rbp=NarrowOop [0]=Oop [16]=NarrowOop }
                      ;*ifeq {reexecute=1 rethrow=0 return_oop=0}
                      ; - (reexecute) java.util.HashMap::getNode@85 (line 573)
                      ; - java.util.HashMap::get@2 (line 556)
                      ; - generaloss.freetype.FTStructCache::get@24 (line 92)
                      ; - generaloss.freetype.FTStructCache::getOrCreate@10 (line 99)
                      ; - generaloss.freetype.glyph.FTGlyph::toBitmap@32 (line 73)
                      ; - dev.RenderTest::loadChar@50 (line 55)
  0x00007effd0d735e4: 18a0 a1ff | be45 ffff | ff44 895c | 2410 4489 | 5424 1490 

  0x00007effd0d735f8: ;   {runtime_call UncommonTrapBlob}
  0x00007effd0d735f8: c5f8 77e8 

  0x00007effd0d735fc: ; ImmutableOopMap {rbp=NarrowOop [0]=Oop [16]=NarrowOop }
                      ;*ifeq {reexecute=1 rethrow=0 return_oop=0}
                      ; - (reexecute) java.util.HashMap::getNode@85 (line 573)
                      ; - java.util.HashMap::get@2 (line 556)
                      ; - generaloss.freetype.FTStructCache::get@24 (line 92)
                      ; - generaloss.freetype.FTStructCache::getOrCreate@10 (line 99)
                      ; - generaloss.freetype.glyph.FTBitmapGlyph::getBitmap@16 (line 41)
                      ; - dev.RenderTest::loadChar@57 (line 57)
  0x00007effd0d735fc: 00a0 a1ff | be45 ffff | ff4c 8b54 | 2408 4c89 | 1424 4c89 | 5c24 0844 | 894c 2410 | 897c 2414 
  0x00007effd0d7361c: ;   {runtime_call UncommonTrapBlob}
  0x00007effd0d7361c: c5f8 77e8 

  0x00007effd0d73620: ; ImmutableOopMap {rbp=NarrowOop [0]=Oop [16]=NarrowOop }
                      ;*ifeq {reexecute=1 rethrow=0 return_oop=0}
                      ; - (reexecute) java.util.HashMap::getNode@85 (line 573)
                      ; - java.util.HashMap::get@2 (line 556)
                      ; - generaloss.freetype.FTStructCache::get@24 (line 92)
                      ; - generaloss.freetype.FTStructCache::getOrCreate@10 (line 99)
                      ; - generaloss.freetype.freetype.FTGlyphSlot::getMetrics@16 (line 54)
                      ; - dev.RenderTest::loadChar@64 (line 61)
  0x00007effd0d73620: dc9f a1ff | bee4 ffff | ff48 8be8 | 4489 1424 

  0x00007effd0d73630: ;   {runtime_call UncommonTrapBlob}
  0x00007effd0d73630: c5f8 77e8 

  0x00007effd0d73634: ; ImmutableOopMap {}
                      ;*aaload {reexecute=0 rethrow=0 return_oop=0}
                      ; - java.lang.Long::valueOf@29 (line 1209)
                      ; - generaloss.freetype.FTStructCache::get@4 (line 89)
                      ; - generaloss.freetype.FTStructCache::getOrCreate@10 (line 99)
                      ; - generaloss.freetype.freetype.FTFace::getGlyph@16 (line 180)
                      ; - dev.RenderTest::loadChar@13 (line 46)
  0x00007effd0d73634: c89f a1ff | bee4 ffff | ff48 8b2c | 244c 8904 | 2444 895c | 2408 6690 

  0x00007effd0d7364c: ;   {runtime_call UncommonTrapBlob}
  0x00007effd0d7364c: c5f8 77e8 

  0x00007effd0d73650: ; ImmutableOopMap {rbp=Oop }
                      ;*aaload {reexecute=0 rethrow=0 return_oop=0}
                      ; - java.lang.Long::valueOf@29 (line 1209)
                      ; - generaloss.freetype.FTStructCache::get@4 (line 89)
                      ; - generaloss.freetype.FTStructCache::getOrCreate@10 (line 99)
                      ; - generaloss.freetype.freetype.FTGlyphSlot::getGlyph@24 (line 172)
                      ; - dev.RenderTest::loadChar@28 (line 50)
  0x00007effd0d73650: ac9f a1ff | bee4 ffff | ff4c 8b54 | 2410 4c89 | 5424 0890 

  0x00007effd0d73664: ;   {runtime_call UncommonTrapBlob}
  0x00007effd0d73664: c5f8 77e8 

  0x00007effd0d73668: ; ImmutableOopMap {[0]=Oop [8]=Oop [24]=Oop }
                      ;*aaload {reexecute=0 rethrow=0 return_oop=0}
                      ; - java.lang.Long::valueOf@29 (line 1209)
                      ; - generaloss.freetype.FTStructCache::register@29 (line 18)
                      ; - generaloss.freetype.FTStruct::<init>@14 (line 12)
                      ; - generaloss.freetype.types.FTVector::<init>@2 (line 11)
                      ; - generaloss.freetype.types.FTVector::<init>@4 (line 15)
                      ; - dev.RenderTest::loadChar@37 (line 54)
  0x00007effd0d73668: 949f a1ff | bee4 ffff | ff48 8b2c | 2489 4424 | 0866 6690 

  0x00007effd0d7367c: ;   {runtime_call UncommonTrapBlob}
  0x00007effd0d7367c: c5f8 77e8 

  0x00007effd0d73680: ; ImmutableOopMap {rbp=Oop [32]=Oop [40]=Oop }
                      ;*aaload {reexecute=0 rethrow=0 return_oop=0}
                      ; - java.lang.Long::valueOf@29 (line 1209)
                      ; - generaloss.freetype.FTStructCache::unregister@4 (line 39)
                      ; - generaloss.freetype.FTStructCache::unregister@30 (line 63)
                      ; - generaloss.freetype.FTStruct::destroyPointer@1 (line 29)
                      ; - generaloss.freetype.FreeType::ftGlyphToBitmap@37 (line 692)
                      ; - generaloss.freetype.glyph.FTGlyph::toBitmap@11 (line 71)
                      ; - dev.RenderTest::loadChar@50 (line 55)
  0x00007effd0d73680: 7c9f a1ff | bee4 ffff | ff48 8b2c | 2444 8b44 | 2418 4489 | 4424 0890 

  0x00007effd0d73698: ;   {runtime_call UncommonTrapBlob}
  0x00007effd0d73698: c5f8 77e8 

  0x00007effd0d7369c: ; ImmutableOopMap {rbp=Oop [32]=Oop [40]=Oop [64]=Oop }
                      ;*aaload {reexecute=0 rethrow=0 return_oop=0}
                      ; - java.lang.Long::valueOf@29 (line 1209)
                      ; - generaloss.freetype.FTStructCache::unregister@42 (line 46)
                      ; - generaloss.freetype.FTStructCache::unregister@30 (line 63)
                      ; - generaloss.freetype.FTStruct::destroyPointer@1 (line 29)
                      ; - generaloss.freetype.FreeType::ftGlyphToBitmap@37 (line 692)
                      ; - generaloss.freetype.glyph.FTGlyph::toBitmap@11 (line 71)
                      ; - dev.RenderTest::loadChar@50 (line 55)
  0x00007effd0d7369c: 609f a1ff | bee4 ffff | ff48 8b2c | 244c 891c | 2444 8954 | 2408 6690 

  0x00007effd0d736b4: ;   {runtime_call UncommonTrapBlob}
  0x00007effd0d736b4: c5f8 77e8 

  0x00007effd0d736b8: ; ImmutableOopMap {rbp=Oop }
                      ;*aaload {reexecute=0 rethrow=0 return_oop=0}
                      ; - java.lang.Long::valueOf@29 (line 1209)
                      ; - generaloss.freetype.FTStructCache::get@4 (line 89)
                      ; - generaloss.freetype.FTStructCache::getOrCreate@10 (line 99)
                      ; - generaloss.freetype.glyph.FTGlyph::toBitmap@32 (line 73)
                      ; - dev.RenderTest::loadChar@50 (line 55)
  0x00007effd0d736b8: 449f a1ff | bee4 ffff | ff48 8b2c | 2448 8904 | 2489 4c24 | 0866 6690 

  0x00007effd0d736d0: ;   {runtime_call UncommonTrapBlob}
  0x00007effd0d736d0: c5f8 77e8 

  0x00007effd0d736d4: ; ImmutableOopMap {rbp=Oop }
                      ;*aaload {reexecute=0 rethrow=0 return_oop=0}
                      ; - java.lang.Long::valueOf@29 (line 1209)
                      ; - generaloss.freetype.FTStructCache::get@4 (line 89)
                      ; - generaloss.freetype.FTStructCache::getOrCreate@10 (line 99)
                      ; - generaloss.freetype.glyph.FTBitmapGlyph::getBitmap@16 (line 41)
                      ; - dev.RenderTest::loadChar@57 (line 57)
  0x00007effd0d736d4: 289f a1ff | bee4 ffff | ff48 8b6c | 2408 4889 | 0424 894c | 2408 6690 

  0x00007effd0d736ec: ;   {runtime_call UncommonTrapBlob}
  0x00007effd0d736ec: c5f8 77e8 

  0x00007effd0d736f0: ; ImmutableOopMap {rbp=Oop }
                      ;*aaload {reexecute=0 rethrow=0 return_oop=0}
                      ; - java.lang.Long::valueOf@29 (line 1209)
                      ; - generaloss.freetype.FTStructCache::get@4 (line 89)
                      ; - generaloss.freetype.FTStructCache::getOrCreate@10 (line 99)
                      ; - generaloss.freetype.freetype.FTGlyphSlot::getMetrics@16 (line 54)
                      ; - dev.RenderTest::loadChar@64 (line 61)
  0x00007effd0d736f0: 0c9f a1ff | bee4 ffff | ff41 8bea 

  0x00007effd0d736fc: ;   {runtime_call UncommonTrapBlob}
  0x00007effd0d736fc: c5f8 77e8 

  0x00007effd0d73700: ; ImmutableOopMap {}
                      ;*aaload {reexecute=0 rethrow=0 return_oop=0}
                      ; - java.lang.Long::valueOf@29 (line 1209)
                      ; - generaloss.freetype.FTStructCache::getOrCreate@25 (line 101)
                      ; - generaloss.freetype.freetype.FTFace::getGlyph@16 (line 180)
                      ; - dev.RenderTest::loadChar@13 (line 46)
  0x00007effd0d73700: fc9e a1ff | bee4 ffff | ff48 8b2c | 2466 6690 

  0x00007effd0d73710: ;   {runtime_call UncommonTrapBlob}
  0x00007effd0d73710: c5f8 77e8 

  0x00007effd0d73714: ; ImmutableOopMap {rbp=Oop }
                      ;*aaload {reexecute=0 rethrow=0 return_oop=0}
                      ; - java.lang.Long::valueOf@29 (line 1209)
                      ; - generaloss.freetype.FTStructCache::getOrCreate@25 (line 101)
                      ; - generaloss.freetype.freetype.FTGlyphSlot::getGlyph@24 (line 172)
                      ; - dev.RenderTest::loadChar@28 (line 50)
  0x00007effd0d73714: e89e a1ff | bee4 ffff | ff48 8b2c | 244c 8944 | 2408 6690 

  0x00007effd0d73728: ;   {runtime_call UncommonTrapBlob}
  0x00007effd0d73728: c5f8 77e8 

  0x00007effd0d7372c: ; ImmutableOopMap {rbp=Oop [8]=Oop [40]=Oop }
                      ;*aaload {reexecute=0 rethrow=0 return_oop=0}
                      ; - java.lang.Long::valueOf@29 (line 1209)
                      ; - generaloss.freetype.FTStructCache::register@29 (line 18)
                      ; - generaloss.freetype.FTStruct::<init>@14 (line 12)
                      ; - generaloss.freetype.glyph.FTGlyph::<init>@2 (line 18)
                      ; - generaloss.freetype.freetype.FTGlyphSlot$$Lambda$25/0x00007eff64007a78::apply@11
                      ; - generaloss.freetype.FTStructCache::getOrCreate@28 (line 101)
                      ; - generaloss.freetype.freetype.FTGlyphSlot::getGlyph@24 (line 172)
                      ; - dev.RenderTest::loadChar@28 (line 50)
  0x00007effd0d7372c: d09e a1ff | bee4 ffff | ff48 8b2c | 2444 8914 | 2466 6690 

  0x00007effd0d73740: ;   {runtime_call UncommonTrapBlob}
  0x00007effd0d73740: c5f8 77e8 

  0x00007effd0d73744: ; ImmutableOopMap {rbp=Oop }
                      ;*aaload {reexecute=0 rethrow=0 return_oop=0}
                      ; - java.lang.Long::valueOf@29 (line 1209)
                      ; - generaloss.freetype.FTStructCache::getOrCreate@25 (line 101)
                      ; - generaloss.freetype.glyph.FTGlyph::toBitmap@32 (line 73)
                      ; - dev.RenderTest::loadChar@50 (line 55)
  0x00007effd0d73744: b89e a1ff | bee4 ffff | ff44 8954 | 2408 6690 

  0x00007effd0d73754: ;   {runtime_call UncommonTrapBlob}
  0x00007effd0d73754: c5f8 77e8 

  0x00007effd0d73758: ; ImmutableOopMap {rbp=Oop [0]=Oop }
                      ;*aaload {reexecute=0 rethrow=0 return_oop=0}
                      ; - java.lang.Long::valueOf@29 (line 1209)
                      ; - generaloss.freetype.FTStructCache::register@29 (line 18)
                      ; - generaloss.freetype.FTStruct::<init>@14 (line 12)
                      ; - generaloss.freetype.glyph.FTBitmapGlyph::<init>@2 (line 10)
                      ; - generaloss.freetype.glyph.FTGlyph$$Lambda$26/0x00007eff6400c240::apply@11
                      ; - generaloss.freetype.FTStructCache::getOrCreate@28 (line 101)
                      ; - generaloss.freetype.glyph.FTGlyph::toBitmap@32 (line 73)
                      ; - dev.RenderTest::loadChar@50 (line 55)
  0x00007effd0d73758: a49e a1ff | bee4 ffff | ff48 8b2c | 2489 0c24 

  0x00007effd0d73768: ;   {runtime_call UncommonTrapBlob}
  0x00007effd0d73768: c5f8 77e8 

  0x00007effd0d7376c: ; ImmutableOopMap {rbp=Oop }
                      ;*aaload {reexecute=0 rethrow=0 return_oop=0}
                      ; - java.lang.Long::valueOf@29 (line 1209)
                      ; - generaloss.freetype.FTStructCache::getOrCreate@25 (line 101)
                      ; - generaloss.freetype.glyph.FTBitmapGlyph::getBitmap@16 (line 41)
                      ; - dev.RenderTest::loadChar@57 (line 57)
  0x00007effd0d7376c: 909e a1ff | bee4 ffff | ff48 8b2c | 244c 8944 | 2408 894c | 2410 6690 

  0x00007effd0d73784: ;   {runtime_call UncommonTrapBlob}
  0x00007effd0d73784: c5f8 77e8 

  0x00007effd0d73788: ; ImmutableOopMap {rbp=Oop [8]=Oop }
                      ;*aaload {reexecute=0 rethrow=0 return_oop=0}
                      ; - java.lang.Long::valueOf@29 (line 1209)
                      ; - generaloss.freetype.FTStructCache::register@29 (line 18)
                      ; - generaloss.freetype.FTStruct::<init>@14 (line 12)
                      ; - generaloss.freetype.image.FTBitmap::<init>@2 (line 11)
                      ; - generaloss.freetype.glyph.FTBitmapGlyph$$Lambda$27/0x00007eff6400c480::apply@11
                      ; - generaloss.freetype.FTStructCache::getOrCreate@28 (line 101)
                      ; - generaloss.freetype.glyph.FTBitmapGlyph::getBitmap@16 (line 41)
                      ; - dev.RenderTest::loadChar@57 (line 57)
  0x00007effd0d73788: 749e a1ff | bee4 ffff | ff48 8b6c | 2408 890c | 2466 6690 

  0x00007effd0d7379c: ;   {runtime_call UncommonTrapBlob}
  0x00007effd0d7379c: c5f8 77e8 

  0x00007effd0d737a0: ; ImmutableOopMap {rbp=Oop }
                      ;*aaload {reexecute=0 rethrow=0 return_oop=0}
                      ; - java.lang.Long::valueOf@29 (line 1209)
                      ; - generaloss.freetype.FTStructCache::getOrCreate@25 (line 101)
                      ; - generaloss.freetype.freetype.FTGlyphSlot::getMetrics@16 (line 54)
                      ; - dev.RenderTest::loadChar@64 (line 61)
  0x00007effd0d737a0: 5c9e a1ff | bede ffff | ff48 8be8 

  0x00007effd0d737ac: ;   {runtime_call UncommonTrapBlob}
  0x00007effd0d737ac: c5f8 77e8 

  0x00007effd0d737b0: ; ImmutableOopMap {rbp=Oop }
                      ;*checkcast {reexecute=0 rethrow=0 return_oop=0}
                      ; - generaloss.freetype.freetype.FTFace::getGlyph@19 (line 180)
                      ; - dev.RenderTest::loadChar@13 (line 46)
  0x00007effd0d737b0: 4c9e a1ff | bede ffff | ff48 8b2c | 244c 891c | 2466 6690 

  0x00007effd0d737c4: ;   {runtime_call UncommonTrapBlob}
  0x00007effd0d737c4: c5f8 77e8 

  0x00007effd0d737c8: ; ImmutableOopMap {rbp=Oop [0]=Oop }
                      ;*checkcast {reexecute=0 rethrow=0 return_oop=0}
                      ; - generaloss.freetype.freetype.FTGlyphSlot::getGlyph@27 (line 172)
                      ; - dev.RenderTest::loadChar@28 (line 50)
  0x00007effd0d737c8: 349e a1ff | bede ffff | ff4c 8b54 | 2420 4c89 | 5424 0844 | 8b54 2418 | 4489 5424 | 1066 6690 
  0x00007effd0d737e8: ;   {runtime_call UncommonTrapBlob}
  0x00007effd0d737e8: c5f8 77e8 

  0x00007effd0d737ec: ; ImmutableOopMap {rbp=NarrowOop [0]=Oop [8]=Oop [40]=Oop }
                      ;*checkcast {reexecute=0 rethrow=0 return_oop=0}
                      ; - generaloss.freetype.FTStructCache::unregister@12 (line 39)
                      ; - generaloss.freetype.FTStructCache::unregister@30 (line 63)
                      ; - generaloss.freetype.FTStruct::destroyPointer@1 (line 29)
                      ; - generaloss.freetype.FreeType::ftGlyphToBitmap@37 (line 692)
                      ; - generaloss.freetype.glyph.FTGlyph::toBitmap@11 (line 71)
                      ; - dev.RenderTest::loadChar@50 (line 55)
  0x00007effd0d737ec: 109e a1ff | bede ffff | ff66 6690 

  0x00007effd0d737f8: ;   {runtime_call UncommonTrapBlob}
  0x00007effd0d737f8: c5f8 77e8 

  0x00007effd0d737fc: ; ImmutableOopMap {rbp=Oop [0]=Oop }
                      ;*checkcast {reexecute=0 rethrow=0 return_oop=0}
                      ; - generaloss.freetype.glyph.FTGlyph::toBitmap@35 (line 73)
                      ; - dev.RenderTest::loadChar@50 (line 55)
  0x00007effd0d737fc: 009e a1ff | bede ffff | ff48 8b2c | 244c 8914 | 2466 6690 

  0x00007effd0d73810: ;   {runtime_call UncommonTrapBlob}
  0x00007effd0d73810: c5f8 77e8 

  0x00007effd0d73814: ; ImmutableOopMap {rbp=Oop [0]=Oop }
                      ;*checkcast {reexecute=0 rethrow=0 return_oop=0}
                      ; - generaloss.freetype.glyph.FTBitmapGlyph::getBitmap@19 (line 41)
                      ; - dev.RenderTest::loadChar@57 (line 57)
  0x00007effd0d73814: e89d a1ff | bede ffff | ff48 8b6c | 2408 4c89 | 0424 6690 

  0x00007effd0d73828: ;   {runtime_call UncommonTrapBlob}
  0x00007effd0d73828: c5f8 77e8 

  0x00007effd0d7382c: ; ImmutableOopMap {rbp=Oop [0]=Oop }
                      ;*checkcast {reexecute=0 rethrow=0 return_oop=0}
                      ; - generaloss.freetype.freetype.FTGlyphSlot::getMetrics@19 (line 54)
                      ; - dev.RenderTest::loadChar@64 (line 61)
  0x00007effd0d7382c: d09d a1ff | be66 ffff | ff49 b800 | 0000 63ff | 7e00 004d | 03c3 4d8b | 5870 498b | 2b48 8944 
  0x00007effd0d7384c: 2418 6690 

  0x00007effd0d73850: ;   {runtime_call UncommonTrapBlob}
  0x00007effd0d73850: c5f8 77e8 

  0x00007effd0d73854: ; ImmutableOopMap {rbp=Oop [0]=Oop [8]=Oop [16]=NarrowOop [24]=Oop }
                      ;*if_acmpne {reexecute=1 rethrow=0 return_oop=0}
                      ; - (reexecute) java.io.PrintStream::println@6 (line 1027)
                      ; - dev.RenderTest::loadChar@103 (line 63)
  0x00007effd0d73854: a89d a1ff | be66 ffff | ff49 b800 | 0000 63ff | 7e00 004d | 03c3 4d8b | 5870 498b | 2b4c 8b5c 
  0x00007effd0d73874: 2408 4c89 | 1c24 4889 | 4424 f88b | 4424 1089 | 4424 0848 | 8b44 24f8 | 4889 4424 | 1066 6690 
  0x00007effd0d73894: ;   {runtime_call UncommonTrapBlob}
  0x00007effd0d73894: c5f8 77e8 

  0x00007effd0d73898: ; ImmutableOopMap {rbp=Oop [0]=Oop [8]=NarrowOop [16]=Oop }
                      ;*if_acmpne {reexecute=1 rethrow=0 return_oop=0}
                      ; - (reexecute) java.io.PrintStream::println@6 (line 1027)
                      ; - dev.RenderTest::loadChar@153 (line 64)
  0x00007effd0d73898: 649d a1ff | be66 ffff | ff49 b800 | 0000 63ff | 7e00 004d | 03c3 4d8b | 5870 498b | 2b4c 8b5c 
  0x00007effd0d738b8: 2408 4c89 | 1c24 4489 | 5424 0848 | 8944 2410 

  0x00007effd0d738c8: ;   {runtime_call UncommonTrapBlob}
  0x00007effd0d738c8: c5f8 77e8 

  0x00007effd0d738cc: ; ImmutableOopMap {rbp=Oop [0]=Oop [8]=NarrowOop [16]=Oop }
                      ;*if_acmpne {reexecute=1 rethrow=0 return_oop=0}
                      ; - (reexecute) java.io.PrintStream::println@6 (line 1027)
                      ; - dev.RenderTest::loadChar@216 (line 65)
  0x00007effd0d738cc: 309d a1ff | bede ffff | ff66 6690 

  0x00007effd0d738d8: ;   {runtime_call UncommonTrapBlob}
  0x00007effd0d738d8: c5f8 77e8 

  0x00007effd0d738dc: ; ImmutableOopMap {rbp=NarrowOop }
                      ;*checkcast {reexecute=0 rethrow=0 return_oop=0}
                      ; - generaloss.freetype.FTStructCache::get@12 (line 89)
                      ; - generaloss.freetype.FTStructCache::getOrCreate@10 (line 99)
                      ; - generaloss.freetype.freetype.FTFace::getGlyph@16 (line 180)
                      ; - dev.RenderTest::loadChar@13 (line 46)
  0x00007effd0d738dc: 209d a1ff | bede ffff | ff66 6690 

  0x00007effd0d738e8: ;   {runtime_call UncommonTrapBlob}
  0x00007effd0d738e8: c5f8 77e8 

  0x00007effd0d738ec: ; ImmutableOopMap {rbp=NarrowOop [0]=Oop }
                      ;*checkcast {reexecute=0 rethrow=0 return_oop=0}
                      ; - generaloss.freetype.FTStructCache::get@12 (line 89)
                      ; - generaloss.freetype.FTStructCache::getOrCreate@10 (line 99)
                      ; - generaloss.freetype.freetype.FTGlyphSlot::getGlyph@24 (line 172)
                      ; - dev.RenderTest::loadChar@28 (line 50)
  0x00007effd0d738ec: 109d a1ff | bede ffff | ff66 6690 

  0x00007effd0d738f8: ;   {runtime_call UncommonTrapBlob}
  0x00007effd0d738f8: c5f8 77e8 

  0x00007effd0d738fc: ; ImmutableOopMap {rbp=NarrowOop [0]=Oop }
                      ;*checkcast {reexecute=0 rethrow=0 return_oop=0}
                      ; - generaloss.freetype.FTStructCache::get@12 (line 89)
                      ; - generaloss.freetype.FTStructCache::getOrCreate@10 (line 99)
                      ; - generaloss.freetype.glyph.FTGlyph::toBitmap@32 (line 73)
                      ; - dev.RenderTest::loadChar@50 (line 55)
  0x00007effd0d738fc: 009d a1ff | bede ffff | ff4c 895c | 2408 6690 

  0x00007effd0d7390c: ;   {runtime_call UncommonTrapBlob}
  0x00007effd0d7390c: c5f8 77e8 

  0x00007effd0d73910: ; ImmutableOopMap {rbp=NarrowOop [0]=Oop }
                      ;*checkcast {reexecute=0 rethrow=0 return_oop=0}
                      ; - generaloss.freetype.FTStructCache::get@12 (line 89)
                      ; - generaloss.freetype.FTStructCache::getOrCreate@10 (line 99)
                      ; - generaloss.freetype.glyph.FTBitmapGlyph::getBitmap@16 (line 41)
                      ; - dev.RenderTest::loadChar@57 (line 57)
  0x00007effd0d73910: ec9c a1ff | bede ffff | ff4c 8b54 | 2408 4c89 | 1424 4c89 | 5c24 0890 

  0x00007effd0d73928: ;   {runtime_call UncommonTrapBlob}
  0x00007effd0d73928: c5f8 77e8 

  0x00007effd0d7392c: ; ImmutableOopMap {rbp=NarrowOop [0]=Oop }
                      ;*checkcast {reexecute=0 rethrow=0 return_oop=0}
                      ; - generaloss.freetype.FTStructCache::get@12 (line 89)
                      ; - generaloss.freetype.FTStructCache::getOrCreate@10 (line 99)
                      ; - generaloss.freetype.freetype.FTGlyphSlot::getMetrics@16 (line 54)
                      ; - dev.RenderTest::loadChar@64 (line 61)
  0x00007effd0d7392c: d09c a1ff | bede ffff | ff4c 8944 | 2410 448b | 5c24 2044 | 895c 2418 

  0x00007effd0d73944: ;   {runtime_call UncommonTrapBlob}
  0x00007effd0d73944: c5f8 77e8 

  0x00007effd0d73948: ; ImmutableOopMap {rbp=NarrowOop [16]=Oop [48]=Oop }
                      ;*instanceof {reexecute=0 rethrow=0 return_oop=0}
                      ; - java.lang.Long::equals@1 (line 1459)
                      ; - java.util.concurrent.ConcurrentHashMap::get@149 (line 947)
                      ; - generaloss.freetype.FTStructCache::get@7 (line 89)
                      ; - generaloss.freetype.FTStructCache::getOrCreate@10 (line 99)
                      ; - generaloss.freetype.freetype.FTFace::getGlyph@16 (line 180)
                      ; - dev.RenderTest::loadChar@13 (line 46)
  0x00007effd0d73948: b49c a1ff | bede ffff | ff44 8954 | 2414 6690 

  0x00007effd0d73958: ;   {runtime_call UncommonTrapBlob}
  0x00007effd0d73958: c5f8 77e8 

  0x00007effd0d7395c: ; ImmutableOopMap {rbp=NarrowOop [20]=NarrowOop [48]=Oop }
                      ;*instanceof {reexecute=0 rethrow=0 return_oop=0}
                      ; - java.lang.Long::equals@1 (line 1459)
                      ; - java.util.concurrent.ConcurrentHashMap::get@73 (line 940)
                      ; - generaloss.freetype.FTStructCache::get@7 (line 89)
                      ; - generaloss.freetype.FTStructCache::getOrCreate@10 (line 99)
                      ; - generaloss.freetype.freetype.FTFace::getGlyph@16 (line 180)
                      ; - dev.RenderTest::loadChar@13 (line 46)
  0x00007effd0d7395c: a09c a1ff | bede ffff | ff4c 8b5c | 2410 4c89 | 5c24 084c | 8954 2420 

  0x00007effd0d73974: ;   {runtime_call UncommonTrapBlob}
  0x00007effd0d73974: c5f8 77e8 

  0x00007effd0d73978: ; ImmutableOopMap {rbp=NarrowOop [0]=Oop [32]=Oop [48]=Oop }
                      ;*instanceof {reexecute=0 rethrow=0 return_oop=0}
                      ; - java.lang.Long::equals@1 (line 1459)
                      ; - java.util.concurrent.ConcurrentHashMap::get@149 (line 947)
                      ; - generaloss.freetype.FTStructCache::get@7 (line 89)
                      ; - generaloss.freetype.FTStructCache::getOrCreate@10 (line 99)
                      ; - generaloss.freetype.freetype.FTGlyphSlot::getGlyph@24 (line 172)
                      ; - dev.RenderTest::loadChar@28 (line 50)
  0x00007effd0d73978: 849c a1ff | bede ffff | ff4c 8b5c | 2410 4c89 | 5c24 0844 | 8954 2418 

  0x00007effd0d73990: ;   {runtime_call UncommonTrapBlob}
  0x00007effd0d73990: c5f8 77e8 

  0x00007effd0d73994: ; ImmutableOopMap {rbp=NarrowOop [0]=Oop [24]=NarrowOop [48]=Oop }
                      ;*instanceof {reexecute=0 rethrow=0 return_oop=0}
                      ; - java.lang.Long::equals@1 (line 1459)
                      ; - java.util.concurrent.ConcurrentHashMap::get@73 (line 940)
                      ; - generaloss.freetype.FTStructCache::get@7 (line 89)
                      ; - generaloss.freetype.FTStructCache::getOrCreate@10 (line 99)
                      ; - generaloss.freetype.freetype.FTGlyphSlot::getGlyph@24 (line 172)
                      ; - dev.RenderTest::loadChar@28 (line 50)
  0x00007effd0d73994: 689c a1ff | bede ffff | ff4c 8b54 | 2420 4c89 | 5424 0844 | 8b54 2418 | 4489 5424 | 104c 8b54 
  0x00007effd0d739b4: 2428 4c89 | 5424 184c | 8b54 2430 | 4c89 5424 | 204c 8944 | 2430 448b | 5424 3c44 | 8954 2414 
  0x00007effd0d739d4: ;   {runtime_call UncommonTrapBlob}
  0x00007effd0d739d4: c5f8 77e8 

  0x00007effd0d739d8: ; ImmutableOopMap {rbp=NarrowOop [0]=Oop [8]=Oop [24]=Oop [48]=Oop [72]=Oop }
                      ;*instanceof {reexecute=0 rethrow=0 return_oop=0}
                      ; - java.lang.Long::equals@1 (line 1459)
                      ; - java.util.concurrent.ConcurrentHashMap::get@149 (line 947)
                      ; - generaloss.freetype.FTStructCache::unregister@7 (line 39)
                      ; - generaloss.freetype.FTStructCache::unregister@30 (line 63)
                      ; - generaloss.freetype.FTStruct::destroyPointer@1 (line 29)
                      ; - generaloss.freetype.FreeType::ftGlyphToBitmap@37 (line 692)
                      ; - generaloss.freetype.glyph.FTGlyph::toBitmap@11 (line 71)
                      ; - dev.RenderTest::loadChar@50 (line 55)
  0x00007effd0d739d8: 249c a1ff | bede ffff | ff4c 8b54 | 2420 4c89 | 5424 0844 | 8b54 2418 | 4489 5424 | 104c 8b54 
  0x00007effd0d739f8: 2428 4c89 | 5424 184c | 8b54 2430 | 4c89 5424 | 2044 8944 | 2438 6690 

  0x00007effd0d73a10: ;   {runtime_call UncommonTrapBlob}
  0x00007effd0d73a10: c5f8 77e8 

  0x00007effd0d73a14: ; ImmutableOopMap {rbp=NarrowOop [0]=Oop [8]=Oop [24]=Oop [56]=NarrowOop [72]=Oop }
                      ;*instanceof {reexecute=0 rethrow=0 return_oop=0}
                      ; - java.lang.Long::equals@1 (line 1459)
                      ; - java.util.concurrent.ConcurrentHashMap::get@73 (line 940)
                      ; - generaloss.freetype.FTStructCache::unregister@7 (line 39)
                      ; - generaloss.freetype.FTStructCache::unregister@30 (line 63)
                      ; - generaloss.freetype.FTStruct::destroyPointer@1 (line 29)
                      ; - generaloss.freetype.FreeType::ftGlyphToBitmap@37 (line 692)
                      ; - generaloss.freetype.glyph.FTGlyph::toBitmap@11 (line 71)
                      ; - dev.RenderTest::loadChar@50 (line 55)
  0x00007effd0d73a14: e89b a1ff | bede ffff | ff4c 8944 | 2420 6690 

  0x00007effd0d73a24: ;   {runtime_call UncommonTrapBlob}
  0x00007effd0d73a24: c5f8 77e8 

  0x00007effd0d73a28: ; ImmutableOopMap {rbp=NarrowOop [0]=Oop [32]=Oop [48]=Oop }
                      ;*instanceof {reexecute=0 rethrow=0 return_oop=0}
                      ; - java.lang.Long::equals@1 (line 1459)
                      ; - java.util.concurrent.ConcurrentHashMap::get@149 (line 947)
                      ; - generaloss.freetype.FTStructCache::get@7 (line 89)
                      ; - generaloss.freetype.FTStructCache::getOrCreate@10 (line 99)
                      ; - generaloss.freetype.glyph.FTGlyph::toBitmap@32 (line 73)
                      ; - dev.RenderTest::loadChar@50 (line 55)
  0x00007effd0d73a28: d49b a1ff | bede ffff | ff44 8954 | 2410 6690 

  0x00007effd0d73a38: ;   {runtime_call UncommonTrapBlob}
  0x00007effd0d73a38: c5f8 77e8 

  0x00007effd0d73a3c: ; ImmutableOopMap {rbp=NarrowOop [0]=Oop [16]=NarrowOop [48]=Oop }
                      ;*instanceof {reexecute=0 rethrow=0 return_oop=0}
                      ; - java.lang.Long::equals@1 (line 1459)
                      ; - java.util.concurrent.ConcurrentHashMap::get@73 (line 940)
                      ; - generaloss.freetype.FTStructCache::get@7 (line 89)
                      ; - generaloss.freetype.FTStructCache::getOrCreate@10 (line 99)
                      ; - generaloss.freetype.glyph.FTGlyph::toBitmap@32 (line 73)
                      ; - dev.RenderTest::loadChar@50 (line 55)
  0x00007effd0d73a3c: c09b a1ff | bede ffff | ff4c 895c | 2408 4c89 | 4424 1844 | 8954 2420 

  0x00007effd0d73a54: ;   {runtime_call UncommonTrapBlob}
  0x00007effd0d73a54: c5f8 77e8 

  0x00007effd0d73a58: ; ImmutableOopMap {rbp=NarrowOop [0]=Oop [24]=Oop [40]=Oop }
                      ;*instanceof {reexecute=0 rethrow=0 return_oop=0}
                      ; - java.lang.Long::equals@1 (line 1459)
                      ; - java.util.concurrent.ConcurrentHashMap::get@149 (line 947)
                      ; - generaloss.freetype.FTStructCache::get@7 (line 89)
                      ; - generaloss.freetype.FTStructCache::getOrCreate@10 (line 99)
                      ; - generaloss.freetype.glyph.FTBitmapGlyph::getBitmap@16 (line 41)
                      ; - dev.RenderTest::loadChar@57 (line 57)
  0x00007effd0d73a58: a49b a1ff | bede ffff | ff4c 895c | 2408 4489 | 4424 1844 | 8954 241c 

  0x00007effd0d73a70: ;   {runtime_call UncommonTrapBlob}
  0x00007effd0d73a70: c5f8 77e8 

  0x00007effd0d73a74: ; ImmutableOopMap {rbp=NarrowOop [0]=Oop [24]=NarrowOop [40]=Oop }
                      ;*instanceof {reexecute=0 rethrow=0 return_oop=0}
                      ; - java.lang.Long::equals@1 (line 1459)
                      ; - java.util.concurrent.ConcurrentHashMap::get@73 (line 940)
                      ; - generaloss.freetype.FTStructCache::get@7 (line 89)
                      ; - generaloss.freetype.FTStructCache::getOrCreate@10 (line 99)
                      ; - generaloss.freetype.glyph.FTBitmapGlyph::getBitmap@16 (line 41)
                      ; - dev.RenderTest::loadChar@57 (line 57)
  0x00007effd0d73a74: 889b a1ff | bede ffff | ff4c 8b4c | 2408 4c89 | 0c24 4c89 | 5c24 084c | 8944 2418 | 4489 5424 
  0x00007effd0d73a94: 204c 896c | 2428 6690 

  0x00007effd0d73a9c: ;   {runtime_call UncommonTrapBlob}
  0x00007effd0d73a9c: c5f8 77e8 

  0x00007effd0d73aa0: ; ImmutableOopMap {rbp=NarrowOop [0]=Oop [24]=Oop [40]=Oop }
                      ;*instanceof {reexecute=0 rethrow=0 return_oop=0}
                      ; - java.lang.Long::equals@1 (line 1459)
                      ; - java.util.concurrent.ConcurrentHashMap::get@149 (line 947)
                      ; - generaloss.freetype.FTStructCache::get@7 (line 89)
                      ; - generaloss.freetype.FTStructCache::getOrCreate@10 (line 99)
                      ; - generaloss.freetype.freetype.FTGlyphSlot::getMetrics@16 (line 54)
                      ; - dev.RenderTest::loadChar@64 (line 61)
  0x00007effd0d73aa0: 5c9b a1ff | bede ffff | ff4c 8b4c | 2408 4c89 | 0c24 4c89 | 5c24 0844 | 8944 2418 | 4489 5424 
  0x00007effd0d73ac0: 1c4c 896c | 2420 6690 

  0x00007effd0d73ac8: ;   {runtime_call UncommonTrapBlob}
  0x00007effd0d73ac8: c5f8 77e8 

  0x00007effd0d73acc: ; ImmutableOopMap {rbp=NarrowOop [0]=Oop [24]=NarrowOop [32]=Oop }
                      ;*instanceof {reexecute=0 rethrow=0 return_oop=0}
                      ; - java.lang.Long::equals@1 (line 1459)
                      ; - java.util.concurrent.ConcurrentHashMap::get@73 (line 940)
                      ; - generaloss.freetype.FTStructCache::get@7 (line 89)
                      ; - generaloss.freetype.FTStructCache::getOrCreate@10 (line 99)
                      ; - generaloss.freetype.freetype.FTGlyphSlot::getMetrics@16 (line 54)
                      ; - dev.RenderTest::loadChar@64 (line 61)
  0x00007effd0d73acc: 309b a1ff | bef6 ffff | ff48 8bea 

  0x00007effd0d73ad8: ;   {runtime_call UncommonTrapBlob}
  0x00007effd0d73ad8: c5f8 77e8 

  0x00007effd0d73adc: ; ImmutableOopMap {}
                      ;*invokevirtual getCharIndex {reexecute=0 rethrow=0 return_oop=0}
                      ; - dev.RenderTest::loadChar@3 (line 41)
  0x00007effd0d73adc: 209b a1ff | bef6 ffff | ff66 6690 

  0x00007effd0d73ae8: ;   {runtime_call UncommonTrapBlob}
  0x00007effd0d73ae8: c5f8 77e8 

  0x00007effd0d73aec: ; ImmutableOopMap {}
                      ;*getfield code {reexecute=1 rethrow=0 return_oop=0}
                      ; - (reexecute) generaloss.freetype.types.FTError::byCode@21 (line 167)
                      ; - generaloss.freetype.FreeType::ftLoadGlyph@13 (line 232)
                      ; - generaloss.freetype.FreeType::ftLoadGlyph@14 (line 242)
                      ; - generaloss.freetype.freetype.FTFace::loadGlyph@3 (line 246)
                      ; - generaloss.freetype.freetype.FTFace::loadGlyph@5 (line 261)
                      ; - dev.RenderTest::loadChar@9 (line 42)
  0x00007effd0d73aec: 109b a1ff | bef6 ffff | ff66 6690 

  0x00007effd0d73af8: ;   {runtime_call UncommonTrapBlob}
  0x00007effd0d73af8: c5f8 77e8 

  0x00007effd0d73afc: ; ImmutableOopMap {}
                      ;*getfield code {reexecute=1 rethrow=0 return_oop=0}
                      ; - (reexecute) generaloss.freetype.types.FTError::byCode@21 (line 167)
                      ; - generaloss.freetype.FreeType::ftRenderGlyph@21 (line 304)
                      ; - generaloss.freetype.freetype.FTGlyphSlot::renderGlyph@2 (line 159)
                      ; - dev.RenderTest::loadChar@23 (line 48)
  0x00007effd0d73afc: 009b a1ff | bef6 ffff | ff66 6690 

  0x00007effd0d73b08: ;   {runtime_call UncommonTrapBlob}
  0x00007effd0d73b08: c5f8 77e8 

  0x00007effd0d73b0c: ; ImmutableOopMap {}
                      ;*getfield code {reexecute=1 rethrow=0 return_oop=0}
                      ; - (reexecute) generaloss.freetype.types.FTError::byCode@21 (line 167)
                      ; - generaloss.freetype.FreeType::ftGetGlyph@10 (line 655)
                      ; - generaloss.freetype.freetype.FTGlyphSlot::getGlyph@6 (line 170)
                      ; - dev.RenderTest::loadChar@28 (line 50)
  0x00007effd0d73b0c: f09a a1ff | bef6 ffff | ff66 6690 

  0x00007effd0d73b18: ;   {runtime_call UncommonTrapBlob}
  0x00007effd0d73b18: c5f8 77e8 

  0x00007effd0d73b1c: ; ImmutableOopMap {}
                      ;*getfield code {reexecute=1 rethrow=0 return_oop=0}
                      ; - (reexecute) generaloss.freetype.types.FTError::byCode@21 (line 167)
                      ; - generaloss.freetype.FreeType::ftGlyphToBitmap@42 (line 694)
                      ; - generaloss.freetype.glyph.FTGlyph::toBitmap@11 (line 71)
                      ; - dev.RenderTest::loadChar@50 (line 55)
  0x00007effd0d73b1c: e09a a1ff | bef6 ffff | ff48 8be8 

  0x00007effd0d73b28: ;   {runtime_call UncommonTrapBlob}
  0x00007effd0d73b28: c5f8 77e8 

  0x00007effd0d73b2c: ; ImmutableOopMap {rbp=Oop }
                      ;*invokevirtual println {reexecute=0 rethrow=0 return_oop=0}
                      ; - dev.RenderTest::loadChar@103 (line 63)
  0x00007effd0d73b2c: d09a a1ff | bef6 ffff | ff48 8be8 

  0x00007effd0d73b38: ;   {runtime_call UncommonTrapBlob}
  0x00007effd0d73b38: c5f8 77e8 

  0x00007effd0d73b3c: ; ImmutableOopMap {rbp=Oop }
                      ;*invokevirtual println {reexecute=0 rethrow=0 return_oop=0}
                      ; - dev.RenderTest::loadChar@153 (line 64)
  0x00007effd0d73b3c: c09a a1ff | bef6 ffff | ff48 8be8 

  0x00007effd0d73b48: ;   {runtime_call UncommonTrapBlob}
  0x00007effd0d73b48: c5f8 77e8 

  0x00007effd0d73b4c: ; ImmutableOopMap {rbp=Oop }
                      ;*invokevirtual println {reexecute=0 rethrow=0 return_oop=0}
                      ; - dev.RenderTest::loadChar@216 (line 65)
  0x00007effd0d73b4c: b09a a1ff | bef6 ffff | ff66 6690 

  0x00007effd0d73b58: ;   {runtime_call UncommonTrapBlob}
  0x00007effd0d73b58: c5f8 77e8 

  0x00007effd0d73b5c: ; ImmutableOopMap {}
                      ;*invokevirtual capacity {reexecute=0 rethrow=0 return_oop=0}
                      ; - dev.RenderTest::loadChar@264 (line 71)
  0x00007effd0d73b5c: a09a a1ff | bef6 ffff | ff66 6690 

  0x00007effd0d73b68: ;   {runtime_call UncommonTrapBlob}
  0x00007effd0d73b68: c5f8 77e8 

  0x00007effd0d73b6c: ; ImmutableOopMap {}
                      ;*invokevirtual append {reexecute=0 rethrow=0 return_oop=0}
                      ; - dev.RenderTest::loadChar@282 (line 71)
  0x00007effd0d73b6c: 909a a1ff | bef6 ffff | ff66 6690 

  0x00007effd0d73b78: ;   {runtime_call UncommonTrapBlob}
  0x00007effd0d73b78: c5f8 77e8 

  0x00007effd0d73b7c: ; ImmutableOopMap {}
                      ;*arraylength {reexecute=0 rethrow=0 return_oop=0}
                      ; - java.lang.AbstractStringBuilder::ensureCapacityInternal@4 (line 226)
                      ; - java.lang.AbstractStringBuilder::append@21 (line 582)
                      ; - java.lang.StringBuilder::append@2 (line 179)
                      ; - dev.RenderTest::loadChar@282 (line 71)
  0x00007effd0d73b7c: 809a a1ff | bef6 ffff | ff41 8be9 

  0x00007effd0d73b88: ;   {runtime_call UncommonTrapBlob}
  0x00007effd0d73b88: c5f8 77e8 

  0x00007effd0d73b8c: ; ImmutableOopMap {}
                      ;*invokestatic arraycopy {reexecute=0 rethrow=0 return_oop=0}
                      ; - java.lang.String::getBytes@27 (line 4479)
                      ; - java.lang.AbstractStringBuilder::putStringAt@30 (line 1720)
                      ; - java.lang.AbstractStringBuilder::putStringAt@8 (line 1724)
                      ; - java.lang.AbstractStringBuilder::append@30 (line 583)
                      ; - java.lang.StringBuilder::append@2 (line 179)
                      ; - dev.RenderTest::loadChar@282 (line 71)
  0x00007effd0d73b8c: 709a a1ff | bef6 ffff | ff66 6690 

  0x00007effd0d73b98: ;   {runtime_call UncommonTrapBlob}
  0x00007effd0d73b98: c5f8 77e8 

  0x00007effd0d73b9c: ; ImmutableOopMap {}
                      ;*invokevirtual append {reexecute=0 rethrow=0 return_oop=0}
                      ; - dev.RenderTest::loadChar@292 (line 71)
  0x00007effd0d73b9c: 609a a1ff | bef6 ffff | ff66 6690 

  0x00007effd0d73ba8: ;   {runtime_call UncommonTrapBlob}
  0x00007effd0d73ba8: c5f8 77e8 

  0x00007effd0d73bac: ; ImmutableOopMap {}
                      ;*arraylength {reexecute=0 rethrow=0 return_oop=0}
                      ; - java.lang.AbstractStringBuilder::ensureCapacityInternal@4 (line 226)
                      ; - java.lang.AbstractStringBuilder::append@21 (line 582)
                      ; - java.lang.StringBuilder::append@2 (line 179)
                      ; - dev.RenderTest::loadChar@292 (line 71)
  0x00007effd0d73bac: 509a a1ff | bef6 ffff | ff41 8be8 

  0x00007effd0d73bb8: ;   {runtime_call UncommonTrapBlob}
  0x00007effd0d73bb8: c5f8 77e8 

  0x00007effd0d73bbc: ; ImmutableOopMap {}
                      ;*invokestatic arraycopy {reexecute=0 rethrow=0 return_oop=0}
                      ; - java.lang.String::getBytes@27 (line 4479)
                      ; - java.lang.AbstractStringBuilder::putStringAt@30 (line 1720)
                      ; - java.lang.AbstractStringBuilder::putStringAt@8 (line 1724)
                      ; - java.lang.AbstractStringBuilder::append@30 (line 583)
                      ; - java.lang.StringBuilder::append@2 (line 179)
                      ; - dev.RenderTest::loadChar@292 (line 71)
  0x00007effd0d73bbc: 409a a1ff | bef4 ffff | ff66 6690 

  0x00007effd0d73bc8: ;   {runtime_call UncommonTrapBlob}
  0x00007effd0d73bc8: c5f8 77e8 

  0x00007effd0d73bcc: ; ImmutableOopMap {}
                      ;*checkcast {reexecute=0 rethrow=0 return_oop=0}
                      ; - generaloss.freetype.FTStructCache::getOrCreate@33 (line 101)
                      ; - generaloss.freetype.freetype.FTFace::getGlyph@16 (line 180)
                      ; - dev.RenderTest::loadChar@13 (line 46)
  0x00007effd0d73bcc: 309a a1ff | bef4 ffff | ff48 8b6c | 2408 6690 

  0x00007effd0d73bdc: ;   {runtime_call UncommonTrapBlob}
  0x00007effd0d73bdc: c5f8 77e8 

  0x00007effd0d73be0: ; ImmutableOopMap {rbp=Oop }
                      ;*checkcast {reexecute=0 rethrow=0 return_oop=0}
                      ; - generaloss.freetype.FTStructCache::getOrCreate@33 (line 101)
                      ; - generaloss.freetype.freetype.FTGlyphSlot::getMetrics@16 (line 54)
                      ; - dev.RenderTest::loadChar@64 (line 61)
  0x00007effd0d73be0: 1c9a a1ff | be45 ffff | ff48 8b2c | 244c 8b54 | 2420 4c89 | 1424 448b | 5424 1844 | 8954 2408 
  0x00007effd0d73c00: 4c8b 5424 | 284c 8954 | 2410 4c8b | 5424 304c | 8954 2418 | 4c8b 5424 | 404c 8954 | 2428 4489 
  0x00007effd0d73c20: 4424 0c44 | 895c 2434 

  0x00007effd0d73c28: ;   {runtime_call UncommonTrapBlob}
  0x00007effd0d73c28: c5f8 77e8 

  0x00007effd0d73c2c: ; ImmutableOopMap {rbp=Oop [0]=Oop [16]=Oop [40]=Oop [52]=NarrowOop [64]=Oop }
                      ;*ifnull {reexecute=1 rethrow=0 return_oop=0}
                      ; - (reexecute) java.util.HashMap::removeNode@7 (line 814)
                      ; - java.util.HashMap::remove@9 (line 797)
                      ; - generaloss.freetype.FTStructCache::unregister@23 (line 43)
                      ; - generaloss.freetype.FTStructCache::unregister@30 (line 63)
                      ; - generaloss.freetype.FTStruct::destroyPointer@1 (line 29)
                      ; - generaloss.freetype.FreeType::ftGlyphToBitmap@37 (line 692)
                      ; - generaloss.freetype.glyph.FTGlyph::toBitmap@11 (line 71)
                      ; - dev.RenderTest::loadChar@50 (line 55)
  0x00007effd0d73c2c: d099 a1ff | be45 ffff | ff48 8b2c | 2448 8b4c | 2420 4889 | 0c24 8b4c | 2418 894c | 2408 488b 
  0x00007effd0d73c4c: 4c24 2848 | 894c 2410 | 488b 4c24 | 3048 894c | 2418 488b | 4c24 4048 | 894c 2428 | 4489 4424 
  0x00007effd0d73c6c: 0c44 895c | 2430 4489 | 5424 3844 | 894c 243c 

  0x00007effd0d73c7c: ;   {runtime_call UncommonTrapBlob}
  0x00007effd0d73c7c: c5f8 77e8 

  0x00007effd0d73c80: ; ImmutableOopMap {rbp=Oop [0]=Oop [16]=Oop [40]=Oop [48]=NarrowOop [60]=NarrowOop [64]=Oop }
                      ;*ifnull {reexecute=1 rethrow=0 return_oop=0}
                      ; - (reexecute) java.util.HashMap::removeNode@34 (line 814)
                      ; - java.util.HashMap::remove@9 (line 797)
                      ; - generaloss.freetype.FTStructCache::unregister@23 (line 43)
                      ; - generaloss.freetype.FTStructCache::unregister@30 (line 63)
                      ; - generaloss.freetype.FTStruct::destroyPointer@1 (line 29)
                      ; - generaloss.freetype.FreeType::ftGlyphToBitmap@37 (line 692)
                      ; - generaloss.freetype.glyph.FTGlyph::toBitmap@11 (line 71)
                      ; - dev.RenderTest::loadChar@50 (line 55)
  0x00007effd0d73c80: 7c99 a1ff | be45 ffff | ff4c 8b54 | 2420 4c89 | 5424 0844 | 8b5c 2418 | 4489 5c24 | 104c 8b54 
  0x00007effd0d73ca0: 2428 4c89 | 5424 184c | 8b54 2430 | 4c89 5424 | 204c 8944 | 2430 6690 

  0x00007effd0d73cb8: ;   {runtime_call UncommonTrapBlob}
  0x00007effd0d73cb8: c5f8 77e8 

  0x00007effd0d73cbc: ; ImmutableOopMap {rbp=NarrowOop [0]=Oop [8]=Oop [24]=Oop [48]=Oop [72]=Oop }
                      ;*ifnull {reexecute=1 rethrow=0 return_oop=0}
                      ; - (reexecute) java.util.concurrent.ConcurrentHashMap::get@143 (line 946)
                      ; - generaloss.freetype.FTStructCache::unregister@7 (line 39)
                      ; - generaloss.freetype.FTStructCache::unregister@30 (line 63)
                      ; - generaloss.freetype.FTStruct::destroyPointer@1 (line 29)
                      ; - generaloss.freetype.FreeType::ftGlyphToBitmap@37 (line 692)
                      ; - generaloss.freetype.glyph.FTGlyph::toBitmap@11 (line 71)
                      ; - dev.RenderTest::loadChar@50 (line 55)
  0x00007effd0d73cbc: 4099 a1ff | be45 ffff | ff4c 8b54 | 2420 4c89 | 5424 0844 | 8b5c 2418 | 4489 5c24 | 104c 8b54 
  0x00007effd0d73cdc: 2428 4c89 | 5424 184c | 8b54 2430 | 4c89 5424 | 2044 8944 | 2430 6690 

  0x00007effd0d73cf4: ;   {runtime_call UncommonTrapBlob}
  0x00007effd0d73cf4: c5f8 77e8 

  0x00007effd0d73cf8: ; ImmutableOopMap {rbp=NarrowOop [0]=Oop [8]=Oop [24]=Oop [48]=NarrowOop [72]=Oop }
                      ;*ifnull {reexecute=1 rethrow=0 return_oop=0}
                      ; - (reexecute) java.util.concurrent.ConcurrentHashMap::get@67 (line 940)
                      ; - generaloss.freetype.FTStructCache::unregister@7 (line 39)
                      ; - generaloss.freetype.FTStructCache::unregister@30 (line 63)
                      ; - generaloss.freetype.FTStruct::destroyPointer@1 (line 29)
                      ; - generaloss.freetype.FreeType::ftGlyphToBitmap@37 (line 692)
                      ; - generaloss.freetype.glyph.FTGlyph::toBitmap@11 (line 71)
                      ; - dev.RenderTest::loadChar@50 (line 55)
  0x00007effd0d73cf8: 0499 a1ff | be45 ffff | ff44 8954 | 2414 6690 

  0x00007effd0d73d08: ;   {runtime_call UncommonTrapBlob}
  0x00007effd0d73d08: c5f8 77e8 

  0x00007effd0d73d0c: ; ImmutableOopMap {rbp=NarrowOop [20]=NarrowOop [48]=Oop }
                      ;*ifnull {reexecute=1 rethrow=0 return_oop=0}
                      ; - (reexecute) java.util.concurrent.ConcurrentHashMap::get@67 (line 940)
                      ; - generaloss.freetype.FTStructCache::get@7 (line 89)
                      ; - generaloss.freetype.FTStructCache::getOrCreate@10 (line 99)
                      ; - generaloss.freetype.freetype.FTFace::getGlyph@16 (line 180)
                      ; - dev.RenderTest::loadChar@13 (line 46)
  0x00007effd0d73d0c: f098 a1ff | be45 ffff | ff4c 8b5c | 2410 4c89 | 5c24 0844 | 8954 2418 

  0x00007effd0d73d24: ;   {runtime_call UncommonTrapBlob}
  0x00007effd0d73d24: c5f8 77e8 

  0x00007effd0d73d28: ; ImmutableOopMap {rbp=NarrowOop [0]=Oop [24]=NarrowOop [48]=Oop }
                      ;*ifnull {reexecute=1 rethrow=0 return_oop=0}
                      ; - (reexecute) java.util.concurrent.ConcurrentHashMap::get@67 (line 940)
                      ; - generaloss.freetype.FTStructCache::get@7 (line 89)
                      ; - generaloss.freetype.FTStructCache::getOrCreate@10 (line 99)
                      ; - generaloss.freetype.freetype.FTGlyphSlot::getGlyph@24 (line 172)
                      ; - dev.RenderTest::loadChar@28 (line 50)
  0x00007effd0d73d28: d498 a1ff | be45 ffff | ff44 8954 | 2410 6690 

  0x00007effd0d73d38: ;   {runtime_call UncommonTrapBlob}
  0x00007effd0d73d38: c5f8 77e8 

  0x00007effd0d73d3c: ; ImmutableOopMap {rbp=NarrowOop [0]=Oop [16]=NarrowOop [48]=Oop }
                      ;*ifnull {reexecute=1 rethrow=0 return_oop=0}
                      ; - (reexecute) java.util.concurrent.ConcurrentHashMap::get@67 (line 940)
                      ; - generaloss.freetype.FTStructCache::get@7 (line 89)
                      ; - generaloss.freetype.FTStructCache::getOrCreate@10 (line 99)
                      ; - generaloss.freetype.glyph.FTGlyph::toBitmap@32 (line 73)
                      ; - dev.RenderTest::loadChar@50 (line 55)
  0x00007effd0d73d3c: c098 a1ff | be45 ffff | ff4c 895c | 2408 4489 | 4424 1844 | 8954 241c 

  0x00007effd0d73d54: ;   {runtime_call UncommonTrapBlob}
  0x00007effd0d73d54: c5f8 77e8 

  0x00007effd0d73d58: ; ImmutableOopMap {rbp=NarrowOop [0]=Oop [24]=NarrowOop [40]=Oop }
                      ;*ifnull {reexecute=1 rethrow=0 return_oop=0}
                      ; - (reexecute) java.util.concurrent.ConcurrentHashMap::get@67 (line 940)
                      ; - generaloss.freetype.FTStructCache::get@7 (line 89)
                      ; - generaloss.freetype.FTStructCache::getOrCreate@10 (line 99)
                      ; - generaloss.freetype.glyph.FTBitmapGlyph::getBitmap@16 (line 41)
                      ; - dev.RenderTest::loadChar@57 (line 57)
  0x00007effd0d73d58: a498 a1ff | be45 ffff | ff4c 8b4c | 2408 4c89 | 0c24 4c89 | 5c24 084c | 896c 2410 | 4489 4424 
  0x00007effd0d73d78: 1844 8954 | 241c 6690 

  0x00007effd0d73d80: ;   {runtime_call UncommonTrapBlob}
  0x00007effd0d73d80: c5f8 77e8 

  0x00007effd0d73d84: ; ImmutableOopMap {rbp=NarrowOop [0]=Oop [16]=Oop [24]=NarrowOop }
                      ;*ifnull {reexecute=1 rethrow=0 return_oop=0}
                      ; - (reexecute) java.util.concurrent.ConcurrentHashMap::get@67 (line 940)
                      ; - generaloss.freetype.FTStructCache::get@7 (line 89)
                      ; - generaloss.freetype.FTStructCache::getOrCreate@10 (line 99)
                      ; - generaloss.freetype.freetype.FTGlyphSlot::getMetrics@16 (line 54)
                      ; - dev.RenderTest::loadChar@64 (line 61)
  0x00007effd0d73d84: 7898 a1ff | be45 ffff | ff4c 8944 | 2410 6690 

  0x00007effd0d73d94: ;   {runtime_call UncommonTrapBlob}
  0x00007effd0d73d94: c5f8 77e8 

  0x00007effd0d73d98: ; ImmutableOopMap {rbp=NarrowOop [16]=Oop [48]=Oop }
                      ;*ifnull {reexecute=1 rethrow=0 return_oop=0}
                      ; - (reexecute) java.util.concurrent.ConcurrentHashMap::get@143 (line 946)
                      ; - generaloss.freetype.FTStructCache::get@7 (line 89)
                      ; - generaloss.freetype.FTStructCache::getOrCreate@10 (line 99)
                      ; - generaloss.freetype.freetype.FTFace::getGlyph@16 (line 180)
                      ; - dev.RenderTest::loadChar@13 (line 46)
  0x00007effd0d73d98: 6498 a1ff | be45 ffff | ff4c 8b5c | 2410 4c89 | 5c24 084c | 8954 2420 

  0x00007effd0d73db0: ;   {runtime_call UncommonTrapBlob}
  0x00007effd0d73db0: c5f8 77e8 

  0x00007effd0d73db4: ; ImmutableOopMap {rbp=NarrowOop [0]=Oop [32]=Oop [48]=Oop }
                      ;*ifnull {reexecute=1 rethrow=0 return_oop=0}
                      ; - (reexecute) java.util.concurrent.ConcurrentHashMap::get@143 (line 946)
                      ; - generaloss.freetype.FTStructCache::get@7 (line 89)
                      ; - generaloss.freetype.FTStructCache::getOrCreate@10 (line 99)
                      ; - generaloss.freetype.freetype.FTGlyphSlot::getGlyph@24 (line 172)
                      ; - dev.RenderTest::loadChar@28 (line 50)
  0x00007effd0d73db4: 4898 a1ff | be45 ffff | ff4c 8944 | 2420 6690 

  0x00007effd0d73dc4: ;   {runtime_call UncommonTrapBlob}
  0x00007effd0d73dc4: c5f8 77e8 

  0x00007effd0d73dc8: ; ImmutableOopMap {rbp=NarrowOop [0]=Oop [32]=Oop [48]=Oop }
                      ;*ifnull {reexecute=1 rethrow=0 return_oop=0}
                      ; - (reexecute) java.util.concurrent.ConcurrentHashMap::get@143 (line 946)
                      ; - generaloss.freetype.FTStructCache::get@7 (line 89)
                      ; - generaloss.freetype.FTStructCache::getOrCreate@10 (line 99)
                      ; - generaloss.freetype.glyph.FTGlyph::toBitmap@32 (line 73)
                      ; - dev.RenderTest::loadChar@50 (line 55)
  0x00007effd0d73dc8: 3498 a1ff | be45 ffff | ff4c 895c | 2408 4c89 | 4424 1844 | 8954 2420 

  0x00007effd0d73de0: ;   {runtime_call UncommonTrapBlob}
  0x00007effd0d73de0: c5f8 77e8 

  0x00007effd0d73de4: ; ImmutableOopMap {rbp=NarrowOop [0]=Oop [24]=Oop [40]=Oop }
                      ;*ifnull {reexecute=1 rethrow=0 return_oop=0}
                      ; - (reexecute) java.util.concurrent.ConcurrentHashMap::get@143 (line 946)
                      ; - generaloss.freetype.FTStructCache::get@7 (line 89)
                      ; - generaloss.freetype.FTStructCache::getOrCreate@10 (line 99)
                      ; - generaloss.freetype.glyph.FTBitmapGlyph::getBitmap@16 (line 41)
                      ; - dev.RenderTest::loadChar@57 (line 57)
  0x00007effd0d73de4: 1898 a1ff | be45 ffff | ff4c 8b4c | 2408 4c89 | 0c24 4c89 | 5c24 084c | 896c 2410 | 4c89 4424 
  0x00007effd0d73e04: 1844 8954 | 2420 6690 

  0x00007effd0d73e0c: ;   {runtime_call UncommonTrapBlob}
  0x00007effd0d73e0c: c5f8 77e8 

  0x00007effd0d73e10: ; ImmutableOopMap {rbp=NarrowOop [0]=Oop [16]=Oop [24]=Oop }
                      ;*ifnull {reexecute=1 rethrow=0 return_oop=0}
                      ; - (reexecute) java.util.concurrent.ConcurrentHashMap::get@143 (line 946)
                      ; - generaloss.freetype.FTStructCache::get@7 (line 89)
                      ; - generaloss.freetype.FTStructCache::getOrCreate@10 (line 99)
                      ; - generaloss.freetype.freetype.FTGlyphSlot::getMetrics@16 (line 54)
                      ; - dev.RenderTest::loadChar@64 (line 61)
  0x00007effd0d73e10: ec97 a1ff | be97 ffff | ff66 6690 

  0x00007effd0d73e1c: ;   {runtime_call UncommonTrapBlob}
  0x00007effd0d73e1c: c5f8 77e8 

  0x00007effd0d73e20: ; ImmutableOopMap {rbp=Oop }
                      ;*invokevirtual clone {reexecute=1 rethrow=0 return_oop=0}
                      ; - (reexecute) generaloss.freetype.types.FTError::values@3 (line 5)
                      ; - generaloss.freetype.types.FTError::byCode@0 (line 166)
                      ; - generaloss.freetype.FreeType::ftLoadGlyph@13 (line 232)
                      ; - generaloss.freetype.FreeType::ftLoadGlyph@14 (line 242)
                      ; - generaloss.freetype.freetype.FTFace::loadGlyph@3 (line 246)
                      ; - generaloss.freetype.freetype.FTFace::loadGlyph@5 (line 261)
                      ; - dev.RenderTest::loadChar@9 (line 42)
  0x00007effd0d73e20: dc97 a1ff | be97 ffff | ff48 8b2c | 2466 6690 

  0x00007effd0d73e30: ;   {runtime_call UncommonTrapBlob}
  0x00007effd0d73e30: c5f8 77e8 

  0x00007effd0d73e34: ; ImmutableOopMap {rbp=Oop }
                      ;*invokevirtual clone {reexecute=1 rethrow=0 return_oop=0}
                      ; - (reexecute) generaloss.freetype.types.FTError::values@3 (line 5)
                      ; - generaloss.freetype.types.FTError::byCode@0 (line 166)
                      ; - generaloss.freetype.FreeType::ftRenderGlyph@21 (line 304)
                      ; - generaloss.freetype.freetype.FTGlyphSlot::renderGlyph@2 (line 159)
                      ; - dev.RenderTest::loadChar@23 (line 48)
  0x00007effd0d73e34: c897 a1ff | be97 ffff | ff48 8b2c | 2466 6690 

  0x00007effd0d73e44: ;   {runtime_call UncommonTrapBlob}
  0x00007effd0d73e44: c5f8 77e8 

  0x00007effd0d73e48: ; ImmutableOopMap {rbp=Oop [16]=Oop }
                      ;*invokevirtual clone {reexecute=1 rethrow=0 return_oop=0}
                      ; - (reexecute) generaloss.freetype.types.FTError::values@3 (line 5)
                      ; - generaloss.freetype.types.FTError::byCode@0 (line 166)
                      ; - generaloss.freetype.FreeType::ftGetGlyph@10 (line 655)
                      ; - generaloss.freetype.freetype.FTGlyphSlot::getGlyph@6 (line 170)
                      ; - dev.RenderTest::loadChar@28 (line 50)
  0x00007effd0d73e48: b497 a1ff | be97 ffff | ff48 8b2c | 2466 6690 

  0x00007effd0d73e58: ;   {runtime_call UncommonTrapBlob}
  0x00007effd0d73e58: c5f8 77e8 

  0x00007effd0d73e5c: ; ImmutableOopMap {rbp=Oop [32]=Oop }
                      ;*invokevirtual clone {reexecute=1 rethrow=0 return_oop=0}
                      ; - (reexecute) generaloss.freetype.types.FTError::values@3 (line 5)
                      ; - generaloss.freetype.types.FTError::byCode@0 (line 166)
                      ; - generaloss.freetype.FreeType::ftGlyphToBitmap@42 (line 694)
                      ; - generaloss.freetype.glyph.FTGlyph::toBitmap@11 (line 71)
                      ; - dev.RenderTest::loadChar@50 (line 55)
  0x00007effd0d73e5c: a097 a1ff | e922 0200 | 00e9 2d02 | 0000 e930 | 0200 00e9 | 3302 0000 | e916 0200 | 00e9 ab03 
  0x00007effd0d73e7c: 0000 488b | f0e9 ca03 | 0000 488b | f0e9 c203 | 0000 e9f4 | 0100 00e9 | ff01 0000 | e9fa 0100 
  0x00007effd0d73e9c: 00e9 fd01 | 0000 e9f8 | 0100 00e9 | fb01 0000 | e9f6 0100 | 00e9 d901 | 0000 e9dc | 0100 00e9 
  0x00007effd0d73ebc: d701 0000 | e9da 0100 | 00e9 d501 | 0000 e9d8 | 0100 00e9 | d301 0000 | e9ae 0100 | 00e9 b901 
  0x00007effd0d73edc: 0000 e9bc | 0100 00e9 | 4103 0000 | e93c 0300 | 00e9 3203 | 0000 e9b0 | 0100 00e9 | 9301 0000 
  0x00007effd0d73efc: 488b f0e9 | 4c03 0000 | 488b f0e9 | 4403 0000 | 488b f0e9 | 3c03 0000 | 488b f0e9 | 3403 0000 
  0x00007effd0d73f1c: 488b f0e9 | 2c03 0000 | e9fb 0200 | 0048 8bf0 | e91f 0300 | 0048 8bf0 | e917 0300 | 00e9 4901 
  0x00007effd0d73f3c: 0000 e954 | 0100 00e9 | 5701 0000 | e95a 0100 | 00e9 3d01 | 0000 e9d2 | 0200 00e9 | 2b01 0000 
  0x00007effd0d73f5c: e936 0100 | 00e9 3901 | 0000 e93c | 0100 00e9 | 1f01 0000 | 488b f0e9 | d802 0000 | e9ac 0200 
  0x00007effd0d73f7c: 00e9 0501 | 0000 e910 | 0100 00e9 | 1301 0000 | e916 0100 | 00e9 f900 | 0000 488b | e84c 8b54 
  0x00007effd0d73f9c: 2420 448b | 5c24 50f0 | 450f c15a | 1c41 83fb | 060f 847a | 0300 0048 | 8bc5 e9cc | 0000 0048 
  0x00007effd0d73fbc: 8944 2410 | 4c8b 5424 | 2044 8b5c | 2450 f045 | 0fc1 5a1c | 4183 fb06 | 0f84 2b03 | 0000 488b 
  0x00007effd0d73fdc: 4424 10e9 | b300 0000 | 4889 4424 | 104c 8b54 | 2420 448b | 5c24 50f0 | 450f c15a | 1c41 83fb 
  0x00007effd0d73ffc: 060f 84da | 0200 0048 | 8b44 2410 | e992 0000 | 0048 8944 | 2408 4c8b | 5424 2844 | 8b5c 2450 
  0x00007effd0d7401c: f045 0fc1 | 5a1c 4183 | fb06 0f84 | 8d02 0000 | 488b 4424 | 08eb 7448 | 8944 2408 | 4c8b 5424 
  0x00007effd0d7403c: 2844 8b44 | 2450 f045 | 0fc1 421c | 4183 f806 | 0f84 4302 | 0000 488b | 4424 08eb | 36e9 cb01 
  0x00007effd0d7405c: 0000 4889 | 4424 384c | 8b54 2440 | 448b 4424 | 50f0 450f | c142 1c41 | 83f8 060f | 84e0 0100 
  0x00007effd0d7407c: 0048 8b44 | 2438 e9a2 | 0100 0048 | 8bf0 e9c1 | 0100 0048 | 8bf0 e9b9 | 0100 0048 | 8bf0 e9b1 
  0x00007effd0d7409c: 0100 0048 | 8bf0 e9a9 | 0100 0048 | 8bf0 e9a1 | 0100 0048 | 8bf0 e999 | 0100 0048 | 8bf0 e991 
  0x00007effd0d740bc: 0100 0048 | 8bf0 e989 | 0100 0048 | 8bf0 e981 | 0100 0048 | 8bf0 e979 | 0100 0048 | 8bf0 e971 
  0x00007effd0d740dc: 0100 0048 | 8bf0 e969 | 0100 0048 | 8bf0 e961 | 0100 0048 | 8bf0 e959 | 0100 0048 | 8bf0 e951 
  0x00007effd0d740fc: 0100 0048 | 8bf0 e949 | 0100 0048 | 8bf0 e941 | 0100 0048 | 8bf0 e939 | 0100 0048 | 8bf0 e931 
  0x00007effd0d7411c: 0100 0048 | 8bf0 e929 | 0100 0048 | 8bf0 e921 | 0100 0048 | 8bf0 e919 | 0100 0048 | 8bf0 e911 
  0x00007effd0d7413c: 0100 0048 | 8bf0 e909 | 0100 0048 | 8bf0 e901 | 0100 0048 | 8bf0 e9f9 | 0000 0048 | 8bf0 e9f1 
  0x00007effd0d7415c: 0000 0048 | 8bf0 e9e9 | 0000 0048 | 8bf0 e9e1 | 0000 0048 | 8bf0 e9d9 | 0000 0048 | 8bf0 e9d1 
  0x00007effd0d7417c: 0000 0048 | 8bf0 e9c9 | 0000 0048 | 8bf0 e9c1 | 0000 0048 | 8bf0 e9b9 | 0000 0048 | 8bf0 e9b1 
  0x00007effd0d7419c: 0000 0048 | 8bf0 e9a9 | 0000 0048 | 8bf0 e9a1 | 0000 0048 | 8bf0 e999 | 0000 0048 | 8bf0 e991 
  0x00007effd0d741bc: 0000 0048 | 8bf0 e989 | 0000 0048 | 8bf0 e981 | 0000 0048 | 8bf0 eb7c | 488b f0eb | 7748 8bf0 
  0x00007effd0d741dc: eb72 488b | f0eb 6d48 | 8bf0 eb68 | 488b f0eb | 6348 8bf0 | eb5e 488b | f0eb 5948 | 8bf0 eb54 
  0x00007effd0d741fc: 488b f0eb | 4f48 8bf0 | eb4a 488b | f0eb 4548 | 8bf0 eb40 | 488b f0eb | 3b48 8bf0 | eb36 488b 
  0x00007effd0d7421c: f0eb 3148 | 8bf0 eb2c | 488b f0eb | 2748 8bf0 | eb22 eb00 | 488b f0eb | 1beb 0048 | 8bf0 eb14 
  0x00007effd0d7423c: eb00 488b | f0eb 0d48 | 8bf0 eb08 | 488b f0eb | 0348 8bf0 | c5f8 7748 | 83c4 705d 

  0x00007effd0d74258: ;   {runtime_call _rethrow_Java}
  0x00007effd0d74258: e9a3 45ac | ff45 8b5a | 2845 85db | 0f84 13fe | ffff 4b8d | 34dc 488b | 2c24 4c8b | 5424 204c 
  0x00007effd0d74278: 8914 2444 | 8b54 2418 | 4489 5424 | 0866 6690 

  0x00007effd0d74288: ;   {static_call}
  0x00007effd0d74288: c5f8 77e8 

  0x00007effd0d7428c: ; ImmutableOopMap {rbp=Oop [0]=Oop [40]=Oop [56]=Oop }
                      ;*invokestatic unpark {reexecute=0 rethrow=0 return_oop=0}
                      ; - java.util.concurrent.ConcurrentHashMap$TreeBin::find@177 (line 2908)
                      ; - java.util.concurrent.ConcurrentHashMap::get@93 (line 944)
                      ; - generaloss.freetype.FTStructCache::unregister@7 (line 39)
                      ; - generaloss.freetype.FTStructCache::unregister@30 (line 63)
                      ; - generaloss.freetype.FTStruct::destroyPointer@1 (line 29)
                      ; - generaloss.freetype.FreeType::ftGlyphToBitmap@37 (line 692)
                      ; - generaloss.freetype.glyph.FTGlyph::toBitmap@11 (line 71)
                      ; - dev.RenderTest::loadChar@50 (line 55)
  0x00007effd0d7428c: f043 a1ff | e9e8 fdff | ff45 8b52 | 2845 85d2 | 0f84 b0fd | ffff 4b8d | 34d4 488b | 2c24 6690 
  0x00007effd0d742ac: ;   {static_call}
  0x00007effd0d742ac: c5f8 77e8 

  0x00007effd0d742b0: ; ImmutableOopMap {[8]=Oop }
                      ;*invokestatic unpark {reexecute=0 rethrow=0 return_oop=0}
                      ; - java.util.concurrent.ConcurrentHashMap$TreeBin::find@177 (line 2908)
                      ; - java.util.concurrent.ConcurrentHashMap::get@93 (line 944)
                      ; - generaloss.freetype.FTStructCache::get@7 (line 89)
                      ; - generaloss.freetype.FTStructCache::getOrCreate@10 (line 99)
                      ; - generaloss.freetype.freetype.FTFace::getGlyph@16 (line 180)
                      ; - dev.RenderTest::loadChar@13 (line 46)
  0x00007effd0d742b0: cc43 a1ff | e999 fdff | ff45 8b5a | 2845 85db | 0f84 66fd | ffff 4b8d | 34dc 488b | 2c24 6690 
  0x00007effd0d742d0: ;   {static_call}
  0x00007effd0d742d0: c5f8 77e8 

  0x00007effd0d742d4: ; ImmutableOopMap {rbp=Oop [8]=Oop }
                      ;*invokestatic unpark {reexecute=0 rethrow=0 return_oop=0}
                      ; - java.util.concurrent.ConcurrentHashMap$TreeBin::find@177 (line 2908)
                      ; - java.util.concurrent.ConcurrentHashMap::get@93 (line 944)
                      ; - generaloss.freetype.FTStructCache::get@7 (line 89)
                      ; - generaloss.freetype.FTStructCache::getOrCreate@10 (line 99)
                      ; - generaloss.freetype.freetype.FTGlyphSlot::getGlyph@24 (line 172)
                      ; - dev.RenderTest::loadChar@28 (line 50)
  0x00007effd0d742d4: a843 a1ff | e94f fdff | ff45 8b52 | 2845 85d2 | 0f84 19fd | ffff 4b8d | 34d4 4c8b | 5424 084c 
  0x00007effd0d742f4: 8914 2490 

  0x00007effd0d742f8: ;   {static_call}
  0x00007effd0d742f8: c5f8 77e8 

  0x00007effd0d742fc: ; ImmutableOopMap {rbp=Oop [16]=Oop }
                      ;*invokestatic unpark {reexecute=0 rethrow=0 return_oop=0}
                      ; - java.util.concurrent.ConcurrentHashMap$TreeBin::find@177 (line 2908)
                      ; - java.util.concurrent.ConcurrentHashMap::get@93 (line 944)
                      ; - generaloss.freetype.FTStructCache::get@7 (line 89)
                      ; - generaloss.freetype.FTStructCache::getOrCreate@10 (line 99)
                      ; - generaloss.freetype.glyph.FTGlyph::toBitmap@32 (line 73)
                      ; - dev.RenderTest::loadChar@50 (line 55)
  0x00007effd0d742fc: 8043 a1ff | e9fe fcff | ff45 8b52 | 2845 85d2 | 0f84 c8fc | ffff 4b8d | 34d4 4c8b | 5424 084c 
  0x00007effd0d7431c: 8914 2490 

  0x00007effd0d74320: ;   {static_call}
  0x00007effd0d74320: c5f8 77e8 

  0x00007effd0d74324: ; ImmutableOopMap {rbp=Oop [16]=Oop }
                      ;*invokestatic unpark {reexecute=0 rethrow=0 return_oop=0}
                      ; - java.util.concurrent.ConcurrentHashMap$TreeBin::find@177 (line 2908)
                      ; - java.util.concurrent.ConcurrentHashMap::get@93 (line 944)
                      ; - generaloss.freetype.FTStructCache::get@7 (line 89)
                      ; - generaloss.freetype.FTStructCache::getOrCreate@10 (line 99)
                      ; - generaloss.freetype.glyph.FTBitmapGlyph::getBitmap@16 (line 41)
                      ; - dev.RenderTest::loadChar@57 (line 57)
  0x00007effd0d74324: 5843 a1ff | e9ad fcff | ff45 8b5a | 2845 85db | 0f84 79fc | ffff 4b8d | 34dc 6690 

  0x00007effd0d74340: ;   {static_call}
  0x00007effd0d74340: c5f8 77e8 

  0x00007effd0d74344: ; ImmutableOopMap {rbp=Oop [8]=Oop }
                      ;*invokestatic unpark {reexecute=0 rethrow=0 return_oop=0}
                      ; - java.util.concurrent.ConcurrentHashMap$TreeBin::find@177 (line 2908)
                      ; - java.util.concurrent.ConcurrentHashMap::get@93 (line 944)
                      ; - generaloss.freetype.FTStructCache::get@7 (line 89)
                      ; - generaloss.freetype.FTStructCache::getOrCreate@10 (line 99)
                      ; - generaloss.freetype.freetype.FTGlyphSlot::getMetrics@16 (line 54)
                      ; - dev.RenderTest::loadChar@64 (line 61)
  0x00007effd0d74344: 3843 a1ff | e966 fcff 

  0x00007effd0d7434c: ;   {internal_word}
  0x00007effd0d7434c: ff49 baed | 08d7 d0ff | 7e00 004d | 8997 5803 

  0x00007effd0d7435c: ;   {runtime_call SafepointBlob}
  0x00007effd0d7435c: 0000 e99d | a3a1 fff4 | f4f4 f4f4 | f4f4 f4f4 | f4f4 f4f4 | f4f4 f4f4 | f4f4 f4f4 | f4f4 f4f4 
  0x00007effd0d7437c: f4f4 f4f4 
[Stub Code]
  0x00007effd0d74380: ;   {no_reloc}
  0x00007effd0d74380: 48bb 0000 | 0000 0000 

  0x00007effd0d74388: ;   {runtime_call}
  0x00007effd0d74388: 0000 e9fb 

  0x00007effd0d7438c: ;   {static_stub}
  0x00007effd0d7438c: ffff ff48 | bb00 0000 | 0000 0000 

  0x00007effd0d74398: ;   {runtime_call}
  0x00007effd0d74398: 00e9 fbff 

  0x00007effd0d7439c: ;   {static_stub}
  0x00007effd0d7439c: ffff 48bb | 0000 0000 | 0000 0000 

  0x00007effd0d743a8: ;   {runtime_call}
  0x00007effd0d743a8: e9fb ffff 

  0x00007effd0d743ac: ;   {static_stub}
  0x00007effd0d743ac: ff48 bbf0 | 6944 5fff 

  0x00007effd0d743b4: ;   {runtime_call I2C/C2I adapters}
  0x00007effd0d743b4: 7e00 00e9 | a18f a1ff 

  0x00007effd0d743bc: ;   {static_stub}
  0x00007effd0d743bc: 48bb 0000 | 0000 0000 

  0x00007effd0d743c4: ;   {runtime_call}
  0x00007effd0d743c4: 0000 e9fb 

  0x00007effd0d743c8: ;   {static_stub}
  0x00007effd0d743c8: ffff ff48 | bb00 0000 | 0000 0000 

  0x00007effd0d743d4: ;   {runtime_call}
  0x00007effd0d743d4: 00e9 fbff 

  0x00007effd0d743d8: ;   {static_stub}
  0x00007effd0d743d8: ffff 48bb | 0000 0000 | 0000 0000 

  0x00007effd0d743e4: ;   {runtime_call}
  0x00007effd0d743e4: e9fb ffff 

  0x00007effd0d743e8: ;   {static_stub}
  0x00007effd0d743e8: ff48 bb00 | 0000 0000 

  0x00007effd0d743f0: ;   {runtime_call}
  0x00007effd0d743f0: 0000 00e9 | fbff ffff 

  0x00007effd0d743f8: ;   {static_stub}
  0x00007effd0d743f8: 48bb 0000 | 0000 0000 

  0x00007effd0d74400: ;   {runtime_call}
  0x00007effd0d74400: 0000 e9fb 

  0x00007effd0d74404: ;   {static_stub}
  0x00007effd0d74404: ffff ff48 | bb00 0000 | 0000 0000 

  0x00007effd0d74410: ;   {runtime_call}
  0x00007effd0d74410: 00e9 fbff 

  0x00007effd0d74414: ;   {static_stub}
  0x00007effd0d74414: ffff 48bb | 0000 0000 | 0000 0000 

  0x00007effd0d74420: ;   {runtime_call}
  0x00007effd0d74420: e9fb ffff 

  0x00007effd0d74424: ;   {static_stub}
  0x00007effd0d74424: ff48 bb00 | 0000 0000 

  0x00007effd0d7442c: ;   {runtime_call}
  0x00007effd0d7442c: 0000 00e9 | fbff ffff 

  0x00007effd0d74434: ;   {static_stub}
  0x00007effd0d74434: 48bb 0000 | 0000 0000 

  0x00007effd0d7443c: ;   {runtime_call}
  0x00007effd0d7443c: 0000 e9fb 

  0x00007effd0d74440: ;   {static_stub}
  0x00007effd0d74440: ffff ff48 | bb00 0000 | 0000 0000 

  0x00007effd0d7444c: ;   {runtime_call}
  0x00007effd0d7444c: 00e9 fbff 

  0x00007effd0d74450: ;   {static_stub}
  0x00007effd0d74450: ffff 48bb | 0000 0000 | 0000 0000 

  0x00007effd0d7445c: ;   {runtime_call}
  0x00007effd0d7445c: e9fb ffff 

  0x00007effd0d74460: ;   {static_stub}
  0x00007effd0d74460: ff48 bbd0 | a844 5fff 

  0x00007effd0d74468: ;   {runtime_call I2C/C2I adapters}
  0x00007effd0d74468: 7e00 00e9 | ed8e a1ff 

  0x00007effd0d74470: ;   {static_stub}
  0x00007effd0d74470: 48bb 0000 | 0000 0000 

  0x00007effd0d74478: ;   {runtime_call}
  0x00007effd0d74478: 0000 e9fb 

  0x00007effd0d7447c: ;   {static_stub}
  0x00007effd0d7447c: ffff ff48 | bb00 0000 | 0000 0000 

  0x00007effd0d74488: ;   {runtime_call}
  0x00007effd0d74488: 00e9 fbff 

  0x00007effd0d7448c: ;   {static_stub}
  0x00007effd0d7448c: ffff 48bb | 0000 0000 | 0000 0000 

  0x00007effd0d74498: ;   {runtime_call}
  0x00007effd0d74498: e9fb ffff 

  0x00007effd0d7449c: ;   {static_stub}
  0x00007effd0d7449c: ff48 bb00 | 0000 0000 

  0x00007effd0d744a4: ;   {runtime_call}
  0x00007effd0d744a4: 0000 00e9 | fbff ffff 

  0x00007effd0d744ac: ;   {static_stub}
  0x00007effd0d744ac: 48bb 0000 | 0000 0000 

  0x00007effd0d744b4: ;   {runtime_call}
  0x00007effd0d744b4: 0000 e9fb 

  0x00007effd0d744b8: ;   {static_stub}
  0x00007effd0d744b8: ffff ff48 | bb00 0000 | 0000 0000 

  0x00007effd0d744c4: ;   {runtime_call}
  0x00007effd0d744c4: 00e9 fbff 

  0x00007effd0d744c8: ;   {static_stub}
  0x00007effd0d744c8: ffff 48bb | 0000 0000 | 0000 0000 

  0x00007effd0d744d4: ;   {runtime_call}
  0x00007effd0d744d4: e9fb ffff 

  0x00007effd0d744d8: ;   {static_stub}
  0x00007effd0d744d8: ff48 bb00 | 0000 0000 

  0x00007effd0d744e0: ;   {runtime_call}
  0x00007effd0d744e0: 0000 00e9 | fbff ffff 

  0x00007effd0d744e8: ;   {static_stub}
  0x00007effd0d744e8: 48bb 0000 | 0000 0000 

  0x00007effd0d744f0: ;   {runtime_call}
  0x00007effd0d744f0: 0000 e9fb 

  0x00007effd0d744f4: ;   {static_stub}
  0x00007effd0d744f4: ffff ff48 | bb00 0000 | 0000 0000 

  0x00007effd0d74500: ;   {runtime_call}
  0x00007effd0d74500: 00e9 fbff 

  0x00007effd0d74504: ;   {static_stub}
  0x00007effd0d74504: ffff 48bb | 0000 0000 | 0000 0000 

  0x00007effd0d74510: ;   {runtime_call}
  0x00007effd0d74510: e9fb ffff 

  0x00007effd0d74514: ;   {static_stub}
  0x00007effd0d74514: ff48 bb00 | 0000 0000 

  0x00007effd0d7451c: ;   {runtime_call}
  0x00007effd0d7451c: 0000 00e9 | fbff ffff 

  0x00007effd0d74524: ;   {static_stub}
  0x00007effd0d74524: 48bb 0000 | 0000 0000 

  0x00007effd0d7452c: ;   {runtime_call}
  0x00007effd0d7452c: 0000 e9fb 

  0x00007effd0d74530: ;   {static_stub}
  0x00007effd0d74530: ffff ff48 | bb00 0000 | 0000 0000 

  0x00007effd0d7453c: ;   {runtime_call}
  0x00007effd0d7453c: 00e9 fbff 

  0x00007effd0d74540: ;   {static_stub}
  0x00007effd0d74540: ffff 48bb | 0000 0000 | 0000 0000 

  0x00007effd0d7454c: ;   {runtime_call}
  0x00007effd0d7454c: e9fb ffff 

  0x00007effd0d74550: ;   {static_stub}
  0x00007effd0d74550: ff48 bb00 | 0000 0000 

  0x00007effd0d74558: ;   {runtime_call}
  0x00007effd0d74558: 0000 00e9 | fbff ffff 

  0x00007effd0d74560: ;   {static_stub}
  0x00007effd0d74560: 48bb 0000 | 0000 0000 

  0x00007effd0d74568: ;   {runtime_call}
  0x00007effd0d74568: 0000 e9fb 

  0x00007effd0d7456c: ;   {static_stub}
  0x00007effd0d7456c: ffff ff48 | bb00 0000 | 0000 0000 

  0x00007effd0d74578: ;   {runtime_call}
  0x00007effd0d74578: 00e9 fbff 

  0x00007effd0d7457c: ;   {static_stub}
  0x00007effd0d7457c: ffff 48bb | 0000 0000 | 0000 0000 

  0x00007effd0d74588: ;   {runtime_call}
  0x00007effd0d74588: e9fb ffff 

  0x00007effd0d7458c: ;   {static_stub}
  0x00007effd0d7458c: ff48 bb00 | 0000 0000 

  0x00007effd0d74594: ;   {runtime_call}
  0x00007effd0d74594: 0000 00e9 | fbff ffff 

  0x00007effd0d7459c: ;   {static_stub}
  0x00007effd0d7459c: 48bb 0000 | 0000 0000 

  0x00007effd0d745a4: ;   {runtime_call}
  0x00007effd0d745a4: 0000 e9fb 

  0x00007effd0d745a8: ;   {static_stub}
  0x00007effd0d745a8: ffff ff48 | bb00 0000 | 0000 0000 

  0x00007effd0d745b4: ;   {runtime_call}
  0x00007effd0d745b4: 00e9 fbff 

  0x00007effd0d745b8: ;   {static_stub}
  0x00007effd0d745b8: ffff 48bb | 0000 0000 | 0000 0000 

  0x00007effd0d745c4: ;   {runtime_call}
  0x00007effd0d745c4: e9fb ffff 

  0x00007effd0d745c8: ;   {static_stub}
  0x00007effd0d745c8: ff48 bb00 | 0000 0000 

  0x00007effd0d745d0: ;   {runtime_call}
  0x00007effd0d745d0: 0000 00e9 | fbff ffff 

  0x00007effd0d745d8: ;   {static_stub}
  0x00007effd0d745d8: 48bb 0000 | 0000 0000 

  0x00007effd0d745e0: ;   {runtime_call}
  0x00007effd0d745e0: 0000 e9fb 

  0x00007effd0d745e4: ;   {static_stub}
  0x00007effd0d745e4: ffff ff48 | bb00 0000 | 0000 0000 

  0x00007effd0d745f0: ;   {runtime_call}
  0x00007effd0d745f0: 00e9 fbff 

  0x00007effd0d745f4: ;   {static_stub}
  0x00007effd0d745f4: ffff 48bb | 0000 0000 | 0000 0000 

  0x00007effd0d74600: ;   {runtime_call}
  0x00007effd0d74600: e9fb ffff 

  0x00007effd0d74604: ;   {static_stub}
  0x00007effd0d74604: ff48 bb00 | 0000 0000 

  0x00007effd0d7460c: ;   {runtime_call}
  0x00007effd0d7460c: 0000 00e9 | fbff ffff 

  0x00007effd0d74614: ;   {static_stub}
  0x00007effd0d74614: 48bb 0000 | 0000 0000 

  0x00007effd0d7461c: ;   {runtime_call}
  0x00007effd0d7461c: 0000 e9fb 

  0x00007effd0d74620: ;   {static_stub}
  0x00007effd0d74620: ffff ff48 | bb00 0000 | 0000 0000 

  0x00007effd0d7462c: ;   {runtime_call}
  0x00007effd0d7462c: 00e9 fbff 

  0x00007effd0d74630: ;   {static_stub}
  0x00007effd0d74630: ffff 48bb | 0000 0000 | 0000 0000 

  0x00007effd0d7463c: ;   {runtime_call}
  0x00007effd0d7463c: e9fb ffff 

  0x00007effd0d74640: ;   {static_stub}
  0x00007effd0d74640: ff48 bb00 | 0000 0000 

  0x00007effd0d74648: ;   {runtime_call}
  0x00007effd0d74648: 0000 00e9 | fbff ffff 

  0x00007effd0d74650: ;   {static_stub}
  0x00007effd0d74650: 48bb 0000 | 0000 0000 

  0x00007effd0d74658: ;   {runtime_call}
  0x00007effd0d74658: 0000 e9fb 

  0x00007effd0d7465c: ;   {static_stub}
  0x00007effd0d7465c: ffff ff48 | bb00 0000 | 0000 0000 

  0x00007effd0d74668: ;   {runtime_call}
  0x00007effd0d74668: 00e9 fbff 

  0x00007effd0d7466c: ;   {static_stub}
  0x00007effd0d7466c: ffff 48bb | 0000 0000 | 0000 0000 

  0x00007effd0d74678: ;   {runtime_call}
  0x00007effd0d74678: e9fb ffff 

  0x00007effd0d7467c: ;   {static_stub}
  0x00007effd0d7467c: ff48 bb00 | 0000 0000 

  0x00007effd0d74684: ;   {runtime_call}
  0x00007effd0d74684: 0000 00e9 | fbff ffff 

  0x00007effd0d7468c: ;   {static_stub}
  0x00007effd0d7468c: 48bb 0000 | 0000 0000 

  0x00007effd0d74694: ;   {runtime_call}
  0x00007effd0d74694: 0000 e9fb 

  0x00007effd0d74698: ;   {static_stub}
  0x00007effd0d74698: ffff ff48 | bb00 0000 | 0000 0000 

  0x00007effd0d746a4: ;   {runtime_call}
  0x00007effd0d746a4: 00e9 fbff 

  0x00007effd0d746a8: ;   {static_stub}
  0x00007effd0d746a8: ffff 48bb | 0000 0000 | 0000 0000 

  0x00007effd0d746b4: ;   {runtime_call}
  0x00007effd0d746b4: e9fb ffff 

  0x00007effd0d746b8: ;   {static_stub}
  0x00007effd0d746b8: ff48 bb00 | 0000 0000 

  0x00007effd0d746c0: ;   {runtime_call}
  0x00007effd0d746c0: 0000 00e9 | fbff ffff 

  0x00007effd0d746c8: ;   {static_stub}
  0x00007effd0d746c8: 48bb 0000 | 0000 0000 

  0x00007effd0d746d0: ;   {runtime_call}
  0x00007effd0d746d0: 0000 e9fb 

  0x00007effd0d746d4: ;   {static_stub}
  0x00007effd0d746d4: ffff ff48 | bb00 0000 | 0000 0000 

  0x00007effd0d746e0: ;   {runtime_call}
  0x00007effd0d746e0: 00e9 fbff 

  0x00007effd0d746e4: ;   {static_stub}
  0x00007effd0d746e4: ffff 48bb | 0000 0000 | 0000 0000 

  0x00007effd0d746f0: ;   {runtime_call}
  0x00007effd0d746f0: e9fb ffff 

  0x00007effd0d746f4: ;   {static_stub}
  0x00007effd0d746f4: ff48 bb00 | 0000 0000 

  0x00007effd0d746fc: ;   {runtime_call}
  0x00007effd0d746fc: 0000 00e9 | fbff ffff 

  0x00007effd0d74704: ;   {static_stub}
  0x00007effd0d74704: 48bb 0000 | 0000 0000 

  0x00007effd0d7470c: ;   {runtime_call}
  0x00007effd0d7470c: 0000 e9fb 

  0x00007effd0d74710: ;   {static_stub}
  0x00007effd0d74710: ffff ff48 | bb00 0000 | 0000 0000 

  0x00007effd0d7471c: ;   {runtime_call}
  0x00007effd0d7471c: 00e9 fbff 

  0x00007effd0d74720: ;   {static_stub}
  0x00007effd0d74720: ffff 48bb | 0000 0000 | 0000 0000 

  0x00007effd0d7472c: ;   {runtime_call}
  0x00007effd0d7472c: e9fb ffff 

  0x00007effd0d74730: ;   {static_stub}
  0x00007effd0d74730: ff48 bb00 | 0000 0000 

  0x00007effd0d74738: ;   {runtime_call}
  0x00007effd0d74738: 0000 00e9 | fbff ffff 

  0x00007effd0d74740: ;   {static_stub}
  0x00007effd0d74740: 48bb 0000 | 0000 0000 

  0x00007effd0d74748: ;   {runtime_call}
  0x00007effd0d74748: 0000 e9fb 

  0x00007effd0d7474c: ;   {static_stub}
  0x00007effd0d7474c: ffff ff48 | bb00 0000 | 0000 0000 

  0x00007effd0d74758: ;   {runtime_call}
  0x00007effd0d74758: 00e9 fbff 

  0x00007effd0d7475c: ;   {static_stub}
  0x00007effd0d7475c: ffff 48bb | 0000 0000 | 0000 0000 

  0x00007effd0d74768: ;   {runtime_call}
  0x00007effd0d74768: e9fb ffff 

  0x00007effd0d7476c: ;   {static_stub}
  0x00007effd0d7476c: ff48 bb00 | 0000 0000 

  0x00007effd0d74774: ;   {runtime_call}
  0x00007effd0d74774: 0000 00e9 | fbff ffff 

  0x00007effd0d7477c: ;   {static_stub}
  0x00007effd0d7477c: 48bb 0000 | 0000 0000 

  0x00007effd0d74784: ;   {runtime_call}
  0x00007effd0d74784: 0000 e9fb 

  0x00007effd0d74788: ;   {static_stub}
  0x00007effd0d74788: ffff ff48 | bb00 0000 | 0000 0000 

  0x00007effd0d74794: ;   {runtime_call}
  0x00007effd0d74794: 00e9 fbff 

  0x00007effd0d74798: ;   {static_stub}
  0x00007effd0d74798: ffff 48bb | 0000 0000 | 0000 0000 

  0x00007effd0d747a4: ;   {runtime_call}
  0x00007effd0d747a4: e9fb ffff 

  0x00007effd0d747a8: ;   {static_stub}
  0x00007effd0d747a8: ff48 bb00 | 0000 0000 

  0x00007effd0d747b0: ;   {runtime_call}
  0x00007effd0d747b0: 0000 00e9 | fbff ffff 

  0x00007effd0d747b8: ;   {static_stub}
  0x00007effd0d747b8: 48bb 0000 | 0000 0000 

  0x00007effd0d747c0: ;   {runtime_call}
  0x00007effd0d747c0: 0000 e9fb 

  0x00007effd0d747c4: ;   {static_stub}
  0x00007effd0d747c4: ffff ff48 | bb00 0000 | 0000 0000 

  0x00007effd0d747d0: ;   {runtime_call}
  0x00007effd0d747d0: 00e9 fbff 

  0x00007effd0d747d4: ;   {static_stub}
  0x00007effd0d747d4: ffff 48bb | 0000 0000 | 0000 0000 

  0x00007effd0d747e0: ;   {runtime_call}
  0x00007effd0d747e0: e9fb ffff 

  0x00007effd0d747e4: ;   {static_stub}
  0x00007effd0d747e4: ff48 bb00 | 0000 0000 

  0x00007effd0d747ec: ;   {runtime_call}
  0x00007effd0d747ec: 0000 00e9 | fbff ffff 

  0x00007effd0d747f4: ;   {static_stub}
  0x00007effd0d747f4: 48bb 0000 | 0000 0000 

  0x00007effd0d747fc: ;   {runtime_call}
  0x00007effd0d747fc: 0000 e9fb 

  0x00007effd0d74800: ;   {static_stub}
  0x00007effd0d74800: ffff ff48 | bb00 0000 | 0000 0000 

  0x00007effd0d7480c: ;   {runtime_call}
  0x00007effd0d7480c: 00e9 fbff 

  0x00007effd0d74810: ;   {static_stub}
  0x00007effd0d74810: ffff 48bb | 0000 0000 | 0000 0000 

  0x00007effd0d7481c: ;   {runtime_call}
  0x00007effd0d7481c: e9fb ffff 

  0x00007effd0d74820: ;   {static_stub}
  0x00007effd0d74820: ff48 bb00 | 0000 0000 

  0x00007effd0d74828: ;   {runtime_call}
  0x00007effd0d74828: 0000 00e9 | fbff ffff 

  0x00007effd0d74830: ;   {static_stub}
  0x00007effd0d74830: 48bb 0000 | 0000 0000 

  0x00007effd0d74838: ;   {runtime_call}
  0x00007effd0d74838: 0000 e9fb 

  0x00007effd0d7483c: ;   {static_stub}
  0x00007effd0d7483c: ffff ff48 | bb00 0000 | 0000 0000 

  0x00007effd0d74848: ;   {runtime_call}
  0x00007effd0d74848: 00e9 fbff 

  0x00007effd0d7484c: ;   {static_stub}
  0x00007effd0d7484c: ffff 48bb | 90c8 3b63 | ff7e 0000 

  0x00007effd0d74858: ;   {runtime_call I2C/C2I adapters}
  0x00007effd0d74858: e9fb 84a1 

  0x00007effd0d7485c: ;   {static_stub}
  0x00007effd0d7485c: ff48 bb00 | 0000 0000 

  0x00007effd0d74864: ;   {runtime_call}
  0x00007effd0d74864: 0000 00e9 | fbff ffff 

  0x00007effd0d7486c: ;   {static_stub}
  0x00007effd0d7486c: 48bb 0000 | 0000 0000 

  0x00007effd0d74874: ;   {runtime_call}
  0x00007effd0d74874: 0000 e9fb 

  0x00007effd0d74878: ;   {static_stub}
  0x00007effd0d74878: ffff ff48 | bb00 0000 | 0000 0000 

  0x00007effd0d74884: ;   {runtime_call}
  0x00007effd0d74884: 00e9 fbff 

  0x00007effd0d74888: ;   {static_stub}
  0x00007effd0d74888: ffff 48bb | 0000 0000 | 0000 0000 

  0x00007effd0d74894: ;   {runtime_call}
  0x00007effd0d74894: e9fb ffff 

  0x00007effd0d74898: ;   {static_stub}
  0x00007effd0d74898: ff48 bb00 | 0000 0000 

  0x00007effd0d748a0: ;   {runtime_call}
  0x00007effd0d748a0: 0000 00e9 | fbff ffff 

  0x00007effd0d748a8: ;   {static_stub}
  0x00007effd0d748a8: 48bb 0000 | 0000 0000 

  0x00007effd0d748b0: ;   {runtime_call}
  0x00007effd0d748b0: 0000 e9fb 

  0x00007effd0d748b4: ;   {static_stub}
  0x00007effd0d748b4: ffff ff48 | bb00 0000 | 0000 0000 

  0x00007effd0d748c0: ;   {runtime_call}
  0x00007effd0d748c0: 00e9 fbff 

  0x00007effd0d748c4: ;   {static_stub}
  0x00007effd0d748c4: ffff 48bb | 0000 0000 | 0000 0000 

  0x00007effd0d748d0: ;   {runtime_call}
  0x00007effd0d748d0: e9fb ffff 

  0x00007effd0d748d4: ;   {static_stub}
  0x00007effd0d748d4: ff48 bb00 | 0000 0000 

  0x00007effd0d748dc: ;   {runtime_call}
  0x00007effd0d748dc: 0000 00e9 | fbff ffff 

  0x00007effd0d748e4: ;   {static_stub}
  0x00007effd0d748e4: 48bb 0000 | 0000 0000 

  0x00007effd0d748ec: ;   {runtime_call}
  0x00007effd0d748ec: 0000 e9fb 

  0x00007effd0d748f0: ;   {static_stub}
  0x00007effd0d748f0: ffff ff48 | bb00 0000 | 0000 0000 

  0x00007effd0d748fc: ;   {runtime_call}
  0x00007effd0d748fc: 00e9 fbff 

  0x00007effd0d74900: ;   {static_stub}
  0x00007effd0d74900: ffff 48bb | 0000 0000 | 0000 0000 

  0x00007effd0d7490c: ;   {runtime_call}
  0x00007effd0d7490c: e9fb ffff 

  0x00007effd0d74910: ;   {static_stub}
  0x00007effd0d74910: ff48 bb00 | 0000 0000 

  0x00007effd0d74918: ;   {runtime_call}
  0x00007effd0d74918: 0000 00e9 | fbff ffff 

  0x00007effd0d74920: ;   {static_stub}
  0x00007effd0d74920: 48bb 0000 | 0000 0000 

  0x00007effd0d74928: ;   {runtime_call}
  0x00007effd0d74928: 0000 e9fb 

  0x00007effd0d7492c: ;   {static_stub}
  0x00007effd0d7492c: ffff ff48 | bb00 0000 | 0000 0000 

  0x00007effd0d74938: ;   {runtime_call}
  0x00007effd0d74938: 00e9 fbff 

  0x00007effd0d7493c: ;   {static_stub}
  0x00007effd0d7493c: ffff 48bb | 0000 0000 | 0000 0000 

  0x00007effd0d74948: ;   {runtime_call}
  0x00007effd0d74948: e9fb ffff 

  0x00007effd0d7494c: ;   {static_stub}
  0x00007effd0d7494c: ff48 bb00 | 0000 0000 

  0x00007effd0d74954: ;   {runtime_call}
  0x00007effd0d74954: 0000 00e9 | fbff ffff 
[Exception Handler]
  0x00007effd0d7495c: ;   {runtime_call ExceptionBlob}
  0x00007effd0d7495c: e91f 43ab | ffe8 0000 | 0000 4883 

  0x00007effd0d74968: ;   {runtime_call DeoptimizationBlob}
  0x00007effd0d74968: 2c24 05e9 | 3090 a1ff 
[/MachCode]


Compiled method (c2)   26769 1491       4       dev.RenderTest::test (68 bytes)
 total in heap  [0x00007effd0d9a990,0x00007effd0d9ff28] = 21912
 relocation     [0x00007effd0d9aaf0,0x00007effd0d9ae38] = 840
 main code      [0x00007effd0d9ae40,0x00007effd0d9dae0] = 11424
 stub code      [0x00007effd0d9dae0,0x00007effd0d9dd20] = 576
 oops           [0x00007effd0d9dd20,0x00007effd0d9dd78] = 88
 metadata       [0x00007effd0d9dd78,0x00007effd0d9e060] = 744
 scopes data    [0x00007effd0d9e060,0x00007effd0d9f1f8] = 4504
 scopes pcs     [0x00007effd0d9f1f8,0x00007effd0d9f968] = 1904
 dependencies   [0x00007effd0d9f968,0x00007effd0d9fa00] = 152
 handler table  [0x00007effd0d9fa00,0x00007effd0d9feb0] = 1200
 nul chk table  [0x00007effd0d9feb0,0x00007effd0d9ff28] = 120

[Constant Pool (empty)]

[MachCode]
[Verified Entry Point]
  # {method} {0x00007eff5f404b18} 'test' '()V' in 'dev/RenderTest'
  #           [sp+0x80]  (sp of caller)
  0x00007effd0d9ae40: 8984 2400 | c0fe ff55 | 4883 ec70 | 498b 8708 | 0100 004c | 8bd0 4983 | c218 4d3b | 9718 0100 
  0x00007effd0d9ae60: 000f 8324 | 1c00 004d | 8997 0801 | 0000 410f | 1882 0001 | 0000 48c7 | 0001 0000 

  0x00007effd0d9ae7c: ;   {metadata('generaloss/freetype/freetype/FTLibrary')}
  0x00007effd0d9ae7c: 00c7 4008 | 2814 0001 | 4489 600c | 4c89 6010 | 4889 4424 | 0849 8b87 | 0801 0000 | 4c8b d049 
  0x00007effd0d9ae9c: 83c2 184d | 3b97 1801 | 0000 0f83 | f51b 0000 | 4d89 9708 | 0100 0041 | 0f18 8200 | 0100 0048 
  0x00007effd0d9aebc: c700 0100 | 0000 410f | 1882 4001 

  0x00007effd0d9aec8: ;   {metadata({type array long})}
  0x00007effd0d9aec8: 0000 c740 | 0880 1100 | 0041 0f18 | 8280 0100 | 00c7 400c | 0100 0000 | 4c89 6010 | 488b e848 
  0x00007effd0d9aee8: 8bf5 48ff | 7424 0848 

  0x00007effd0d9aef0: ;   {static_call}
  0x00007effd0d9aef0: 8f04 24e8 

  0x00007effd0d9aef4: ; ImmutableOopMap {rbp=Oop [0]=Oop [8]=Oop }
                      ;*invokestatic FT_Init_FreeType {reexecute=0 rethrow=0 return_oop=0}
                      ; - generaloss.freetype.FreeType::ftInitFreeType@1 (line 100)
                      ; - generaloss.freetype.freetype.FTLibrary::freeTypeInit@5 (line 27)
                      ; - generaloss.freetype.freetype.FTLibrary::<init>@1 (line 22)
                      ; - dev.RenderTest::test@4 (line 24)
  0x00007effd0d9aef4: 48de feff 

  0x00007effd0d9aef8: ;   {static_call}
  0x00007effd0d9aef8: 8bf0 90e8 

  0x00007effd0d9aefc: ; ImmutableOopMap {rbp=Oop [0]=Oop [8]=Oop }
                      ;*invokestatic byCode {reexecute=0 rethrow=0 return_oop=1}
                      ; - generaloss.freetype.FreeType::ftInitFreeType@6 (line 101)
                      ; - generaloss.freetype.freetype.FTLibrary::freeTypeInit@5 (line 27)
                      ; - generaloss.freetype.freetype.FTLibrary::<init>@1 (line 22)
                      ; - dev.RenderTest::test@4 (line 24)
  0x00007effd0d9aefc: 20e5 faff | 4885 c00f | 8497 1d00 | 0048 8bf0 

  0x00007effd0d9af0c: ;   {optimized virtual_call}
  0x00007effd0d9af0c: 6666 90e8 

  0x00007effd0d9af10: ; ImmutableOopMap {rbp=Oop [0]=Oop [8]=Oop }
                      ;*invokevirtual checkError {reexecute=0 rethrow=0 return_oop=0}
                      ; - generaloss.freetype.freetype.FTLibrary::freeTypeInit@10 (line 28)
                      ; - generaloss.freetype.freetype.FTLibrary::<init>@1 (line 22)
                      ; - dev.RenderTest::test@4 (line 24)
  0x00007effd0d9af10: 2cf2 faff | 488b 6d10 | 4c8b 1424 | 4989 6a10 | 4885 ed0f | 8402 2200 | 0048 83fd | 807c 0a48 
  0x00007effd0d9af30: 83fd 7f0f | 8ef1 1300 | 004d 8b9f | 0801 0000 | 4d8b d349 | 83c2 184d | 3b97 1801 | 0000 0f83 
  0x00007effd0d9af50: 431c 0000 | 4d89 9708 | 0100 0041 | 0f18 8200 | 0100 0049 | c703 0100 

  0x00007effd0d9af68: ;   {metadata('java/lang/Long')}
  0x00007effd0d9af68: 0000 41c7 | 4308 2839 | 0400 4589 | 630c 4d89 | 6310 4989 | 6b10 498b | 8f08 0100 | 004c 8bd1 
  0x00007effd0d9af88: 4983 c210 | 4d3b 9718 | 0100 000f | 8328 1b00 | 004d 8997 | 0801 0000 | 410f 1882 | 0001 0000 
  0x00007effd0d9afa8: 48c7 0101 

  0x00007effd0d9afac: ;   {metadata('generaloss/freetype/FTStructCache$$Lambda$22+0x00007eff64005f90')}
  0x00007effd0d9afac: 0000 00c7 | 4108 905f | 0001 4c89 | 1c24 4c8b | 5424 084d | 8bda 49c1 | eb03 4489 

  0x00007effd0d9afc8: ;   {oop(a 'java/util/concurrent/ConcurrentHashMap'{0x000000070ca41f48})}
  0x00007effd0d9afc8: 590c 48be | 481f a40c | 0700 0000 | 488b 1424 

  0x00007effd0d9afd8: ;   {optimized virtual_call}
  0x00007effd0d9afd8: 6666 90e8 

  0x00007effd0d9afdc: ; ImmutableOopMap {[8]=Oop }
                      ;*invokeinterface compute {reexecute=0 rethrow=0 return_oop=1}
                      ; - generaloss.freetype.FTStructCache::register@38 (line 18)
                      ; - generaloss.freetype.FTStruct::<init>@14 (line 12)
                      ; - generaloss.freetype.freetype.FTLibrary::<init>@4 (line 22)
                      ; - dev.RenderTest::test@4 (line 24)
  0x00007effd0d9afdc: 0062 fbff | 498b 8708 | 0100 004c | 8bd0 4983 | c218 4d3b | 9718 0100 | 000f 83e9 | 1a00 004d 
  0x00007effd0d9affc: 8997 0801 | 0000 410f | 1882 0001 | 0000 48c7 | 0001 0000 

  0x00007effd0d9b010: ;   {metadata('jpize/util/res/InternalResource')}
  0x00007effd0d9b010: 00c7 4008 | 9064 0001 | 4489 600c | 4489 6014 

  0x00007effd0d9b020: ;   {oop(a 'java/lang/Class'{0x000000070ca41d30} = 'jpize/util/res/InternalResource')}
  0x00007effd0d9b020: c740 10a6 | 8394 e148 

  0x00007effd0d9b028: ;   {oop("/"{0x00000007ffe00838})}
  0x00007effd0d9b028: 8be8 48b9 | 3808 e0ff | 0700 0000 

  0x00007effd0d9b034: ;   {oop("/main.ttf"{0x000000070ca4e8b8})}
  0x00007effd0d9b034: 48be b8e8 | a40c 0700 

  0x00007effd0d9b03c: ;   {oop("\"{0x000000070ca4e8d0})}
  0x00007effd0d9b03c: 0000 48ba | d0e8 a40c | 0700 0000 

  0x00007effd0d9b048: ;   {optimized virtual_call}
  0x00007effd0d9b048: 6666 90e8 

  0x00007effd0d9b04c: ; ImmutableOopMap {rbp=Oop [8]=Oop }
                      ;*invokevirtual replace {reexecute=0 rethrow=0 return_oop=1}
                      ; - jpize.util.Utils::osGeneralizePath@5 (line 23)
                      ; - jpize.util.res.InternalResource::<init>@11 (line 13)
                      ; - jpize.util.res.InternalResource::<init>@4 (line 17)
                      ; - jpize.util.res.Resource::internal@5 (line 199)
                      ; - dev.RenderTest::test@10 (line 25)
  0x00007effd0d9b04c: 5020 68f8 | 488b d841 | 807f 3800 | 0f85 b213 | 0000 4c8b | db49 c1eb | 0344 895d | 0c4c 8bd3 
  0x00007effd0d9b06c: 4c8b dd4d | 33d3 49c1 | ea15 4d85 | d274 1f48 | 85db 741a | 49c1 eb09 | 48bf 00f0 | c5e2 ff7e 
  0x00007effd0d9b08c: 0000 4903 | fb80 3f04 | 0f85 2018 | 0000 488b 

  0x00007effd0d9b09c: ;   {optimized virtual_call}
  0x00007effd0d9b09c: f566 90e8 

  0x00007effd0d9b0a0: ; ImmutableOopMap {[8]=Oop }
                      ;*invokevirtual readBytes {reexecute=0 rethrow=0 return_oop=1}
                      ; - jpize.util.res.Resource::readByteBuffer@1 (line 43)
                      ; - dev.RenderTest::test@13 (line 25)
  0x00007effd0d9b0a0: dc44 6af8 | 4c8b d044 | 8b40 0c49 | 8b87 0801 | 0000 4c8b | d849 83c3 | 404d 3b9f | 1801 0000 
  0x00007effd0d9b0c0: 0f83 371a | 0000 4d89 | 9f08 0100 | 0041 0f18 | 8300 0100 | 0048 c700 | 0100 0000 

  0x00007effd0d9b0dc: ;   {metadata('java/nio/DirectByteBuffer')}
  0x00007effd0d9b0dc: c740 0860 | 4b08 004c | 8960 1044 | 8960 1844 | 8960 244c | 8960 284c | 8960 304c | 8960 38c7 
  0x00007effd0d9b0fc: 400c ffff | ffff 4489 | 401c 4489 | 4020 488b | c841 807f | 3800 7500 | 4489 6130 | 4489 6128 
  0x00007effd0d9b11c: c641 2d01 | 4488 612e | 4180 7f38 | 0075 0044 | 8961 3444 

  0x00007effd0d9b130: ;   {oop(a 'java/lang/Class'{0x00000007ffd19480} = 'java/nio/Bits')}
  0x00007effd0d9b130: 8861 2f48 | ba80 94d1 | ff07 0000 | 0044 8b8a | 9000 0000 

  0x00007effd0d9b144: ;   {oop(a 'java/lang/Class'{0x00000007ffd0b218} = 'jdk/internal/misc/VM')}
  0x00007effd0d9b144: 49bb 18b2 | d0ff 0700 | 0000 410f | b6ab c400 | 0000 4183 | f9ff 0f84 | ec1f 0000 | 4963 f885 
  0x00007effd0d9b164: ed0f 8509 | 2000 0041 | bd01 0000 | 0041 83f8 | 010f 8f99 | 0d00 00bb | 0100 0000 | 0fb6 aaa1 
  0x00007effd0d9b184: 0000 0085 | ed0f 8411 | 2000 004c | 8b9a 8800 

  0x00007effd0d9b194: ;   {oop(a 'java/util/concurrent/atomic/AtomicLong'{0x000000070ca4e8e8})}
  0x00007effd0d9b194: 0000 48bd | e8e8 a40c | 0700 0000 | 488b 4510 | 4c2b d849 | 3bfb 7f49 | 48be 00f0 | c5e2 ff7e 
  0x00007effd0d9b1b4: 0000 6666 | 0f1f 8400 | 0000 0000 | 4c8b f04c | 03f7 f04c | 0fb1 7510 | 410f 94c3 | 450f b6db 
  0x00007effd0d9b1d4: 498b 8748 

  0x00007effd0d9b1d8: ; ImmutableOopMap {r10=Oop rcx=Oop rdx=Oop rbp=Oop [8]=Oop }
                      ;*ifeq {reexecute=1 rethrow=0 return_oop=0}
                      ; - (reexecute) java.nio.Bits::tryReserveMemory@30 (line 195)
                      ; - java.nio.Bits::reserveMemory@25 (line 117)
                      ; - java.nio.DirectByteBuffer::<init>@40 (line 121)
                      ; - java.nio.ByteBuffer::allocateDirect@5 (line 332)
                      ; - jpize.util.res.Resource::readByteBuffer@7 (line 45)
                      ; - dev.RenderTest::test@13 (line 25)
                      ;   {poll}
  0x00007effd0d9b1d8: 0300 0085 | 0045 85db | 7557 4c8b | 9a88 0000 | 0048 8b45 | 104c 2bd8 | 493b fb7e | cbbe 45ff 
  0x00007effd0d9b1f8: ffff 488b | 6c24 084c | 8914 2448 | 894c 2410 | 4489 4424 | 1844 894c | 241c 4889 | 5c24 2848 
  0x00007effd0d9b218: 897c 2430 

  0x00007effd0d9b21c: ;   {runtime_call UncommonTrapBlob}
  0x00007effd0d9b21c: 6666 90e8 

  0x00007effd0d9b220: ; ImmutableOopMap {rbp=Oop [0]=Oop [16]=Oop }
                      ;*ifeq {reexecute=1 rethrow=0 return_oop=0}
                      ; - (reexecute) java.nio.Bits::reserveMemory@28 (line 117)
                      ; - java.nio.DirectByteBuffer::<init>@40 (line 121)
                      ; - java.nio.ByteBuffer::allocateDirect@5 (line 332)
                      ; - jpize.util.res.Resource::readByteBuffer@7 (line 45)
                      ; - dev.RenderTest::test@13 (line 25)
  0x00007effd0d9b220: dc23 9fff | 660f 1f44 | 0000 660f | 1f44 0000 | 498d 14fc | e9f5 0600 | 004c 8bdb | 4983 c307 
  0x00007effd0d9b240: 498b d348 | 83e2 f845 | 33db 493b | d3bd ffff | ffff 7c08 | 400f 95c5 | 400f b6ed 

  0x00007effd0d9b25c: ;   {oop(a 'java/util/concurrent/atomic/AtomicLong'{0x000000070ca4e900})}
  0x00007effd0d9b25c: 49bb 00e9 | a40c 0700 | 0000 488b | c3f0 490f 

  0x00007effd0d9b26c: ;   {oop(a 'java/util/concurrent/atomic/AtomicLong'{0x000000070ca4e918})}
  0x00007effd0d9b26c: c143 1049 | bb18 e9a4 | 0c07 0000 | 00f0 4d0f | c16b 1048 | 85d2 0f8c | 4c1f 0000 | 4885 d20f 
  0x00007effd0d9b28c: 8477 1f00 | 0048 8954 | 2438 4889 | 5c24 3048 | 897c 2428 | 4489 0c24 | 4889 4c24 | 2044 8944 
  0x00007effd0d9b2ac: 2404 4c89 | 5424 1848 | 8974 2410 

  0x00007effd0d9b2b8: ;   {oop(a 'jdk/internal/misc/Unsafe'{0x000000070ca051c8})}
  0x00007effd0d9b2b8: 48be c851 | a00c 0700 | 0000 488b 

  0x00007effd0d9b2c4: ;   {optimized virtual_call}
  0x00007effd0d9b2c4: e966 90e8 

  0x00007effd0d9b2c8: ; ImmutableOopMap {rbp=Oop [8]=Oop [24]=Oop [32]=Oop }
                      ;*invokevirtual allocateMemory0 {reexecute=0 rethrow=0 return_oop=0}
                      ; - jdk.internal.misc.Unsafe::allocateMemory@21 (line 630)
                      ; - java.nio.DirectByteBuffer::<init>@51 (line 125)
                      ; - java.nio.ByteBuffer::allocateDirect@5 (line 332)
                      ; - jpize.util.res.Resource::readByteBuffer@7 (line 45)
                      ; - dev.RenderTest::test@13 (line 25)
  0x00007effd0d9b2c8: 746c feff | 4c8b d848 | 85c0 0f84 | 641f 0000 | 488b 4c24 | 3048 85c9 | 742c 4889 

  0x00007effd0d9b2e4: ;   {oop(a 'jdk/internal/misc/Unsafe'{0x000000070ca051c8})}
  0x00007effd0d9b2e4: 4424 3848 | bec8 51a0 | 0c07 0000 | 0033 d248 | 8bc8 4c8b | 4424 3045 

  0x00007effd0d9b2fc: ;   {optimized virtual_call}
  0x00007effd0d9b2fc: 33c9 90e8 

  0x00007effd0d9b300: ; ImmutableOopMap {rbp=Oop [8]=Oop [24]=Oop [32]=Oop }
                      ;*invokevirtual setMemory0 {reexecute=0 rethrow=0 return_oop=0}
                      ; - jdk.internal.misc.Unsafe::setMemory@25 (line 742)
                      ; - jdk.internal.misc.Unsafe::setMemory@6 (line 753)
                      ; - java.nio.DirectByteBuffer::<init>@79 (line 130)
                      ; - java.nio.ByteBuffer::allocateDirect@5 (line 332)
                      ; - jpize.util.res.Resource::readByteBuffer@7 (line 45)
                      ; - dev.RenderTest::test@13 (line 25)
  0x00007effd0d9b300: bc72 feff | 488b 4c24 | 304c 8b5c | 2438 4c8b | c54d 8958 | 1049 8b97 | 0801 0000 | 4c8b d249 
  0x00007effd0d9b320: 83c2 204d | 3b97 1801 | 0000 0f83 | f017 0000 | 4d89 9708 | 0100 0041 | 0f18 8200 | 0100 0048 
  0x00007effd0d9b340: c702 0100 

  0x00007effd0d9b344: ;   {metadata('java/nio/DirectByteBuffer$Deallocator')}
  0x00007effd0d9b344: 0000 c742 | 0850 d704 | 0144 8962 | 0c4c 8962 | 104c 8962 | 1844 8b54 | 2404 4489 | 520c 4889 
  0x00007effd0d9b364: 4a18 4c89 | 5a10 4d8b | 8f08 0100 | 0049 8bd9 | 4883 c328 | 493b 9f18 | 0100 000f | 83d2 1700 
  0x00007effd0d9b384: 0049 899f | 0801 0000 | 0f18 8300 | 0100 0049 | c701 0100 

  0x00007effd0d9b398: ;   {metadata('jdk/internal/ref/Cleaner')}
  0x00007effd0d9b398: 0000 41c7 | 4108 8079 | 0400 4589 | 610c 4d89 | 6110 4d89 | 6118 4d89 | 6120 498b | d848 c1eb 
  0x00007effd0d9b3b8: 0341 8959 | 0c41 807f | 3800 0f85 | 7f10 0000 

  0x00007effd0d9b3c8: ;   {oop(a 'java/lang/ref/ReferenceQueue'{0x000000070ca47ad0})}
  0x00007effd0d9b3c8: 41c7 4110 | 5a8f 94e1 | 498b d948 | 8bea 48c1 

  0x00007effd0d9b3d8: ;   {oop(a 'java/lang/ref/ReferenceQueue'{0x000000070ca47ad0})}
  0x00007effd0d9b3d8: ed03 48bf | d07a a40c | 0700 0000 | 4833 fb48 | c1ef 1548 | 85ff 741a | 48c1 eb09 | 48bf 00f0 
  0x00007effd0d9b3f8: c5e2 ff7e | 0000 4803 | fb80 3f04 | 0f85 2912 | 0000 f083 | 4424 c000 | 4180 7f38 | 000f 855f 
  0x00007effd0d9b418: 1000 0041 | 807f 3800 | 0f85 8a10 | 0000 4180 | 7f38 000f | 85b2 1000 | 0041 8969 | 2445 8961 
  0x00007effd0d9b438: 2045 8961 | 1c48 8bda | 498b d148 | 33da 48c1 | eb15 4885 | db74 1a48 | c1ea 0948 | bf00 f0c5 
  0x00007effd0d9b458: e2ff 7e00 | 0048 03fa | 803f 040f | 853e 1200 

  0x00007effd0d9b468: ;   {oop(a 'java/lang/Class'{0x00000007ffd0d260} = 'jdk/internal/ref/Cleaner')}
  0x00007effd0d9b468: 0048 be60 | d2d0 ff07 | 0000 0048 | 8d5c 2460 | 488b 0648 | f7c0 0200 | 0000 7524 | 4883 c801 
  0x00007effd0d9b488: 4889 03f0 | 480f b11e | 0f84 3e00 | 0000 482b | c448 81e0 | 07f0 ffff | 4889 03e9 | 2c00 0000 
  0x00007effd0d9b4a8: 488b d048 | 33c0 f04c | 0fb1 7a3e | 48c7 0303 | 0000 000f | 8413 0000 | 004c 3bf8 | 0f85 0a00 
  0x00007effd0d9b4c8: 0000 48ff | 8286 0000 | 0048 33c0 | 0f85 2a18 

  0x00007effd0d9b4d8: ;   {oop(a 'java/lang/Class'{0x00000007ffd0d260} = 'jdk/internal/ref/Cleaner')}
  0x00007effd0d9b4d8: 0000 48bb | 60d2 d0ff | 0700 0000 | 8b6b 7485 | ed0f 8491 | 1d00 0041 | 807f 3800 | 0f85 1f10 
  0x00007effd0d9b4f8: 0000 4189 | 691c 498b | d94d 8be9 | 49c1 ed03 | 488b fd48 | c1e7 0348 | 33fb 48c1 | ef15 4885 
  0x00007effd0d9b518: ff74 1a48 | c1eb 0948 | bf00 f0c5 | e2ff 7e00 | 0048 03fb | 803f 040f | 85d8 1100 | 0041 807f 
  0x00007effd0d9b538: 3800 0f85 | 0c10 0000 | 4589 6cec | 204d 8d1c | ec49 8bc9 | 4933 cb48 | c1e9 1548 | 85c9 741a 
  0x00007effd0d9b558: 49c1 eb09 | 48bf 00f0 | c5e2 ff7e | 0000 4903 | fb80 3f04 | 0f85 4612 | 0000 4180 | 7f38 000f 
  0x00007effd0d9b578: 8507 1000 

  0x00007effd0d9b57c: ;   {oop(a 'java/lang/Class'{0x00000007ffd0d260} = 'jdk/internal/ref/Cleaner')}
  0x00007effd0d9b57c: 0049 bb60 | d2d0 ff07 | 0000 0045 | 896b 744d 

  0x00007effd0d9b58c: ;   {oop(a 'java/lang/Class'{0x00000007ffd0d260} = 'jdk/internal/ref/Cleaner')}
  0x00007effd0d9b58c: 8bd9 48b9 | 60d2 d0ff | 0700 0000 | 4c33 d949 | c1eb 154d | 85db 741a | 48c1 e909 | 48bf 00f0 
  0x00007effd0d9b5ac: c5e2 ff7e | 0000 4803 | f980 3f04 | 0f85 5212 

  0x00007effd0d9b5bc: ;   {oop(a 'java/lang/Class'{0x00000007ffd0d260} = 'jdk/internal/ref/Cleaner')}
  0x00007effd0d9b5bc: 0000 48b9 | 60d2 d0ff | 0700 0000 | 488d 4424 | 6048 8138 | 0000 0000 | 0f84 8300 | 0000 4c8b 
  0x00007effd0d9b5dc: 1949 f7c3 | 0200 0000 | 746f 4981 | bb86 0000 | 0000 0000 | 0074 0949 | ff8b 8600 | 0000 eb51 
  0x00007effd0d9b5fc: 498b 8396 | 0000 0049 | 0b83 8e00 | 0000 750a | 49c7 433e | 0000 0000 | eb47 4981 | bb9e 0000 
  0x00007effd0d9b61c: 0000 0000 | 0074 2548 | 33c0 49c7 | 433e 0000 | 0000 f083 | 0424 0049 | 81bb 9e00 | 0000 0000 
  0x00007effd0d9b63c: 0000 750d | f04d 0fb1 | 7b3e 7505 | 83c8 01eb | 10f7 c000 | 0000 00eb | 084c 8b18 | f04c 0fb1 
  0x00007effd0d9b65c: 190f 85dc | 1600 0041 | 807f 3800 | 0f85 560f | 0000 4589 | 683c 4d8b | d94d 8bc8 | 4d33 d949 
  0x00007effd0d9b67c: c1eb 154d | 85db 741a | 49c1 e909 | 48bf 00f0 | c5e2 ff7e | 0000 4903 | f980 3f04 | 0f85 ca11 
  0x00007effd0d9b69c: 0000 4180 | 7f38 000f | 8552 0f00 | 0044 8954 | 2420 4589 | 6038 4c89 | 0424 498b 

  0x00007effd0d9b6b8: ;   {oop(a 'java/nio/ByteOrder'{0x000000070ca4e930})}
  0x00007effd0d9b6b8: f048 ba30 | e9a4 0c07 | 0000 0048 | 8b6c 2408 

  0x00007effd0d9b6c8: ;   {optimized virtual_call}
  0x00007effd0d9b6c8: 6666 90e8 

  0x00007effd0d9b6cc: ; ImmutableOopMap {rbp=Oop [0]=Oop [8]=Oop [24]=Oop }
                      ;*invokevirtual order {reexecute=0 rethrow=0 return_oop=1}
                      ; - jpize.util.res.Resource::readByteBuffer@15 (line 46)
                      ; - dev.RenderTest::test@13 (line 25)
  0x00007effd0d9b6cc: 904d 68f8 | 488b 3424 | 488b 5424 | 1833 c944 | 8b44 2420 

  0x00007effd0d9b6e0: ;   {optimized virtual_call}
  0x00007effd0d9b6e0: 6666 90e8 

  0x00007effd0d9b6e4: ; ImmutableOopMap {rbp=Oop [0]=Oop [8]=Oop }
                      ;*invokevirtual put {reexecute=0 rethrow=0 return_oop=1}
                      ; - java.nio.ByteBuffer::put@5 (line 1210)
                      ; - jpize.util.res.Resource::readByteBuffer@21 (line 47)
                      ; - dev.RenderTest::test@13 (line 25)
  0x00007effd0d9b6e4: 7804 68f8 | 4c8b 1424 | 458b 5a18 | 4585 db0f | 8f16 0b00 | 0045 33c0 | 4589 5a1c | 4589 6218 
  0x00007effd0d9b704: 41c7 420c | ffff ffff | 4963 c848 | 8bf5 498b | d245 33c0 

  0x00007effd0d9b718: ;   {optimized virtual_call}
  0x00007effd0d9b718: 6666 90e8 

  0x00007effd0d9b71c: ; ImmutableOopMap {rbp=Oop [8]=Oop }
                      ;*invokevirtual newMemoryFace {reexecute=0 rethrow=0 return_oop=1}
                      ; - generaloss.freetype.freetype.FTLibrary::newMemoryFace@8 (line 62)
                      ; - dev.RenderTest::test@20 (line 26)
  0x00007effd0d9b71c: 8082 69f8 

  0x00007effd0d9b720: ; implicit exception: dispatches to 0x00007effd0d9d770
  0x00007effd0d9b720: 488b 7010 | 4889 0424 | b90f 0000 

  0x00007effd0d9b72c: ;   {static_call}
  0x00007effd0d9b72c: 0033 d2e8 

  0x00007effd0d9b730: ; ImmutableOopMap {rbp=Oop [0]=Oop [8]=Oop }
                      ;*invokestatic FT_Set_Pixel_Sizes {reexecute=0 rethrow=0 return_oop=0}
                      ; - generaloss.freetype.FreeType::ftSetPixelSizes@6 (line 223)
                      ; - generaloss.freetype.freetype.FTFace::setPixelSizes@3 (line 236)
                      ; - dev.RenderTest::test@29 (line 28)
  0x00007effd0d9b730: 0cde feff 

  0x00007effd0d9b734: ;   {static_call}
  0x00007effd0d9b734: 8bf0 90e8 

  0x00007effd0d9b738: ; ImmutableOopMap {rbp=Oop [0]=Oop [8]=Oop }
                      ;*invokestatic byCode {reexecute=0 rethrow=0 return_oop=1}
                      ; - generaloss.freetype.FreeType::ftSetPixelSizes@13 (line 224)
                      ; - generaloss.freetype.freetype.FTFace::setPixelSizes@3 (line 236)
                      ; - dev.RenderTest::test@29 (line 28)
  0x00007effd0d9b738: e4dc faff | 4885 c00f | 8467 1500 | 0048 8bf0 

  0x00007effd0d9b748: ;   {optimized virtual_call}
  0x00007effd0d9b748: 6666 90e8 

  0x00007effd0d9b74c: ; ImmutableOopMap {rbp=Oop [0]=Oop [8]=Oop }
                      ;*invokevirtual checkError {reexecute=0 rethrow=0 return_oop=0}
                      ; - generaloss.freetype.freetype.FTFace::setPixelSizes@10 (line 237)
                      ; - dev.RenderTest::test@29 (line 28)
  0x00007effd0d9b74c: f0e9 faff | 33ed 0f1f | 8000 0000 | 000f 1f80 | 0000 0000 

  0x00007effd0d9b760: ;   {oop([B{0x000000070ca51750})}
  0x00007effd0d9b760: 49ba 5017 | a50c 0700 | 0000 410f | b754 6a10 | 488b 3424 

  0x00007effd0d9b774: ;   {static_call}
  0x00007effd0d9b774: 6666 90e8 

  0x00007effd0d9b778: ; ImmutableOopMap {[0]=Oop [8]=Oop }
                      ;*invokestatic loadChar {reexecute=0 rethrow=0 return_oop=0}
                      ; - dev.RenderTest::test@50 (line 34)
  0x00007effd0d9b778: 442b fdff | ffc5 81fd | ea00 0000 | 7cda 498b | 8708 0100 | 004c 8bd0 | 4983 c218 | 4d3b 9718 
  0x00007effd0d9b798: 0100 000f | 830f 1400 | 004d 8997 | 0801 0000 | 410f 1882 | 0001 0000 | 48c7 0001 | 0000 0041 
  0x00007effd0d9b7b8: 0f18 8240 

  0x00007effd0d9b7bc: ;   {metadata({type array bool})}
  0x00007effd0d9b7bc: 0100 00c7 | 4008 6009 | 0000 410f | 1882 8001 | 0000 c740 | 0c01 0000 | 004c 8960 | 1048 8be8 
  0x00007effd0d9b7dc: 4c8b 1424 | 498b 7210 

  0x00007effd0d9b7e4: ;   {static_call}
  0x00007effd0d9b7e4: 488b d0e8 

  0x00007effd0d9b7e8: ; ImmutableOopMap {rbp=Oop [0]=Oop [8]=Oop }
                      ;*invokestatic FT_Done_Face {reexecute=0 rethrow=0 return_oop=0}
                      ; - generaloss.freetype.FreeType::ftDoneFace@9 (line 188)
                      ; - generaloss.freetype.freetype.FTFace::done@1 (line 216)
                      ; - dev.RenderTest::test@60 (line 36)
  0x00007effd0d9b7e8: 54e1 feff | 8944 2418 | 440f b655 | 1045 85d2 | 0f84 1e07 | 0000 4c8b | 0424 4d8b | 5810 4d85 
  0x00007effd0d9b808: db0f 84de | 1b00 0045 | 8bcb 418b | d981 c380 | 0000 004d | 63e9 4983 | fb80 7c0a | 4983 fb7f 
  0x00007effd0d9b828: 0f8e 850b | 0000 498b | 8708 0100 | 004c 8bd0 | 4983 c218 | 4d3b 9718 | 0100 000f | 83f9 1300 
  0x00007effd0d9b848: 004d 8997 | 0801 0000 | 410f 1882 | 0001 0000 | 48c7 0001 

  0x00007effd0d9b85c: ;   {metadata('java/lang/Long')}
  0x00007effd0d9b85c: 0000 00c7 | 4008 2839 | 0400 4489 | 600c 4c89 | 6010 4c89 | 5810 4c8b 

  0x00007effd0d9b874: ;   {oop(a 'java/util/concurrent/ConcurrentHashMap'{0x000000070ca41f48})}
  0x00007effd0d9b874: f049 ba48 | 1fa4 0c07 | 0000 0041 | 8b4a 2841 | 8b6c cc0c | 4d8b d349 | c1ea 204d | 33d3 458b 
  0x00007effd0d9b894: d241 8bfa | c1ef 1041 | 33fa 448b | d741 81e2 | ffff ff7f | 85ed 0f86 | 7c1a 0000 | 4d8d 0ccc 
  0x00007effd0d9b8b4: ffcd 4123 | ea48 63cd | 458b 4c89 | 1043 8b7c | cc0c 413b | fa75 4743 | 8b6c cc10 | 488b fd48 
  0x00007effd0d9b8d4: c1e7 0349 | 3bfe 7422 

  0x00007effd0d9b8dc: ; implicit exception: dispatches to 0x00007effd0d9d8e4
  0x00007effd0d9b8dc: 418b 54ec 

  0x00007effd0d9b8e0: ;   {metadata('java/lang/Long')}
  0x00007effd0d9b8e0: 0881 fa28 | 3904 000f | 85df 1d00 | 0049 8d3c | ec48 8b7f | 104c 3bdf | 0f85 421c | 0000 438b 
  0x00007effd0d9b900: 6ccc 1485 | ed74 4341 | b9fc ffff | ffe9 9f00 | 0000 85ff | 0f8c 7907 | 0000 478b | 4ccc 1845 
  0x00007effd0d9b920: 85c9 7426 | 4b8d 14cc | 41b9 fcff | ffff 8b4a | 0c49 8bbf 

  0x00007effd0d9b934: ; ImmutableOopMap {r8=Oop rdx=Oop r14=Oop [8]=Oop }
                      ;*if_icmpne {reexecute=1 rethrow=0 return_oop=0}
                      ; - (reexecute) java.util.concurrent.ConcurrentHashMap::get@127 (line 946)
                      ; - generaloss.freetype.FTStructCache::unregister@7 (line 39)
                      ; - generaloss.freetype.FTStructCache::unregister@30 (line 63)
                      ; - generaloss.freetype.FTStruct::destroyPointer@1 (line 29)
                      ; - generaloss.freetype.FreeType::ftDoneFace@20 (line 190)
                      ; - generaloss.freetype.freetype.FTFace::done@1 (line 216)
                      ; - dev.RenderTest::test@60 (line 36)
  0x00007effd0d9b934: 4803 0000 

  0x00007effd0d9b938: ;   {poll}
  0x00007effd0d9b938: 8507 413b | ca74 3a8b | 7a18 85ff | 0f85 e6f8 | ffff bef4 | ffff ff48 | 8b6c 2408 | 4c89 0424 
  0x00007effd0d9b958: 4c89 5c24 

  0x00007effd0d9b95c: ;   {runtime_call UncommonTrapBlob}
  0x00007effd0d9b95c: 1066 90e8 

  0x00007effd0d9b960: ; ImmutableOopMap {rbp=Oop [0]=Oop }
                      ;*checkcast {reexecute=0 rethrow=0 return_oop=0}
                      ; - generaloss.freetype.FTStructCache::unregister@12 (line 39)
                      ; - generaloss.freetype.FTStructCache::unregister@30 (line 63)
                      ; - generaloss.freetype.FTStruct::destroyPointer@1 (line 29)
                      ; - generaloss.freetype.FreeType::ftDoneFace@20 (line 190)
                      ; - generaloss.freetype.freetype.FTFace::done@1 (line 216)
                      ; - dev.RenderTest::test@60 (line 36)
  0x00007effd0d9b960: 9c1c 9fff | 660f 1f44 | 0000 660f | 1f44 0000 | 4f8d 1cc4 | e94b 0300 | 008b 6a10 | 488b fd48 
  0x00007effd0d9b980: c1e7 0349 | 3bfe 7422 

  0x00007effd0d9b988: ; implicit exception: dispatches to 0x00007effd0d9d878
  0x00007effd0d9b988: 418b 7cec 

  0x00007effd0d9b98c: ;   {metadata('java/lang/Long')}
  0x00007effd0d9b98c: 0881 ff28 | 3904 000f | 85fb 1c00 | 0049 8d3c | ec48 8b7f | 104c 3bdf | 0f85 0a1b | 0000 8b6a 
  0x00007effd0d9b9ac: 1485 ed74 | 9941 8b4c 

  0x00007effd0d9b9b4: ;   {metadata('java/util/HashMap')}
  0x00007effd0d9b9b4: ec08 81f9 | 480a 0b00 | 0f85 aa1c | 0000 498d 

  0x00007effd0d9b9c4: ;   {oop(a 'java/lang/Class'{0x000000070ca422d0} = 'generaloss/freetype/freetype/FTFace')}
  0x00007effd0d9b9c4: 14ec 48be | d022 a40c | 0700 0000 | 4c8b 1649 | 8bca 4883 | e107 4883 | f901 0f85 | ed0f 0000 
  0x00007effd0d9b9e4: 49c1 ea08 | 418b c281 | e0ff ffff | 7f85 c00f | 84d8 0f00 | 008b 4a24 | 448b d041 | c1ea 1044 
  0x00007effd0d9ba04: 33d0 418b | 7ccc 0c85 | ff0f 8651 | 1900 0048 | 8954 2430 | 4c89 6c24 | 2844 8bf3 | 4d8b eb44 
  0x00007effd0d9ba24: 890c 244c | 8944 2420 | 4d8d 1ccc | ffcf 458b | ca41 23fa | 498d 5cbb | 1044 8b13 

  0x00007effd0d9ba40: ; implicit exception: dispatches to 0x00007effd0d9d80c
  0x00007effd0d9ba40: 438b 6cd4 | 0c41 3be9 | 0f85 4a19 | 0000 438b 

  0x00007effd0d9ba50: ;   {oop(a 'java/lang/Class'{0x000000070ca422d0} = 'generaloss/freetype/freetype/FTFace')}
  0x00007effd0d9ba50: 6cd4 1081 | fd5a 8494 | e10f 85bd | 1900 0047 | 8b44 d408 

  0x00007effd0d9ba64: ;   {metadata('java/util/HashMap$TreeNode')}
  0x00007effd0d9ba64: 4181 f820 | 5313 000f | 8457 1300 | 0043 8b6c | d418 458b 

  0x00007effd0d9ba78: ;   {metadata('java/util/HashMap$Node'[])}
  0x00007effd0d9ba78: 44cc 0841 | 81f8 d857 | 1300 0f85 | 7c13 0000 | 4180 7f38 | 000f 857c | 0f00 0089 | 2b4c 8bd5 
  0x00007effd0d9ba98: 49c1 e203 | 4c8b db4d | 33d3 49c1 | ea15 4d85 | d274 1e85 | ed74 1a49 | c1eb 0948 | bf00 f0c5 
  0x00007effd0d9bab8: e2ff 7e00 | 0049 03fb | 803f 040f | 857c 0f00 | 004c 8b5c | 2430 41ff | 4318 458b | 4314 458b 
  0x00007effd0d9bad8: d041 ffca | 4589 5314 | 4183 f801 | 0f85 5a13 | 0000 4983 | fd80 7c0a | 4983 fd7f | 0f8e e308 
  0x00007effd0d9baf8: 0000 498b | 9708 0100 | 004c 8bd2 | 4983 c218 | 4d3b 9718 | 0100 000f | 8364 1100 | 004d 8997 
  0x00007effd0d9bb18: 0801 0000 | 410f 1882 | 0001 0000 | 48c7 0201 

  0x00007effd0d9bb28: ;   {metadata('java/lang/Long')}
  0x00007effd0d9bb28: 0000 00c7 | 4208 2839 | 0400 4489 | 620c 4c89 | 6210 4c89 | 6a10 4d8b 

  0x00007effd0d9bb40: ;   {oop(a 'java/util/concurrent/ConcurrentHashMap'{0x000000070ca41f48})}
  0x00007effd0d9bb40: c348 be48 | 1fa4 0c07 | 0000 0033 

  0x00007effd0d9bb4c: ;   {optimized virtual_call}
  0x00007effd0d9bb4c: c966 90e8 

  0x00007effd0d9bb50: ; ImmutableOopMap {[8]=Oop [32]=Oop }
                      ;*invokevirtual replaceNode {reexecute=0 rethrow=0 return_oop=1}
                      ; - java.util.concurrent.ConcurrentHashMap::remove@20 (line 1552)
                      ; - generaloss.freetype.FTStructCache::unregister@46 (line 46)
                      ; - generaloss.freetype.FTStructCache::unregister@30 (line 63)
                      ; - generaloss.freetype.FTStruct::destroyPointer@1 (line 29)
                      ; - generaloss.freetype.FreeType::ftDoneFace@20 (line 190)
                      ; - generaloss.freetype.freetype.FTFace::done@1 (line 216)
                      ; - dev.RenderTest::test@60 (line 36)
  0x00007effd0d9bb50: ccea fdff | 4885 c00f | 84ff 1800 | 004c 8b54 | 2420 4d89 | 6210 8b74 

  0x00007effd0d9bb68: ;   {static_call}
  0x00007effd0d9bb68: 2418 90e8 

  0x00007effd0d9bb6c: ; ImmutableOopMap {[8]=Oop }
                      ;*invokestatic byCode {reexecute=0 rethrow=0 return_oop=1}
                      ; - generaloss.freetype.FreeType::ftDoneFace@24 (line 192)
                      ; - generaloss.freetype.freetype.FTFace::done@1 (line 216)
                      ; - dev.RenderTest::test@60 (line 36)
  0x00007effd0d9bb6c: b0d8 faff | 4885 c00f | 843f 1100 | 0048 8bf0 

  0x00007effd0d9bb7c: ;   {optimized virtual_call}
  0x00007effd0d9bb7c: 6666 90e8 

  0x00007effd0d9bb80: ; ImmutableOopMap {[8]=Oop }
                      ;*invokevirtual checkError {reexecute=0 rethrow=0 return_oop=0}
                      ; - generaloss.freetype.freetype.FTFace::done@6 (line 217)
                      ; - dev.RenderTest::test@60 (line 36)
  0x00007effd0d9bb80: bce5 faff | 4c8b 5424 | 0849 8b72 

  0x00007effd0d9bb8c: ;   {static_call}
  0x00007effd0d9bb8c: 1066 90e8 

  0x00007effd0d9bb90: ; ImmutableOopMap {[8]=Oop }
                      ;*invokestatic FT_Done_FreeType {reexecute=0 rethrow=0 return_oop=0}
                      ; - generaloss.freetype.FreeType::ftDoneFreeType@4 (line 108)
                      ; - generaloss.freetype.freetype.FTLibrary::done@1 (line 43)
                      ; - dev.RenderTest::test@64 (line 37)
  0x00007effd0d9bb90: ace1 feff | 8944 2418 | 4c8b 5424 | 0849 8b4a | 1048 85c9 | 0f84 1217 | 0000 448b | d145 8bf2 
  0x00007effd0d9bbb0: 4181 c680 | 0000 0049 | 63d2 4883 | f980 7c0a | 4883 f97f | 0f8e 9607 | 0000 498b | 8708 0100 
  0x00007effd0d9bbd0: 004c 8bd0 | 4983 c218 | 4d3b 9718 | 0100 000f | 83ec 0f00 | 004d 8997 | 0801 0000 | 410f 1882 
  0x00007effd0d9bbf0: 0001 0000 | 48c7 0001 

  0x00007effd0d9bbf8: ;   {metadata('java/lang/Long')}
  0x00007effd0d9bbf8: 0000 00c7 | 4008 2839 | 0400 4489 | 600c 4c89 | 6010 4889 | 4810 488b 

  0x00007effd0d9bc10: ;   {oop(a 'java/util/concurrent/ConcurrentHashMap'{0x000000070ca41f48})}
  0x00007effd0d9bc10: f849 ba48 | 1fa4 0c07 | 0000 0045 | 8b42 2843 | 8b6c c40c | 4c8b d149 | c1ea 204c | 33d1 458b 
  0x00007effd0d9bc30: d245 8bca | 41c1 e910 | 4533 ca45 | 8bd1 4181 | e2ff ffff | 7f85 ed0f | 8605 1400 | 004f 8d1c 
  0x00007effd0d9bc50: c4ff cd41 | 23ea 4c63 | c547 8b44 | 8310 478b | 4cc4 0c45 | 3bca 7541 | 438b 6cc4 | 104c 8bcd 
  0x00007effd0d9bc70: 49c1 e103 | 4c3b cf74 | 2241 8b5c 

  0x00007effd0d9bc7c: ;   {metadata('java/lang/Long')}
  0x00007effd0d9bc7c: ec08 81fb | 2839 0400 | 0f85 aa1a | 0000 4d8d | 0cec 4d8b | 4910 493b | c90f 8561 | 1800 0043 
  0x00007effd0d9bc9c: 8b6c c414 | 85ed 7576 | e957 0200 | 0045 85c9 | 0f8c 7902 | 0000 478b | 5cc4 1845 | 85db 0f84 
  0x00007effd0d9bcbc: 4002 0000 | 49c1 e303 | 418b 5b0c | 4d8b 8f48 

  0x00007effd0d9bccc: ; ImmutableOopMap {r11=Oop rdi=Oop [8]=Oop }
                      ;*if_icmpne {reexecute=1 rethrow=0 return_oop=0}
                      ; - (reexecute) java.util.concurrent.ConcurrentHashMap::get@127 (line 946)
                      ; - generaloss.freetype.FTStructCache::unregister@7 (line 39)
                      ; - generaloss.freetype.FTStructCache::unregister@30 (line 63)
                      ; - generaloss.freetype.FTStruct::destroyPointer@1 (line 29)
                      ; - generaloss.freetype.FreeType::ftDoneFreeType@13 (line 110)
                      ; - generaloss.freetype.freetype.FTLibrary::done@1 (line 43)
                      ; - dev.RenderTest::test@64 (line 37)
                      ;   {poll}
  0x00007effd0d9bccc: 0300 0041 | 8501 413b | da0f 8518 | 0200 0041 | 8b6b 104c | 8bcd 49c1 | e103 4c3b | cf74 2345 
  0x00007effd0d9bcec: 8b4c ec08 

  0x00007effd0d9bcf0: ;   {metadata('java/lang/Long')}
  0x00007effd0d9bcf0: 4181 f928 | 3904 000f | 8503 1a00 | 004d 8d0c | ec4d 8b49 | 1049 3bc9 | 0f85 6217 | 0000 418b 
  0x00007effd0d9bd10: 6b14 85ed | 0f84 e601 | 0000 458b 

  0x00007effd0d9bd1c: ;   {metadata('java/util/HashMap')}
  0x00007effd0d9bd1c: 5cec 0841 | 81fb 480a | 0b00 0f85 | 2819 0000 | 4d8d 2cec 

  0x00007effd0d9bd30: ;   {oop(a 'java/lang/Class'{0x000000070ca42210} = 'generaloss/freetype/freetype/FTLibrary')}
  0x00007effd0d9bd30: 48be 1022 | a40c 0700 | 0000 4c8b | 164d 8bda | 4983 e307 | 4983 fb01 | 0f85 b20b | 0000 49c1 
  0x00007effd0d9bd50: ea08 418b | c281 e0ff | ffff 7f85 | c00f 849d | 0b00 0045 | 8b45 2444 | 8bd8 41c1 | eb10 4433 
  0x00007effd0d9bd70: d847 8b4c | c40c 4585 | c90f 8605 | 1300 004f | 8d14 c441 | ffc9 4523 | cb4b 8d5c | 8a10 448b 
  0x00007effd0d9bd90: 1343 8b6c | d40c 413b | eb0f 8519 | 1300 0043 | 8b6c d410 

  0x00007effd0d9bda4: ;   {oop(a 'java/lang/Class'{0x000000070ca42210} = 'generaloss/freetype/freetype/FTLibrary')}
  0x00007effd0d9bda4: 81fd 4284 | 94e1 0f85 | 2c15 0000 | 438b 7cd4 

  0x00007effd0d9bdb4: ;   {metadata('java/util/HashMap$TreeNode')}
  0x00007effd0d9bdb4: 0881 ff20 | 5313 000f | 8403 0f00 | 0043 8b6c | d418 478b 

  0x00007effd0d9bdc8: ;   {metadata('java/util/HashMap$Node'[])}
  0x00007effd0d9bdc8: 5cc4 0841 | 81fb d857 | 1300 0f85 | 9d0f 0000 | 4180 7f38 | 000f 855a | 0b00 0089 | 2b4c 8bd5 
  0x00007effd0d9bde8: 49c1 e203 | 4c8b db4d | 33d3 49c1 | ea15 4d85 | d274 1a85 | ed74 1649 | c1eb 094c | 8b44 2410 
  0x00007effd0d9be08: 4d03 c341 | 8038 040f | 855e 0b00 | 0041 ff45 | 1845 8b5d | 1445 8bd3 | 41ff ca45 | 8955 1441 
  0x00007effd0d9be28: 83fb 010f | 857b 0f00 | 0048 83f9 | 807c 0a48 | 83f9 7f0f | 8e4a 0500 | 0049 8b97 | 0801 0000 
  0x00007effd0d9be48: 4c8b d249 | 83c2 184d | 3b97 1801 | 0000 0f83 | b10d 0000 | 4d89 9708 | 0100 0041 | 0f18 8200 
  0x00007effd0d9be68: 0100 0048 | c702 0100 

  0x00007effd0d9be70: ;   {metadata('java/lang/Long')}
  0x00007effd0d9be70: 0000 c742 | 0828 3904 | 0044 8962 | 0c4c 8962 | 1048 894a 

  0x00007effd0d9be84: ;   {oop(a 'java/util/concurrent/ConcurrentHashMap'{0x000000070ca41f48})}
  0x00007effd0d9be84: 1048 be48 | 1fa4 0c07 | 0000 0033 | c94d 8bc5 

  0x00007effd0d9be94: ;   {optimized virtual_call}
  0x00007effd0d9be94: 6666 90e8 

  0x00007effd0d9be98: ; ImmutableOopMap {[8]=Oop }
                      ;*invokevirtual replaceNode {reexecute=0 rethrow=0 return_oop=1}
                      ; - java.util.concurrent.ConcurrentHashMap::remove@20 (line 1552)
                      ; - generaloss.freetype.FTStructCache::unregister@46 (line 46)
                      ; - generaloss.freetype.FTStructCache::unregister@30 (line 63)
                      ; - generaloss.freetype.FTStruct::destroyPointer@1 (line 29)
                      ; - generaloss.freetype.FreeType::ftDoneFreeType@13 (line 110)
                      ; - generaloss.freetype.freetype.FTLibrary::done@1 (line 43)
                      ; - dev.RenderTest::test@64 (line 37)
  0x00007effd0d9be98: 84e7 fdff | 4885 c00f | 8473 1400 | 004c 8b54 | 2408 4d89 

  0x00007effd0d9beac: ;   {oop(a 'java/util/concurrent/ConcurrentHashMap'{0x000000070ca41f48})}
  0x00007effd0d9beac: 6210 48be | 481f a40c | 0700 0000 

  0x00007effd0d9beb8: ;   {optimized virtual_call}
  0x00007effd0d9beb8: 6666 90e8 

  0x00007effd0d9bebc: ; ImmutableOopMap {}
                      ;*invokeinterface clear {reexecute=0 rethrow=0 return_oop=0}
                      ; - generaloss.freetype.FTStructCache::clear@3 (line 67)
                      ; - generaloss.freetype.FreeType::ftDoneFreeType@16 (line 111)
                      ; - generaloss.freetype.freetype.FTLibrary::done@1 (line 43)
                      ; - dev.RenderTest::test@64 (line 37)
  0x00007effd0d9bebc: 0079 feff | 8b74 2418 

  0x00007effd0d9bec4: ;   {static_call}
  0x00007effd0d9bec4: 6666 90e8 

  0x00007effd0d9bec8: ; ImmutableOopMap {}
                      ;*invokestatic byCode {reexecute=0 rethrow=0 return_oop=1}
                      ; - generaloss.freetype.FreeType::ftDoneFreeType@20 (line 113)
                      ; - generaloss.freetype.freetype.FTLibrary::done@1 (line 43)
                      ; - dev.RenderTest::test@64 (line 37)
  0x00007effd0d9bec8: 54d5 faff | 4885 c00f | 8423 0e00 | 0048 8bf0 

  0x00007effd0d9bed8: ;   {optimized virtual_call}
  0x00007effd0d9bed8: 6666 90e8 

  0x00007effd0d9bedc: ; ImmutableOopMap {}
                      ;*invokevirtual checkError {reexecute=0 rethrow=0 return_oop=0}
                      ; - generaloss.freetype.freetype.FTLibrary::done@6 (line 44)
                      ; - dev.RenderTest::test@64 (line 37)
  0x00007effd0d9bedc: 60e2 faff | 4883 c470 

  0x00007effd0d9bee4: ;   {poll_return}
  0x00007effd0d9bee4: 5d49 3ba7 | 4003 0000 | 0f87 cb1b | 0000 c345 | 8b43 1845 | 85c0 0f85 | 70fa ffff | bef4 ffff 
  0x00007effd0d9bf04: ff48 8b6c | 2408 4889 

  0x00007effd0d9bf0c: ;   {runtime_call UncommonTrapBlob}
  0x00007effd0d9bf0c: 4c24 08e8 

  0x00007effd0d9bf10: ; ImmutableOopMap {rbp=Oop }
                      ;*checkcast {reexecute=0 rethrow=0 return_oop=0}
                      ; - generaloss.freetype.FTStructCache::unregister@12 (line 39)
                      ; - generaloss.freetype.FTStructCache::unregister@30 (line 63)
                      ; - generaloss.freetype.FTStruct::destroyPointer@1 (line 29)
                      ; - generaloss.freetype.FreeType::ftDoneFreeType@13 (line 110)
                      ; - generaloss.freetype.freetype.FTLibrary::done@1 (line 43)
                      ; - dev.RenderTest::test@64 (line 37)
  0x00007effd0d9bf10: ec16 9fff | 488b dfe9 | 64f2 ffff | 41ba fcff | ffff 4489 | 1424 e93b | fcff ff47 | 8b5c c408 
  0x00007effd0d9bf30: ;   {metadata('java/util/concurrent/ConcurrentHashMap$TreeBin')}
  0x00007effd0d9bf30: 4181 fbc8 | 4606 010f | 854b 1600 | 004f 8d0c | c445 8b41 | 2445 85c0 | 74b6 4b8d | 2cc4 e9bd 
  0x00007effd0d9bf50: 0000 0044 | 8bd8 4183 | c304 f045 | 0fb1 591c | 410f 94c0 | 450f b6c0 | 4585 c00f | 84a6 0200 
  0x00007effd0d9bf70: 0045 8b59 | 2045 85db | 0f84 b702 | 0000 4c89 | 4c24 3048 | 8954 2428 | 4489 7424 | 0448 894c 
  0x00007effd0d9bf90: 2420 4b8d | 34dc 418b | d248 8bcf | 4533 c08b 

  0x00007effd0d9bfa0: ;   {optimized virtual_call}
  0x00007effd0d9bfa0: 6c24 18e8 

  0x00007effd0d9bfa4: ; ImmutableOopMap {[8]=Oop [48]=Oop }
                      ;*invokevirtual findTreeNode {reexecute=0 rethrow=0 return_oop=1}
                      ; - java.util.concurrent.ConcurrentHashMap$TreeBin::find@106 (line 2903)
                      ; - java.util.concurrent.ConcurrentHashMap::get@93 (line 944)
                      ; - generaloss.freetype.FTStructCache::unregister@7 (line 39)
                      ; - generaloss.freetype.FTStructCache::unregister@30 (line 63)
                      ; - generaloss.freetype.FTStruct::destroyPointer@1 (line 29)
                      ; - generaloss.freetype.FreeType::ftDoneFreeType@13 (line 110)
                      ; - generaloss.freetype.freetype.FTLibrary::done@1 (line 43)
                      ; - dev.RenderTest::test@64 (line 37)
  0x00007effd0d9bfa4: 9844 feff | 488b e848 | 8b4c 2420 | 448b 7424 | 0448 8b54 | 2428 4c8b | 4c24 3044 | 8b14 24f0 
  0x00007effd0d9bfc4: 450f c151 | 1c41 83fa | 060f 8469 | 0200 0048 | 85ed 0f85 | a700 0000 | e91f ffff | ff0f 1f84 
  0x00007effd0d9bfe4: 0000 0000 | 000f 1f80 | 0000 0000 | 4c8b c744 | 8b5d 1849 | 8b9f 4803 

  0x00007effd0d9bffc: ; ImmutableOopMap {r11=NarrowOop r8=Oop r9=Oop [8]=Oop }
                      ;*goto {reexecute=1 rethrow=0 return_oop=0}
                      ; - (reexecute) java.util.concurrent.ConcurrentHashMap$TreeBin::find@186 (line 2912)
                      ; - java.util.concurrent.ConcurrentHashMap::get@93 (line 944)
                      ; - generaloss.freetype.FTStructCache::unregister@7 (line 39)
                      ; - generaloss.freetype.FTStructCache::unregister@30 (line 63)
                      ; - generaloss.freetype.FTStruct::destroyPointer@1 (line 29)
                      ; - generaloss.freetype.FreeType::ftDoneFreeType@13 (line 110)
                      ; - generaloss.freetype.freetype.FTLibrary::done@1 (line 43)
                      ; - dev.RenderTest::test@64 (line 37)
                      ;   {poll}
  0x00007effd0d9bffc: 0000 8503 | 4585 db0f | 84f7 feff | ff4b 8d2c | dc49 8bf8 | 418b 411c | f7c0 0300 | 0000 0f84 
  0x00007effd0d9c01c: 33ff ffff | 448b 5d0c | 453b da75 | c744 8b5d | 1049 8bdb | 48c1 e303 | 4c8b c748 | 3bdf 7447 
  0x00007effd0d9c03c: 4585 db74 | b24c 894c | 2438 4489 | 5424 1c48 | 897c 2430 | 4889 5424 | 2844 8974 | 2404 4889 
  0x00007effd0d9c05c: 4c24 204b | 8d14 dc48 

  0x00007effd0d9c064: ;   {optimized virtual_call}
  0x00007effd0d9c064: 8bf7 90e8 

  0x00007effd0d9c068: ; ImmutableOopMap {rbp=Oop [8]=Oop [48]=Oop [56]=Oop }
                      ;*invokevirtual equals {reexecute=0 rethrow=0 return_oop=0}
                      ; - java.util.concurrent.ConcurrentHashMap$TreeBin::find@52 (line 2894)
                      ; - java.util.concurrent.ConcurrentHashMap::get@93 (line 944)
                      ; - generaloss.freetype.FTStructCache::unregister@7 (line 39)
                      ; - generaloss.freetype.FTStructCache::unregister@30 (line 63)
                      ; - generaloss.freetype.FTStruct::destroyPointer@1 (line 29)
                      ; - generaloss.freetype.FreeType::ftDoneFreeType@13 (line 110)
                      ; - generaloss.freetype.freetype.FTLibrary::done@1 (line 43)
                      ; - dev.RenderTest::test@64 (line 37)
  0x00007effd0d9c068: 14c0 9eff | 85c0 0f84 | 6802 0000 | 488b 4c24 | 2044 8b74 | 2404 488b | 5424 288b | 6d14 85ed 
  0x00007effd0d9c088: 0f85 8cfc | ffff e96d | feff ff43 | 8b7c cc08 

  0x00007effd0d9c098: ;   {metadata('java/util/concurrent/ConcurrentHashMap$TreeBin')}
  0x00007effd0d9c098: 81ff c846 | 0601 0f85 | 1015 0000 | 4b8d 14cc | 448b 4a24 | 4585 c90f | 8495 f8ff | ff4b 8d2c 
  0x00007effd0d9c0b8: cc41 b9fc | ffff ffe9 | ba00 0000 | 8bc8 83c1 | 04f0 0fb1 | 4a1c 400f | 94c7 400f | b6ff 85ff 
  0x00007effd0d9c0d8: 0f84 4801 | 0000 8b7a | 2085 ff0f | 84a0 0100 | 0048 8954 | 2438 4c89 | 6c24 3089 | 5c24 284c 
  0x00007effd0d9c0f8: 895c 2420 | 4489 4c24 | 1c4c 8904 | 2449 8d34 | fc41 8bd2 | 498b ce45 | 33c0 488b 

  0x00007effd0d9c114: ;   {optimized virtual_call}
  0x00007effd0d9c114: 6c24 08e8 

  0x00007effd0d9c118: ; ImmutableOopMap {rbp=Oop [0]=Oop [8]=Oop [56]=Oop }
                      ;*invokevirtual findTreeNode {reexecute=0 rethrow=0 return_oop=1}
                      ; - java.util.concurrent.ConcurrentHashMap$TreeBin::find@106 (line 2903)
                      ; - java.util.concurrent.ConcurrentHashMap::get@93 (line 944)
                      ; - generaloss.freetype.FTStructCache::unregister@7 (line 39)
                      ; - generaloss.freetype.FTStructCache::unregister@30 (line 63)
                      ; - generaloss.freetype.FTStruct::destroyPointer@1 (line 29)
                      ; - generaloss.freetype.FreeType::ftDoneFace@20 (line 190)
                      ; - generaloss.freetype.freetype.FTFace::done@1 (line 216)
                      ; - dev.RenderTest::test@60 (line 36)
  0x00007effd0d9c118: 2443 feff | 488b e84c | 8b04 2444 | 8b4c 241c | 4c8b 5c24 | 208b 5c24 | 284c 8b6c | 2430 488b 
  0x00007effd0d9c138: 5424 3841 | bafc ffff | fff0 440f | c152 1c41 | 83fa 060f | 843f 0100 | 0048 85ed | 0f85 a500 
  0x00007effd0d9c158: 0000 e9eb | f7ff ff90 | 498b fe8b | 4d18 498b | b748 0300 

  0x00007effd0d9c16c: ; ImmutableOopMap {r8=Oop rcx=NarrowOop rdi=Oop rdx=Oop [8]=Oop }
                      ;*goto {reexecute=1 rethrow=0 return_oop=0}
                      ; - (reexecute) java.util.concurrent.ConcurrentHashMap$TreeBin::find@186 (line 2912)
                      ; - java.util.concurrent.ConcurrentHashMap::get@93 (line 944)
                      ; - generaloss.freetype.FTStructCache::unregister@7 (line 39)
                      ; - generaloss.freetype.FTStructCache::unregister@30 (line 63)
                      ; - generaloss.freetype.FTStruct::destroyPointer@1 (line 29)
                      ; - generaloss.freetype.FreeType::ftDoneFace@20 (line 190)
                      ; - generaloss.freetype.freetype.FTFace::done@1 (line 216)
                      ; - dev.RenderTest::test@60 (line 36)
                      ;   {poll}
  0x00007effd0d9c16c: 0085 0685 | c90f 84d3 | f7ff ff49 | 8d2c cc4c | 8bf7 8b42 | 1cf7 c003 | 0000 000f | 8437 ffff 
  0x00007effd0d9c18c: ff8b 7d0c | 413b fa75 | cb8b 4d10 | 488b f148 | c1e6 0349 | 8bfe 493b | f674 5885 | c974 b848 
  0x00007effd0d9c1ac: 8954 2440 | 4489 5424 | 2c4c 8974 | 2438 4c89 | 6c24 3089 | 5c24 284c | 895c 2420 | 4489 4c24 
  0x00007effd0d9c1cc: 1c4c 8904 | 2449 8d14 | cc49 8bf6 

  0x00007effd0d9c1d8: ;   {optimized virtual_call}
  0x00007effd0d9c1d8: 6666 90e8 

  0x00007effd0d9c1dc: ; ImmutableOopMap {rbp=Oop [0]=Oop [8]=Oop [56]=Oop [64]=Oop }
                      ;*invokevirtual equals {reexecute=0 rethrow=0 return_oop=0}
                      ; - java.util.concurrent.ConcurrentHashMap$TreeBin::find@52 (line 2894)
                      ; - java.util.concurrent.ConcurrentHashMap::get@93 (line 944)
                      ; - generaloss.freetype.FTStructCache::unregister@7 (line 39)
                      ; - generaloss.freetype.FTStructCache::unregister@30 (line 63)
                      ; - generaloss.freetype.FTStruct::destroyPointer@1 (line 29)
                      ; - generaloss.freetype.FreeType::ftDoneFace@20 (line 190)
                      ; - generaloss.freetype.freetype.FTFace::done@1 (line 216)
                      ; - dev.RenderTest::test@60 (line 36)
  0x00007effd0d9c1dc: a0be 9eff | 85c0 0f84 | 1701 0000 | 4c8b 0424 | 448b 4c24 | 1c4c 8b5c | 2420 8b5c | 2428 4c8b 
  0x00007effd0d9c1fc: 6c24 308b | 6d14 85ed | 0f85 a7f7 | ffff e93b | f7ff ff45 | 8bc3 e9e5 | f4ff ff4c | 8bdd 49c1 
  0x00007effd0d9c21c: eb03 4c8b | c7e9 d1fd | ffff 488b | cd48 c1e9 | 0349 8bfe | e931 ffff | ff33 ede9 | 83fd ffff 
  0x00007effd0d9c23c: 458b 5128 | 4585 d20f | 848a fdff | ff48 8954 | 2428 4489 | 7424 1c48 | 894c 2420 | 48ff 7424 
  0x00007effd0d9c25c: 0848 8f04 | 244b 8d34 

  0x00007effd0d9c264: ;   {static_call}
  0x00007effd0d9c264: d466 90e8 

  0x00007effd0d9c268: ; ImmutableOopMap {rbp=Oop [0]=Oop }
                      ;*invokestatic unpark {reexecute=0 rethrow=0 return_oop=0}
                      ; - java.util.concurrent.ConcurrentHashMap$TreeBin::find@140 (line 2908)
                      ; - java.util.concurrent.ConcurrentHashMap::get@93 (line 944)
                      ; - generaloss.freetype.FTStructCache::unregister@7 (line 39)
                      ; - generaloss.freetype.FTStructCache::unregister@30 (line 63)
                      ; - generaloss.freetype.FTStruct::destroyPointer@1 (line 29)
                      ; - generaloss.freetype.FreeType::ftDoneFreeType@13 (line 110)
                      ; - generaloss.freetype.freetype.FTLibrary::done@1 (line 43)
                      ; - dev.RenderTest::test@64 (line 37)
  0x00007effd0d9c268: 14c4 9eff | 48ff 3424 | 488f 4424 | 0848 8b4c | 2420 448b | 7424 1c48 | 8b54 2428 | e94a fdff 
  0x00007effd0d9c288: ff33 ede9 | abfe ffff | 448b 5228 | 4585 d20f | 84b4 feff | ff4c 896c | 2430 895c | 2428 4c89 
  0x00007effd0d9c2a8: 5c24 2044 | 894c 241c | 4c89 0424 | 4b8d 34d4 

  0x00007effd0d9c2b8: ;   {static_call}
  0x00007effd0d9c2b8: 6666 90e8 

  0x00007effd0d9c2bc: ; ImmutableOopMap {rbp=Oop [0]=Oop [8]=Oop }
                      ;*invokestatic unpark {reexecute=0 rethrow=0 return_oop=0}
                      ; - java.util.concurrent.ConcurrentHashMap$TreeBin::find@140 (line 2908)
                      ; - java.util.concurrent.ConcurrentHashMap::get@93 (line 944)
                      ; - generaloss.freetype.FTStructCache::unregister@7 (line 39)
                      ; - generaloss.freetype.FTStructCache::unregister@30 (line 63)
                      ; - generaloss.freetype.FTStruct::destroyPointer@1 (line 29)
                      ; - generaloss.freetype.FreeType::ftDoneFace@20 (line 190)
                      ; - generaloss.freetype.freetype.FTFace::done@1 (line 216)
                      ; - dev.RenderTest::test@60 (line 36)
  0x00007effd0d9c2bc: c0c3 9eff | 4c8b 0424 | 448b 4c24 | 1c4c 8b5c | 2420 8b5c | 2428 4c8b | 6c24 30e9 | 75fe ffff 
  0x00007effd0d9c2dc: 488b 4c24 | 2044 8b74 | 2404 488b | 5424 284c | 8b44 2430 | 448b 5424 | 1c4c 8b4c | 2438 e9f4 
  0x00007effd0d9c2fc: fcff ff4c | 8b04 2444 | 8b4c 241c | 4c8b 5c24 | 208b 5c24 | 284c 8b6c | 2430 488b | 7c24 3844 
  0x00007effd0d9c31c: 8b54 242c | 488b 5424 | 40e9 39fe | ffff 448b | dd41 8beb | 81c5 8000 | 0000 81fd | 0001 0000 
  0x00007effd0d9c33c: 0f83 a212 | 0000 4d63 

  0x00007effd0d9c344: ;   {oop(a 'java/lang/Long'[256] {0x00000007ffe71b38})}
  0x00007effd0d9c344: d349 bb38 | 1be7 ff07 | 0000 0047 | 8b94 9310 | 0200 004f | 8d1c d4e9 | 1eec ffff | 4181 fe00 
  0x00007effd0d9c364: 0100 000f | 8383 1200 

  0x00007effd0d9c36c: ;   {oop(a 'java/lang/Long'[256] {0x00000007ffe71b38})}
  0x00007effd0d9c36c: 0049 ba38 | 1be7 ff07 | 0000 0045 | 8b9c 9210 | 0200 004f | 8d14 dc49 | 8bfa e986 | f8ff ff41 
  0x00007effd0d9c38c: 81fe 0001 | 0000 0f83 | 7412 0000 

  0x00007effd0d9c398: ;   {oop(a 'java/lang/Long'[256] {0x00000007ffe71b38})}
  0x00007effd0d9c398: 49ba 381b | e7ff 0700 | 0000 458b | 9492 1002 | 0000 4b8d | 14d4 e9d2 | faff ff81 | fb00 0100 
  0x00007effd0d9c3b8: 000f 8369 

  0x00007effd0d9c3bc: ;   {oop(a 'java/lang/Long'[256] {0x00000007ffe71b38})}
  0x00007effd0d9c3bc: 1200 0049 | ba38 1be7 | ff07 0000 | 0047 8b94 | aa10 0200 | 0049 c1e2 | 034d 8bf2 | e998 f4ff 
  0x00007effd0d9c3dc: ff45 8bd6 | 4181 fa00 | 0100 000f | 8353 1200 

  0x00007effd0d9c3ec: ;   {oop(a 'java/lang/Long'[256] {0x00000007ffe71b38})}
  0x00007effd0d9c3ec: 0049 ba38 | 1be7 ff07 | 0000 004c | 8b44 2428 | 478b 9482 | 1002 0000 | 49c1 e203 | 498b d2e9 
  0x00007effd0d9c40c: 2ef7 ffff | 448b 550c | 4585 d20f | 8441 ecff | ff4d 8b5f | 2049 8bfa | 48c1 e703 | 4d85 db0f 
  0x00007effd0d9c42c: 8433 0a00 | 004d 8b57 | 304b 897c | 1af8 4983 | c3f8 4d89 | 5f20 e917 | ecff ff41 | 8b79 1085 
  0x00007effd0d9c44c: ff0f 8475 | efff ff49 | 8b5f 2048 | c1e7 0348 | 85db 0f84 | 150a 0000 | 498b 7730 | 4889 7c1e 
  0x00007effd0d9c46c: f848 83c3 | f849 895f | 20e9 4eef | ffff 418b | 591c 85db | 0f84 95ef | ffff 498b | 7720 488b 
  0x00007effd0d9c48c: fb48 c1e7 | 0348 85f6 | 0f84 1e0a | 0000 498b | 5f30 4889 | 7c33 f848 | 83c6 f849 | 8977 20e9 
  0x00007effd0d9c4ac: 6bef ffff | 418b 7920 | 85ff 0f84 | 6aef ffff | 498b 5f20 | 48c1 e703 | 4885 db0f | 842e 0a00 
  0x00007effd0d9c4cc: 0049 8b77 | 3048 897c | 1ef8 4883 | c3f8 4989 | 5f20 e943 | efff ff41 | 8b59 2485 | db0f 8442 
  0x00007effd0d9c4ec: efff ff49 | 8b77 2048 | 8bfb 48c1 | e703 4885 | f60f 843b | 0a00 0049 | 8b5f 3048 | 897c 33f8 
  0x00007effd0d9c50c: 4883 c6f8 | 4989 7720 | e918 efff | ff41 8b79 | 1c85 ff0f | 84d5 efff | ff49 8b5f | 2048 c1e7 
  0x00007effd0d9c52c: 0348 85db | 0f84 4b0a | 0000 498b | 5730 4889 | 7c1a f848 | 83c3 f849 | 895f 20e9 | aeef ffff 
  0x00007effd0d9c54c: 458b 5cec | 2045 85db | 0f84 e6ef | ffff 498b | 4f20 498b | fb48 c1e7 | 0348 85c9 | 0f84 4c0a 
  0x00007effd0d9c56c: 0000 4d8b | 5f30 4989 | 7c0b f848 | 83c1 f849 | 894f 20e9 | bcef ffff 

  0x00007effd0d9c584: ;   {oop(a 'java/lang/Class'{0x00000007ffd0d260} = 'jdk/internal/ref/Cleaner')}
  0x00007effd0d9c584: 49bb 60d2 | d0ff 0700 | 0000 418b | 4b74 85c9 | 0f84 e3ef | ffff 4d8b | 5f20 488b | f948 c1e7 
  0x00007effd0d9c5a4: 034d 85db | 0f84 350a | 0000 498b | 4f30 4a89 | 7c19 f849 | 83c3 f84d | 895f 20e9 | b9ef ffff 
  0x00007effd0d9c5c4: 458b 583c | 4585 db0f | 849d f0ff | ff49 8b4f | 2049 8bfb | 48c1 e703 | 4885 c90f | 8425 0a00 
  0x00007effd0d9c5e4: 004d 8b5f | 3049 897c | 0bf8 4883 | c1f8 4989 | 4f20 e973 | f0ff ff45 | 8b58 3845 | 85db 7425 
  0x00007effd0d9c604: 4d8b 4f20 | 498b fb48 | c1e7 034d | 85c9 0f84 | 190a 0000 | 4d8b 5f30 | 4b89 7c0b | f849 83c1 
  0x00007effd0d9c624: f84d 894f | 2044 8954 | 2420 e97b | f0ff ff49 | 8b5f 4049 | 8b77 50f0 | 8344 24c0 | 0080 3f00 
  0x00007effd0d9c644: 0f84 c0ed | ffff 4488 | 2748 85db | 7543 4c89 | 4c24 2848 | 8954 2420 | 4c89 1c24 | 4c8b f149 
  0x00007effd0d9c664: 8bd8 458b | ea49 8bf7 | 49ba d077 | 7ae8 ff7e | 0000 41ff | d245 8bd5 | 4c8b c349 | 8bce 4c8b 
  0x00007effd0d9c684: 1c24 488b | 5424 204c | 8b4c 2428 | e975 edff | ff48 897c | 1ef8 4883 | c3f8 4989 | 5f40 e963 
  0x00007effd0d9c6a4: edff ff49 | 8b5f 4049 | 8b57 50f0 | 8344 24c0 | 0080 3f00 | 0f84 abed | ffff 4488 | 2748 85db 
  0x00007effd0d9c6c4: 7535 4c89 | 0c24 4d8b | f34c 8be9 | 498b d841 | 8bea 498b | f749 bad0 | 777a e8ff | 7e00 0041 
  0x00007effd0d9c6e4: ffd2 448b | d54c 8bc3 | 498b cd4d | 8bde 4c8b | 0c24 e96e | edff ff48 | 897c 1af8 | 4883 c3f8 
  0x00007effd0d9c704: 4989 5f40 | e95c edff | ff49 8b5f | 4049 8b57 | 50f0 8344 | 24c0 0080 | 3f00 744b | 4488 2748 
  0x00007effd0d9c724: 85db 740f | 4889 7c1a | f848 83c3 | f849 895f | 40eb 344c | 894c 2420 | 4c89 1c24 | 4c8b f149 
  0x00007effd0d9c744: 8bd8 418b | ea49 8bf7 | 49ba d077 | 7ae8 ff7e | 0000 41ff | d244 8bd5 | 4c8b c349 | 8bce 4c8b 
  0x00007effd0d9c764: 1c24 4c8b 

  0x00007effd0d9c768: ;   {oop(a 'java/lang/Class'{0x00000007ffd0d260} = 'jdk/internal/ref/Cleaner')}
  0x00007effd0d9c768: 4c24 2048 | bb60 d2d0 | ff07 0000 | 008b 6b74 | 85ed 0f85 | b5ed ffff | bef6 ffff | ff48 8b6c 
  0x00007effd0d9c788: 2408 488b | 5c24 1848 | 891c 244c | 8944 2410 | 4489 5424 | 1848 894c | 2420 4c89 | 4424 284c 
  0x00007effd0d9c7a8: 895c 2430 | 4c89 4c24 

  0x00007effd0d9c7b0: ;   {runtime_call UncommonTrapBlob}
  0x00007effd0d9c7b0: 3866 90e8 

  0x00007effd0d9c7b4: ; ImmutableOopMap {rbp=Oop [0]=Oop [16]=Oop [40]=Oop [56]=Oop }
                      ;*putfield prev {reexecute=1 rethrow=0 return_oop=0}
                      ; - (reexecute) jdk.internal.ref.Cleaner::add@17 (line 81)
                      ; - jdk.internal.ref.Cleaner::create@15 (line 133)
                      ; - java.nio.DirectByteBuffer::<init>@136 (line 138)
                      ; - java.nio.ByteBuffer::allocateDirect@5 (line 332)
                      ; - jpize.util.res.Resource::readByteBuffer@7 (line 45)
                      ; - dev.RenderTest::test@13 (line 25)
  0x00007effd0d9c7b4: 480e 9fff | 4d8b 5f40 | 498b 4f50 | f083 4424 | c000 803f | 000f 84a3 | edff ff44 | 8827 4d85 
  0x00007effd0d9c7d4: db75 274d | 8bf1 498b | d841 8bea | 498b f749 | bad0 777a | e8ff 7e00 | 0041 ffd2 | 448b d54c 
  0x00007effd0d9c7f4: 8bc3 4d8b | cee9 74ed | ffff 4a89 | 7c19 f849 | 83c3 f84d | 895f 40e9 | 62ed ffff | 4d8b 5f40 
  0x00007effd0d9c814: 498b 4f50 | f083 4424 | c000 803f | 000f 8497 | edff ff44 | 8827 4d85 | db75 274d | 8bf1 498b 
  0x00007effd0d9c834: d841 8bea | 498b f749 | bad0 777a | e8ff 7e00 | 0041 ffd2 | 448b d54c | 8bc3 4d8b | cee9 68ed 
  0x00007effd0d9c854: ffff 4a89 | 7c19 f849 | 83c3 f84d | 895f 40e9 | 56ed ffff | 4d8b 5f40 | 4d8b 4f50 | f083 4424 
  0x00007effd0d9c874: c000 803f | 000f 841f | eeff ff44 | 8827 4d85 | db75 2149 | 8be8 418b | da49 8bf7 | 49ba d077 
  0x00007effd0d9c894: 7ae8 ff7e | 0000 41ff | d244 8bd3 | 4c8b c5e9 | f6ed ffff | 4b89 7c19 | f849 83c3 | f84d 895f 
  0x00007effd0d9c8b4: 40e9 e4ed | ffff 4d8b | 5750 4d8b | 5f40 f083 | 4424 c000 | 803f 000f | 84c9 e7ff | ff44 8827 
  0x00007effd0d9c8d4: 4d85 db75 | 1549 8bf7 | 49ba d077 | 7ae8 ff7e | 0000 41ff | d2e9 ace7 | ffff 4b89 | 7c1a f849 
  0x00007effd0d9c8f4: 83c3 f84d | 895f 40e9 | 9ae7 ffff | 4c89 6c24 | 2848 8954 | 2420 4489 | 7424 1c48 | 890c 2448 
  0x00007effd0d9c914: 8b6c 2408 

  0x00007effd0d9c918: ;   {optimized virtual_call}
  0x00007effd0d9c918: 6666 90e8 

  0x00007effd0d9c91c: ; ImmutableOopMap {rbp=Oop [40]=Oop }
                      ;*invokevirtual hashCode {reexecute=0 rethrow=0 return_oop=0}
                      ; - java.util.HashMap::hash@9 (line 338)
                      ; - java.util.HashMap::remove@2 (line 797)
                      ; - generaloss.freetype.FTStructCache::unregister@23 (line 43)
                      ; - generaloss.freetype.FTStructCache::unregister@30 (line 63)
                      ; - generaloss.freetype.FTStruct::destroyPointer@1 (line 29)
                      ; - generaloss.freetype.FreeType::ftDoneFreeType@13 (line 110)
                      ; - generaloss.freetype.freetype.FTLibrary::done@1 (line 43)
                      ; - dev.RenderTest::test@64 (line 37)
  0x00007effd0d9c91c: 60b7 9eff | 4889 6c24 | 0848 8b0c | 2444 8b74 | 241c 488b | 5424 204c | 8b6c 2428 | e926 f4ff 
  0x00007effd0d9c93c: ff44 8b1b | 4585 db0f | 849a f4ff | ff4d 8b57 | 2049 8bfb | 48c1 e703 | 4d85 d20f | 8497 0700 
  0x00007effd0d9c95c: 004d 8b5f | 304b 897c | 13f8 4983 | c2f8 4d89 | 5720 e970 | f4ff ff4d | 8b57 404d | 8b5f 50f0 
  0x00007effd0d9c97c: 8344 24c0 | 0041 8038 | 000f 848a | f4ff ff45 | 8820 4d85 | d275 2c4c | 892c 244c | 8bea 488b 
  0x00007effd0d9c99c: e949 8bf8 | 498b f749 | bad0 777a | e8ff 7e00 | 0041 ffd2 | 488b cd49 | 8bd5 4c8b | 2c24 e956 
  0x00007effd0d9c9bc: f4ff ff4f | 8944 13f8 | 4983 c2f8 | 4d89 5740 | e944 f4ff | ff48 8954 | 2430 4c89 | 6c24 2889 
  0x00007effd0d9c9dc: 5c24 044c | 895c 2420 | 4489 0c24 

  0x00007effd0d9c9e8: ;   {optimized virtual_call}
  0x00007effd0d9c9e8: 498b e8e8 

  0x00007effd0d9c9ec: ; ImmutableOopMap {rbp=Oop [8]=Oop [48]=Oop }
                      ;*invokevirtual hashCode {reexecute=0 rethrow=0 return_oop=0}
                      ; - java.util.HashMap::hash@9 (line 338)
                      ; - java.util.HashMap::remove@2 (line 797)
                      ; - generaloss.freetype.FTStructCache::unregister@23 (line 43)
                      ; - generaloss.freetype.FTStructCache::unregister@30 (line 63)
                      ; - generaloss.freetype.FTStruct::destroyPointer@1 (line 29)
                      ; - generaloss.freetype.FreeType::ftDoneFace@20 (line 190)
                      ; - generaloss.freetype.freetype.FTFace::done@1 (line 216)
                      ; - dev.RenderTest::test@60 (line 36)
  0x00007effd0d9c9ec: 90b6 9eff | 4c8b c544 | 8b0c 244c | 8b5c 2420 | 8b5c 2404 | 4c8b 6c24 | 2848 8b54 | 2430 e9ea 
  0x00007effd0d9ca0c: efff ff44 | 8b1b 4585 | db0f 8478 | f0ff ff4d | 8b57 2049 | 8bfb 48c1 | e703 4d85 | d20f 84a9 
  0x00007effd0d9ca2c: 0900 004d | 8b5f 304b | 897c 13f8 | 4983 c2f8 | 4d89 5720 | e94e f0ff | ff4d 8b57 | 404d 8b5f 
  0x00007effd0d9ca4c: 50f0 8344 | 24c0 0080 | 3f00 0f84 | 6df0 ffff | 4488 274d | 85d2 7515 | 498b f749 | bad0 777a 
  0x00007effd0d9ca6c: e8ff 7e00 | 0041 ffd2 | e950 f0ff | ff4b 897c | 13f8 4983 | c2f8 4d89 | 5740 e93e 

  0x00007effd0d9ca88: ;   {metadata('generaloss/freetype/freetype/FTLibrary')}
  0x00007effd0d9ca88: f0ff ff48 | be28 1400 | 64ff 7e00 

  0x00007effd0d9ca94: ;   {runtime_call _new_instance_Java}
  0x00007effd0d9ca94: 0066 90e8 

  0x00007effd0d9ca98: ; ImmutableOopMap {}
                      ;*new {reexecute=0 rethrow=0 return_oop=1}
                      ; - dev.RenderTest::test@0 (line 24)
  0x00007effd0d9ca98: 6473 a9ff | e9eb e3ff 

  0x00007effd0d9caa0: ;   {metadata({type array long})}
  0x00007effd0d9caa0: ff48 be80 | 1100 63ff | 7e00 00ba | 0100 0000 | 488b 6c24 

  0x00007effd0d9cab4: ;   {runtime_call _new_array_Java}
  0x00007effd0d9cab4: 0866 90e8 

  0x00007effd0d9cab8: ; ImmutableOopMap {rbp=Oop [8]=Oop }
                      ;*newarray {reexecute=0 rethrow=0 return_oop=1}
                      ; - generaloss.freetype.freetype.FTLibrary::freeTypeInit@1 (line 26)
                      ; - generaloss.freetype.freetype.FTLibrary::<init>@1 (line 22)
                      ; - dev.RenderTest::test@4 (line 24)
  0x00007effd0d9cab8: c452 a9ff | e923 e4ff | ff4c 891c | 2448 8b6c 

  0x00007effd0d9cac8: ;   {metadata('generaloss/freetype/FTStructCache$$Lambda$22+0x00007eff64005f90')}
  0x00007effd0d9cac8: 2408 48be | 905f 0064 | ff7e 0000 

  0x00007effd0d9cad4: ;   {runtime_call _new_instance_Java}
  0x00007effd0d9cad4: 6666 90e8 

  0x00007effd0d9cad8: ; ImmutableOopMap {rbp=Oop [0]=Oop [8]=Oop }
                      ;*invokevirtual allocateInstance {reexecute=0 rethrow=0 return_oop=1}
                      ; - java.lang.invoke.DirectMethodHandle::allocateInstance@12 (line 520)
                      ; - java.lang.invoke.DirectMethodHandle$Holder::newInvokeSpecial@1
                      ; - java.lang.invoke.Invokers$Holder::linkToTargetMethod@5
                      ; - generaloss.freetype.FTStructCache::register@33 (line 18)
                      ; - generaloss.freetype.FTStruct::<init>@14 (line 12)
                      ; - generaloss.freetype.freetype.FTLibrary::<init>@4 (line 22)
                      ; - dev.RenderTest::test@4 (line 24)
  0x00007effd0d9cad8: 2473 a9ff | 488b c8e9 | d6e4 ffff 

  0x00007effd0d9cae4: ;   {metadata('jpize/util/res/InternalResource')}
  0x00007effd0d9cae4: 48be 9064 | 0064 ff7e | 0000 488b 

  0x00007effd0d9caf0: ;   {runtime_call _new_instance_Java}
  0x00007effd0d9caf0: 6c24 08e8 

  0x00007effd0d9caf4: ; ImmutableOopMap {rbp=Oop [8]=Oop }
                      ;*new {reexecute=0 rethrow=0 return_oop=1}
                      ; - jpize.util.res.Resource::internal@0 (line 199)
                      ; - dev.RenderTest::test@10 (line 25)
  0x00007effd0d9caf4: 0873 a9ff | e923 e5ff | ff44 8904 | 2449 8bea 

  0x00007effd0d9cb04: ;   {metadata('java/nio/DirectByteBuffer')}
  0x00007effd0d9cb04: 48be 604b | 0863 ff7e 

  0x00007effd0d9cb0c: ;   {runtime_call _new_instance_Java}
  0x00007effd0d9cb0c: 0000 90e8 

  0x00007effd0d9cb10: ; ImmutableOopMap {rbp=Oop [8]=Oop }
                      ;*new {reexecute=0 rethrow=0 return_oop=1}
                      ; - java.nio.ByteBuffer::allocateDirect@0 (line 332)
                      ; - jpize.util.res.Resource::readByteBuffer@7 (line 45)
                      ; - dev.RenderTest::test@13 (line 25)
  0x00007effd0d9cb10: ec72 a9ff | 4c8b d544 | 8b04 24e9 | dbe5 ffff | 4c89 5c24 | 3848 894c 

  0x00007effd0d9cb28: ;   {metadata('java/nio/DirectByteBuffer$Deallocator')}
  0x00007effd0d9cb28: 2430 48be | 50d7 0464 | ff7e 0000 | 488b 6c24 

  0x00007effd0d9cb38: ;   {runtime_call _new_instance_Java}
  0x00007effd0d9cb38: 0866 90e8 

  0x00007effd0d9cb3c: ; ImmutableOopMap {rbp=Oop [8]=Oop [24]=Oop [32]=Oop }
                      ;*new {reexecute=0 rethrow=0 return_oop=1}
                      ; - java.nio.DirectByteBuffer::<init>@124 (line 138)
                      ; - java.nio.ByteBuffer::allocateDirect@5 (line 332)
                      ; - jpize.util.res.Resource::readByteBuffer@7 (line 45)
                      ; - dev.RenderTest::test@13 (line 25)
  0x00007effd0d9cb3c: c072 a9ff | 4c8b 4424 | 2048 8b4c | 2430 4c8b | 5c24 3848 | 8bd0 e902 | e8ff ff48 | 8bea 4c89 
  0x00007effd0d9cb5c: 5c24 3848 | 894c 2430 | 4c89 4424 

  0x00007effd0d9cb68: ;   {metadata('jdk/internal/ref/Cleaner')}
  0x00007effd0d9cb68: 2048 be80 | 7904 63ff 

  0x00007effd0d9cb70: ;   {runtime_call _new_instance_Java}
  0x00007effd0d9cb70: 7e00 00e8 

  0x00007effd0d9cb74: ; ImmutableOopMap {rbp=Oop [8]=Oop [24]=Oop [32]=Oop }
                      ;*new {reexecute=0 rethrow=0 return_oop=1}
                      ; - jdk.internal.ref.Cleaner::create@6 (line 133)
                      ; - java.nio.DirectByteBuffer::<init>@136 (line 138)
                      ; - java.nio.ByteBuffer::allocateDirect@5 (line 332)
                      ; - jpize.util.res.Resource::readByteBuffer@7 (line 45)
                      ; - dev.RenderTest::test@13 (line 25)
  0x00007effd0d9cb74: 8872 a9ff | 448b 5424 | 044c 8b44 | 2420 488b | 4c24 304c | 8b5c 2438 | 488b d54c | 8bc8 e91b 
  0x00007effd0d9cb94: ;   {metadata('java/lang/Long')}
  0x00007effd0d9cb94: e8ff ff48 | be28 3904 | 63ff 7e00 

  0x00007effd0d9cba0: ;   {runtime_call _new_instance_Java}
  0x00007effd0d9cba0: 0066 90e8 

  0x00007effd0d9cba4: ; ImmutableOopMap {[0]=Oop [8]=Oop }
                      ;*new {reexecute=0 rethrow=0 return_oop=1}
                      ; - java.lang.Long::valueOf@31 (line 1211)
                      ; - generaloss.freetype.FTStructCache::register@29 (line 18)
                      ; - generaloss.freetype.FTStruct::<init>@14 (line 12)
                      ; - generaloss.freetype.freetype.FTLibrary::<init>@4 (line 22)
                      ; - dev.RenderTest::test@4 (line 24)
  0x00007effd0d9cba4: 5872 a9ff | 4c8b d8e9 | cae3 ffff 

  0x00007effd0d9cbb0: ;   {metadata({type array bool})}
  0x00007effd0d9cbb0: 48be 6009 | 0063 ff7e | 0000 ba01 | 0000 0048 | 8b6c 2408 

  0x00007effd0d9cbc4: ;   {runtime_call _new_array_Java}
  0x00007effd0d9cbc4: 6666 90e8 

  0x00007effd0d9cbc8: ; ImmutableOopMap {rbp=Oop [0]=Oop [8]=Oop }
                      ;*newarray {reexecute=0 rethrow=0 return_oop=1}
                      ; - generaloss.freetype.FreeType::ftDoneFace@1 (line 187)
                      ; - generaloss.freetype.freetype.FTFace::done@1 (line 216)
                      ; - dev.RenderTest::test@60 (line 36)
  0x00007effd0d9cbc8: b451 a9ff | e908 ecff | ff48 8954 | 2428 4489 | 7424 0448 | 894c 2420 | 488b 6c24 

  0x00007effd0d9cbe4: ;   {metadata('java/lang/Long')}
  0x00007effd0d9cbe4: 0848 be28 | 3904 63ff 

  0x00007effd0d9cbec: ;   {runtime_call _new_instance_Java}
  0x00007effd0d9cbec: 7e00 00e8 

  0x00007effd0d9cbf0: ; ImmutableOopMap {rbp=Oop }
                      ;*new {reexecute=0 rethrow=0 return_oop=1}
                      ; - java.lang.Long::valueOf@31 (line 1211)
                      ; - generaloss.freetype.FTStructCache::unregister@4 (line 39)
                      ; - generaloss.freetype.FTStructCache::unregister@30 (line 63)
                      ; - generaloss.freetype.FTStruct::destroyPointer@1 (line 29)
                      ; - generaloss.freetype.FreeType::ftDoneFreeType@13 (line 110)
                      ; - generaloss.freetype.freetype.FTLibrary::done@1 (line 43)
                      ; - dev.RenderTest::test@64 (line 37)
  0x00007effd0d9cbf0: 0c72 a9ff | 4889 6c24 | 0848 8b4c | 2420 448b | 7424 0448 | 8b54 2428 | e9fd efff | ff4c 896c 
  0x00007effd0d9cc10: 2410 4889 | 0c24 488b 

  0x00007effd0d9cc18: ;   {metadata('java/lang/Long')}
  0x00007effd0d9cc18: 6c24 0848 | be28 3904 | 63ff 7e00 

  0x00007effd0d9cc24: ;   {runtime_call _new_instance_Java}
  0x00007effd0d9cc24: 0066 90e8 

  0x00007effd0d9cc28: ; ImmutableOopMap {rbp=Oop [16]=Oop }
                      ;*new {reexecute=0 rethrow=0 return_oop=1}
                      ; - java.lang.Long::valueOf@31 (line 1211)
                      ; - generaloss.freetype.FTStructCache::unregister@42 (line 46)
                      ; - generaloss.freetype.FTStructCache::unregister@30 (line 63)
                      ; - generaloss.freetype.FTStruct::destroyPointer@1 (line 29)
                      ; - generaloss.freetype.FreeType::ftDoneFreeType@13 (line 110)
                      ; - generaloss.freetype.freetype.FTLibrary::done@1 (line 43)
                      ; - dev.RenderTest::test@64 (line 37)
  0x00007effd0d9cc28: d471 a9ff | 488b d048 | 896c 2408 | 488b 0c24 | 4c8b 6c24 | 10e9 3ff2 | ffff 4c89 | 6c24 2089 
  0x00007effd0d9cc48: 5c24 1c4c | 891c 2449 

  0x00007effd0d9cc50: ;   {metadata('java/lang/Long')}
  0x00007effd0d9cc50: 8be8 48be | 2839 0463 | ff7e 0000 

  0x00007effd0d9cc5c: ;   {runtime_call _new_instance_Java}
  0x00007effd0d9cc5c: 6666 90e8 

  0x00007effd0d9cc60: ; ImmutableOopMap {rbp=Oop [8]=Oop }
                      ;*new {reexecute=0 rethrow=0 return_oop=1}
                      ; - java.lang.Long::valueOf@31 (line 1211)
                      ; - generaloss.freetype.FTStructCache::unregister@4 (line 39)
                      ; - generaloss.freetype.FTStructCache::unregister@30 (line 63)
                      ; - generaloss.freetype.FTStruct::destroyPointer@1 (line 29)
                      ; - generaloss.freetype.FreeType::ftDoneFace@20 (line 190)
                      ; - generaloss.freetype.freetype.FTFace::done@1 (line 216)
                      ; - dev.RenderTest::test@60 (line 36)
  0x00007effd0d9cc60: 9c71 a9ff | 4c8b c54c | 8b1c 248b | 5c24 1c4c | 8b6c 2420 | e9f5 ebff | ff4c 895c | 2428 498b 
  0x00007effd0d9cc80: ;   {metadata('java/lang/Long')}
  0x00007effd0d9cc80: ed48 be28 | 3904 63ff 

  0x00007effd0d9cc88: ;   {runtime_call _new_instance_Java}
  0x00007effd0d9cc88: 7e00 00e8 

  0x00007effd0d9cc8c: ; ImmutableOopMap {[8]=Oop [32]=Oop [40]=Oop }
                      ;*new {reexecute=0 rethrow=0 return_oop=1}
                      ; - java.lang.Long::valueOf@31 (line 1211)
                      ; - generaloss.freetype.FTStructCache::unregister@42 (line 46)
                      ; - generaloss.freetype.FTStructCache::unregister@30 (line 63)
                      ; - generaloss.freetype.FTStruct::destroyPointer@1 (line 29)
                      ; - generaloss.freetype.FreeType::ftDoneFace@20 (line 190)
                      ; - generaloss.freetype.freetype.FTFace::done@1 (line 216)
                      ; - dev.RenderTest::test@60 (line 36)
  0x00007effd0d9cc8c: 7071 a9ff | 488b d04c | 8bed 4c8b | 5c24 28e9 | 9aee ffff | bef6 ffff 

  0x00007effd0d9cca4: ;   {runtime_call UncommonTrapBlob}
  0x00007effd0d9cca4: ff66 90e8 

  0x00007effd0d9cca8: ; ImmutableOopMap {}
                      ;*invokevirtual checkError {reexecute=0 rethrow=0 return_oop=0}
                      ; - generaloss.freetype.freetype.FTLibrary::freeTypeInit@10 (line 28)
                      ; - generaloss.freetype.freetype.FTLibrary::<init>@1 (line 22)
                      ; - dev.RenderTest::test@4 (line 24)
  0x00007effd0d9cca8: 5409 9fff | bef6 ffff 

  0x00007effd0d9ccb0: ;   {runtime_call UncommonTrapBlob}
  0x00007effd0d9ccb0: ff66 90e8 

  0x00007effd0d9ccb4: ; ImmutableOopMap {}
                      ;*invokevirtual checkError {reexecute=0 rethrow=0 return_oop=0}
                      ; - generaloss.freetype.freetype.FTFace::setPixelSizes@10 (line 237)
                      ; - dev.RenderTest::test@29 (line 28)
  0x00007effd0d9ccb4: 4809 9fff | bef6 ffff 

  0x00007effd0d9ccbc: ;   {runtime_call UncommonTrapBlob}
  0x00007effd0d9ccbc: ff66 90e8 

  0x00007effd0d9ccc0: ; ImmutableOopMap {}
                      ;*invokevirtual checkError {reexecute=0 rethrow=0 return_oop=0}
                      ; - generaloss.freetype.freetype.FTFace::done@6 (line 217)
                      ; - dev.RenderTest::test@60 (line 36)
  0x00007effd0d9ccc0: 3c09 9fff | be45 ffff | ff48 8b6c | 2408 448b | 5c24 1844 | 891c 2448 | 894c 2408 | 4c89 6c24 
  0x00007effd0d9cce0: 1844 8944 | 2404 4489 | 4c24 2444 | 8954 2428 

  0x00007effd0d9ccf0: ;   {runtime_call UncommonTrapBlob}
  0x00007effd0d9ccf0: 6666 90e8 

  0x00007effd0d9ccf4: ; ImmutableOopMap {rbp=Oop [4]=NarrowOop [24]=Oop [40]=NarrowOop }
                      ;*ifeq {reexecute=1 rethrow=0 return_oop=0}
                      ; - (reexecute) java.util.HashMap::removeNode@211 (line 837)
                      ; - java.util.HashMap::remove@9 (line 797)
                      ; - generaloss.freetype.FTStructCache::unregister@23 (line 43)
                      ; - generaloss.freetype.FTStructCache::unregister@30 (line 63)
                      ; - generaloss.freetype.FTStruct::destroyPointer@1 (line 29)
                      ; - generaloss.freetype.FreeType::ftDoneFreeType@13 (line 110)
                      ; - generaloss.freetype.freetype.FTLibrary::done@1 (line 43)
                      ; - dev.RenderTest::test@64 (line 37)
  0x00007effd0d9ccf4: 0809 9fff | bef6 ffff 

  0x00007effd0d9ccfc: ;   {runtime_call UncommonTrapBlob}
  0x00007effd0d9ccfc: ff66 90e8 

  0x00007effd0d9cd00: ; ImmutableOopMap {}
                      ;*invokevirtual checkError {reexecute=0 rethrow=0 return_oop=0}
                      ; - generaloss.freetype.freetype.FTLibrary::done@6 (line 44)
                      ; - dev.RenderTest::test@64 (line 37)
  0x00007effd0d9cd00: fc08 9fff | 4c89 4c24 | 304c 895c | 2428 4889 | 4c24 204c | 8904 2441 | 8bea 488d 

  0x00007effd0d9cd1c: ;   {runtime_call _complete_monitor_locking_Java}
  0x00007effd0d9cd1c: 5424 60e8 

  0x00007effd0d9cd20: ; ImmutableOopMap {[0]=Oop [8]=Oop [24]=Oop [48]=Oop }
                      ;*synchronization entry
                      ; - jdk.internal.ref.Cleaner::add@-1 (line 79)
                      ; - jdk.internal.ref.Cleaner::create@15 (line 133)
                      ; - java.nio.DirectByteBuffer::<init>@136 (line 138)
                      ; - java.nio.ByteBuffer::allocateDirect@5 (line 332)
                      ; - jpize.util.res.Resource::readByteBuffer@7 (line 45)
                      ; - dev.RenderTest::test@13 (line 25)
  0x00007effd0d9cd20: dcb1 a9ff | 448b d54c | 8b04 2448 | 8b4c 2420 | 4c8b 5c24 | 284c 8b4c | 2430 e99b | e7ff ff4d 
  0x00007effd0d9cd40: 8bf1 498b | e841 8bda 

  0x00007effd0d9cd48: ;   {oop(a 'java/lang/Class'{0x00000007ffd0d260} = 'jdk/internal/ref/Cleaner')}
  0x00007effd0d9cd48: 48bf 60d2 | d0ff 0700 | 0000 488d | 7424 6049 | 8bd7 49ba | 40f1 cde8 | ff7e 0000 | 41ff d244 
  0x00007effd0d9cd68: 8bd3 4c8b | c54d 8bce | e9ee e8ff | ffbe d6ff | ffff 48ff | 7424 0848 | 8f04 2444 | 8b5c 2418 
  0x00007effd0d9cd88: 4489 5c24 | 0848 894c | 2410 4c89 | 6c24 2044 | 8954 240c | 4489 4424 | 2844 894c 

  0x00007effd0d9cda4: ;   {runtime_call UncommonTrapBlob}
  0x00007effd0d9cda4: 242c 90e8 

  0x00007effd0d9cda8: ; ImmutableOopMap {rbp=NarrowOop [0]=Oop [12]=NarrowOop [32]=Oop [40]=NarrowOop }
                      ;*aastore {reexecute=1 rethrow=0 return_oop=0}
                      ; - (reexecute) java.util.HashMap::removeNode@246 (line 840)
                      ; - java.util.HashMap::remove@9 (line 797)
                      ; - generaloss.freetype.FTStructCache::unregister@23 (line 43)
                      ; - generaloss.freetype.FTStructCache::unregister@30 (line 63)
                      ; - generaloss.freetype.FTStruct::destroyPointer@1 (line 29)
                      ; - generaloss.freetype.FreeType::ftDoneFreeType@13 (line 110)
                      ; - generaloss.freetype.freetype.FTLibrary::done@1 (line 43)
                      ; - dev.RenderTest::test@64 (line 37)
  0x00007effd0d9cda8: 5408 9fff | be45 ffff | ff48 8b6c | 2408 4889 | 4c24 084c | 896c 2410 

  0x00007effd0d9cdc0: ;   {runtime_call UncommonTrapBlob}
  0x00007effd0d9cdc0: 6666 90e8 

  0x00007effd0d9cdc4: ; ImmutableOopMap {rbp=Oop [16]=Oop }
                      ;*ifeq {reexecute=1 rethrow=0 return_oop=0}
                      ; - (reexecute) generaloss.freetype.FTStructCache::unregister@35 (line 45)
                      ; - generaloss.freetype.FTStructCache::unregister@30 (line 63)
                      ; - generaloss.freetype.FTStruct::destroyPointer@1 (line 29)
                      ; - generaloss.freetype.FreeType::ftDoneFreeType@13 (line 110)
                      ; - generaloss.freetype.freetype.FTLibrary::done@1 (line 43)
                      ; - dev.RenderTest::test@64 (line 37)
  0x00007effd0d9cdc4: 3808 9fff | be45 ffff | ff48 8b6c | 2408 4c8b | 5c24 204c | 891c 2444 | 8b44 2418 | 4489 4424 
  0x00007effd0d9cde4: 084c 896c | 2410 4889 | 5424 2089 | 4c24 0c89 | 7c24 2c44 | 8954 2430 

  0x00007effd0d9cdfc: ;   {runtime_call UncommonTrapBlob}
  0x00007effd0d9cdfc: 6666 90e8 

  0x00007effd0d9ce00: ; ImmutableOopMap {rbp=Oop [0]=Oop [12]=NarrowOop [32]=Oop [48]=NarrowOop }
                      ;*ifeq {reexecute=1 rethrow=0 return_oop=0}
                      ; - (reexecute) java.util.HashMap::removeNode@211 (line 837)
                      ; - java.util.HashMap::remove@9 (line 797)
                      ; - generaloss.freetype.FTStructCache::unregister@23 (line 43)
                      ; - generaloss.freetype.FTStructCache::unregister@30 (line 63)
                      ; - generaloss.freetype.FTStruct::destroyPointer@1 (line 29)
                      ; - generaloss.freetype.FreeType::ftDoneFace@20 (line 190)
                      ; - generaloss.freetype.freetype.FTFace::done@1 (line 216)
                      ; - dev.RenderTest::test@60 (line 36)
  0x00007effd0d9ce00: fc07 9fff | bed6 ffff | ff4c 8b5c | 2408 4c89 | 1c24 4c8b | 5c24 204c | 895c 2408 | 448b 5c24 
  0x00007effd0d9ce20: 1844 895c | 2410 4c89 | 6c24 1848 | 8954 2428 | 4489 5424 | 1489 4c24 | 3089 7c24 

  0x00007effd0d9ce3c: ;   {runtime_call UncommonTrapBlob}
  0x00007effd0d9ce3c: 3466 90e8 

  0x00007effd0d9ce40: ; ImmutableOopMap {rbp=NarrowOop [0]=Oop [8]=Oop [20]=NarrowOop [40]=Oop [48]=NarrowOop }
                      ;*aastore {reexecute=1 rethrow=0 return_oop=0}
                      ; - (reexecute) java.util.HashMap::removeNode@246 (line 840)
                      ; - java.util.HashMap::remove@9 (line 797)
                      ; - generaloss.freetype.FTStructCache::unregister@23 (line 43)
                      ; - generaloss.freetype.FTStructCache::unregister@30 (line 63)
                      ; - generaloss.freetype.FTStruct::destroyPointer@1 (line 29)
                      ; - generaloss.freetype.FreeType::ftDoneFace@20 (line 190)
                      ; - generaloss.freetype.freetype.FTFace::done@1 (line 216)
                      ; - dev.RenderTest::test@60 (line 36)
  0x00007effd0d9ce40: bc07 9fff | be45 ffff | ff48 8b6c | 2408 448b | 5424 1844 | 8954 2408 | 4c89 6c24 

  0x00007effd0d9ce5c: ;   {runtime_call UncommonTrapBlob}
  0x00007effd0d9ce5c: 1066 90e8 

  0x00007effd0d9ce60: ; ImmutableOopMap {rbp=Oop [32]=Oop [48]=Oop }
                      ;*ifeq {reexecute=1 rethrow=0 return_oop=0}
                      ; - (reexecute) generaloss.freetype.FTStructCache::unregister@35 (line 45)
                      ; - generaloss.freetype.FTStructCache::unregister@30 (line 63)
                      ; - generaloss.freetype.FTStruct::destroyPointer@1 (line 29)
                      ; - generaloss.freetype.FreeType::ftDoneFace@20 (line 190)
                      ; - generaloss.freetype.freetype.FTFace::done@1 (line 216)
                      ; - dev.RenderTest::test@60 (line 36)
  0x00007effd0d9ce60: 9c07 9fff | 498b f749 | ba10 767a | e8ff 7e00 | 0041 ffd2 | e9e5 e1ff | ff4c 894c | 2420 4889 
  0x00007effd0d9ce80: 1424 4d8b | f34c 8be9 | 498b e841 | 8bda 498b | f749 ba10 | 767a e8ff | 7e00 0041 | ffd2 448b 
  0x00007effd0d9cea0: d34c 8bc5 | 498b cd4d | 8bde 488b | 1424 4c8b | 4c24 20e9 | 10e5 ffff | 4c89 4c24 | 2848 8954 
  0x00007effd0d9cec0: 2420 4c89 | 1c24 4c8b | f14d 8be8 | 418b da49 | 8bf7 49ba | 1076 7ae8 | ff7e 0000 | 41ff d244 
  0x00007effd0d9cee0: 8bd3 4d8b | c549 8bce | 4c8b 1c24 | 488b 5424 | 204c 8b4c | 2428 e920 | e5ff ff4c | 894c 2428 
  0x00007effd0d9cf00: 4889 5424 | 204c 891c | 244c 8bf1 | 498b d845 | 8bea 498b | f749 ba10 | 767a e8ff | 7e00 0041 
  0x00007effd0d9cf20: ffd2 458b | d54c 8bc3 | 498b ce4c | 8b1c 2448 | 8b54 2420 | 4c8b 4c24 | 28e9 e8e4 | ffff 4c89 
  0x00007effd0d9cf40: 4c24 2848 | 8954 2420 | 4c89 1c24 | 4c8b f14d | 8be8 418b | da49 8bf7 | 49ba 1076 | 7ae8 ff7e 
  0x00007effd0d9cf60: 0000 41ff | d244 8bd3 | 4d8b c549 | 8bce 4c8b | 1c24 488b | 5424 204c | 8b4c 2428 | e9b0 e4ff 
  0x00007effd0d9cf80: ff4c 894c | 2420 4c89 | 1c24 4c8b | f14d 8be8 | 418b da49 | 8bf7 49ba | 1076 7ae8 | ff7e 0000 
  0x00007effd0d9cfa0: 41ff d244 | 8bd3 4d8b | c549 8bce | 4c8b 1c24 | 4c8b 4c24 | 20e9 40e5 | ffff 4c89 | 0c24 4d8b 
  0x00007effd0d9cfc0: f041 8bda | 498b f749 | ba10 767a | e8ff 7e00 | 0041 ffd2 | 448b d34d | 8bc6 4c8b | 0c24 e95d 
  0x00007effd0d9cfe0: e5ff ff4d | 8bf1 498b | e841 8bda | 498b f749 | ba10 767a | e8ff 7e00 | 0041 ffd2 | 448b d34c 
  0x00007effd0d9d000: 8bc5 4d8b | cee9 73e5 | ffff 4d8b | f149 8bd8 | 418b ea49 | 8bf7 49ba | 1076 7ae8 | ff7e 0000 
  0x00007effd0d9d020: 41ff d244 | 8bd5 4c8b | c34d 8bce | e93d e6ff | ff49 8bd8 | 418b ea49 | 8bf7 49ba | 1076 7ae8 
  0x00007effd0d9d040: ff7e 0000 | 41ff d244 | 8bd5 4c8b | c3e9 d7f5 | ffff be45 | ffff ff48 | ff74 2408 | 488f 0424 
  0x00007effd0d9d060: 448b 4c24 | 1844 894c | 2408 4889 | 4c24 1048 | 897c 2418 | 4489 4424 | 0c44 8954 

  0x00007effd0d9d07c: ;   {runtime_call UncommonTrapBlob}
  0x00007effd0d9d07c: 2420 90e8 

  0x00007effd0d9d080: ; ImmutableOopMap {[0]=Oop [12]=NarrowOop [24]=Oop }
                      ;*ifle {reexecute=1 rethrow=0 return_oop=0}
                      ; - (reexecute) java.util.concurrent.ConcurrentHashMap::get@23 (line 937)
                      ; - generaloss.freetype.FTStructCache::unregister@7 (line 39)
                      ; - generaloss.freetype.FTStructCache::unregister@30 (line 63)
                      ; - generaloss.freetype.FTStruct::destroyPointer@1 (line 29)
                      ; - generaloss.freetype.FreeType::ftDoneFreeType@13 (line 110)
                      ; - generaloss.freetype.freetype.FTLibrary::done@1 (line 43)
                      ; - dev.RenderTest::test@64 (line 37)
  0x00007effd0d9d080: 7c05 9fff | be45 ffff | ff48 8b6c | 2408 448b | 5424 1844 | 8914 2448 | 894c 2408 | 4c89 6c24 
  0x00007effd0d9d0a0: 1844 895c | 2404 4489 | 4424 2044 | 894c 2428 

  0x00007effd0d9d0b0: ;   {runtime_call UncommonTrapBlob}
  0x00007effd0d9d0b0: 6666 90e8 

  0x00007effd0d9d0b4: ; ImmutableOopMap {rbp=Oop [24]=Oop [32]=NarrowOop }
                      ;*ifle {reexecute=1 rethrow=0 return_oop=0}
                      ; - (reexecute) java.util.HashMap::removeNode@16 (line 814)
                      ; - java.util.HashMap::remove@9 (line 797)
                      ; - generaloss.freetype.FTStructCache::unregister@23 (line 43)
                      ; - generaloss.freetype.FTStructCache::unregister@30 (line 63)
                      ; - generaloss.freetype.FTStruct::destroyPointer@1 (line 29)
                      ; - generaloss.freetype.FreeType::ftDoneFreeType@13 (line 110)
                      ; - generaloss.freetype.freetype.FTLibrary::done@1 (line 43)
                      ; - dev.RenderTest::test@64 (line 37)
  0x00007effd0d9d0b4: 4805 9fff | be45 ffff | ff48 ff74 | 2408 488f | 0424 8b5c | 2418 895c | 2408 4889 | 4c24 104c 
  0x00007effd0d9d0d4: 896c 2420 | 4489 4424 | 2844 8954 | 242c 4489 | 4c24 3044 | 895c 2434 

  0x00007effd0d9d0ec: ;   {runtime_call UncommonTrapBlob}
  0x00007effd0d9d0ec: 6666 90e8 

  0x00007effd0d9d0f0: ; ImmutableOopMap {[0]=Oop [32]=Oop [40]=NarrowOop [44]=NarrowOop }
                      ;*if_icmpne {reexecute=1 rethrow=0 return_oop=0}
                      ; - (reexecute) java.util.HashMap::removeNode@46 (line 817)
                      ; - java.util.HashMap::remove@9 (line 797)
                      ; - generaloss.freetype.FTStructCache::unregister@23 (line 43)
                      ; - generaloss.freetype.FTStructCache::unregister@30 (line 63)
                      ; - generaloss.freetype.FTStruct::destroyPointer@1 (line 29)
                      ; - generaloss.freetype.FreeType::ftDoneFreeType@13 (line 110)
                      ; - generaloss.freetype.freetype.FTLibrary::done@1 (line 43)
                      ; - dev.RenderTest::test@64 (line 37)
  0x00007effd0d9d0f0: 0c05 9fff | 4c89 6c24 | 2848 8954 | 2420 4489 | 3424 4c8b | f149 8bf7 | 49ba 1076 | 7ae8 ff7e 
  0x00007effd0d9d110: 0000 41ff | d249 8bce | 448b 3424 | 488b 5424 | 204c 8b6c | 2428 e9b8 | ecff ff45 | 33d2 493b 
  0x00007effd0d9d130: eabd ffff | ffff 7c08 | 400f 95c5 | 400f b6ed | be45 ffff 

  0x00007effd0d9d144: ;   {runtime_call UncommonTrapBlob}
  0x00007effd0d9d144: ff66 90e8 

  0x00007effd0d9d148: ; ImmutableOopMap {[0]=Oop }
                      ;*ifne {reexecute=1 rethrow=0 return_oop=0}
                      ; - (reexecute) generaloss.freetype.FTStruct::isDestroyed@6 (line 34)
                      ; - generaloss.freetype.FTStruct::checkPointer@1 (line 16)
                      ; - generaloss.freetype.FTStruct::<init>@10 (line 11)
                      ; - generaloss.freetype.freetype.FTLibrary::<init>@4 (line 22)
                      ; - dev.RenderTest::test@4 (line 24)
  0x00007effd0d9d148: b404 9fff | be45 ffff | ff4c 8b5c | 2408 4c89 | 1c24 4c89 | 5424 0848 | 894c 2418 | 4489 4424 
  0x00007effd0d9d168: 2044 894c 

  0x00007effd0d9d16c: ;   {runtime_call UncommonTrapBlob}
  0x00007effd0d9d16c: 2424 90e8 

  0x00007effd0d9d170: ; ImmutableOopMap {[0]=Oop [8]=Oop [24]=Oop }
                      ;*if_icmpne {reexecute=1 rethrow=0 return_oop=0}
                      ; - (reexecute) java.nio.Bits::pageSize@4 (line 73)
                      ; - java.nio.DirectByteBuffer::<init>@13 (line 119)
                      ; - java.nio.ByteBuffer::allocateDirect@5 (line 332)
                      ; - jpize.util.res.Resource::readByteBuffer@7 (line 45)
                      ; - dev.RenderTest::test@13 (line 25)
  0x00007effd0d9d170: 8c04 9fff | be45 ffff | ff4c 8b5c | 2408 4c89 | 1c24 4c89 | 5424 0848 | 894c 2418 | 4489 4424 
  0x00007effd0d9d190: 2044 894c | 2424 4889 

  0x00007effd0d9d198: ;   {runtime_call UncommonTrapBlob}
  0x00007effd0d9d198: 7c24 28e8 

  0x00007effd0d9d19c: ; ImmutableOopMap {[0]=Oop [8]=Oop [24]=Oop }
                      ;*ifeq {reexecute=1 rethrow=0 return_oop=0}
                      ; - (reexecute) java.nio.DirectByteBuffer::<init>@21 (line 120)
                      ; - java.nio.ByteBuffer::allocateDirect@5 (line 332)
                      ; - jpize.util.res.Resource::readByteBuffer@7 (line 45)
                      ; - dev.RenderTest::test@13 (line 25)
  0x00007effd0d9d19c: 6004 9fff | be45 ffff | ff4c 8b5c | 2408 4c89 | 1c24 4c89 | 5424 0848 | 894c 2418 | 4489 4424 
  0x00007effd0d9d1bc: 2044 894c | 2424 4889 | 5c24 3048 | 897c 2438 

  0x00007effd0d9d1cc: ;   {runtime_call UncommonTrapBlob}
  0x00007effd0d9d1cc: 6666 90e8 

  0x00007effd0d9d1d0: ; ImmutableOopMap {[0]=Oop [8]=Oop [24]=Oop }
                      ;*ifne {reexecute=1 rethrow=0 return_oop=0}
                      ; - (reexecute) java.nio.Bits::reserveMemory@3 (line 111)
                      ; - java.nio.DirectByteBuffer::<init>@40 (line 121)
                      ; - java.nio.ByteBuffer::allocateDirect@5 (line 332)
                      ; - jpize.util.res.Resource::readByteBuffer@7 (line 45)
                      ; - dev.RenderTest::test@13 (line 25)
  0x00007effd0d9d1d0: 2c04 9fff | be45 ffff | ff4c 8b5c | 2408 4c89 | 1c24 4c89 | 5424 0848 | 894c 2418 | 4489 4424 
  0x00007effd0d9d1f0: 2044 894c | 2424 4889 | 5c24 2848 | 8954 2430 

  0x00007effd0d9d200: ;   {runtime_call UncommonTrapBlob}
  0x00007effd0d9d200: 6666 90e8 

  0x00007effd0d9d204: ; ImmutableOopMap {[0]=Oop [8]=Oop [24]=Oop }
                      ;*ifge {reexecute=1 rethrow=0 return_oop=0}
                      ; - (reexecute) jdk.internal.misc.Unsafe::checkSize@23 (line 468)
                      ; - jdk.internal.misc.Unsafe::allocateMemoryChecks@2 (line 647)
                      ; - jdk.internal.misc.Unsafe::allocateMemory@8 (line 624)
                      ; - java.nio.DirectByteBuffer::<init>@51 (line 125)
                      ; - java.nio.ByteBuffer::allocateDirect@5 (line 332)
                      ; - jpize.util.res.Resource::readByteBuffer@7 (line 45)
                      ; - dev.RenderTest::test@13 (line 25)
  0x00007effd0d9d204: f803 9fff | be45 ffff | ff4c 8b5c | 2408 4c89 | 1c24 4c89 | 5424 0848 | 894c 2418 | 4489 4424 
  0x00007effd0d9d224: 2044 894c | 2424 4889 | 5c24 2848 | 8954 2430 

  0x00007effd0d9d234: ;   {runtime_call UncommonTrapBlob}
  0x00007effd0d9d234: 6666 90e8 

  0x00007effd0d9d238: ; ImmutableOopMap {[0]=Oop [8]=Oop [24]=Oop }
                      ;*ifne {reexecute=1 rethrow=0 return_oop=0}
                      ; - (reexecute) jdk.internal.misc.Unsafe::allocateMemory@14 (line 626)
                      ; - java.nio.DirectByteBuffer::<init>@51 (line 125)
                      ; - java.nio.ByteBuffer::allocateDirect@5 (line 332)
                      ; - jpize.util.res.Resource::readByteBuffer@7 (line 45)
                      ; - dev.RenderTest::test@13 (line 25)
  0x00007effd0d9d238: c403 9fff | 4533 d249 | 3bc2 bdff | ffff ff7c | 0840 0f95 | c540 0fb6 | edbe 45ff | ffff 4c8b 
  0x00007effd0d9d258: 5424 184c | 8954 2410 | 4c8b 5424 | 304c 8954 | 2428 4c8b | 5424 384c | 8954 2430 | 4889 4424 
  0x00007effd0d9d278: ;   {runtime_call UncommonTrapBlob}
  0x00007effd0d9d278: 3866 90e8 

  0x00007effd0d9d27c: ; ImmutableOopMap {[8]=Oop [16]=Oop [32]=Oop }
                      ;*ifne {reexecute=1 rethrow=0 return_oop=0}
                      ; - (reexecute) jdk.internal.misc.Unsafe::allocateMemory@28 (line 631)
                      ; - java.nio.DirectByteBuffer::<init>@51 (line 125)
                      ; - java.nio.ByteBuffer::allocateDirect@5 (line 332)
                      ; - jpize.util.res.Resource::readByteBuffer@7 (line 45)
                      ; - dev.RenderTest::test@13 (line 25)
  0x00007effd0d9d27c: 8003 9fff | be45 ffff | ff48 8b5c | 2408 4889 | 1c24 488b | 5c24 1848 | 895c 2408 | 4c89 4424 
  0x00007effd0d9d29c: 1844 8954 | 2420 4889 | 4c24 284c | 8944 2430 | 4c89 5c24 | 384c 894c 

  0x00007effd0d9d2b4: ;   {runtime_call UncommonTrapBlob}
  0x00007effd0d9d2b4: 2440 90e8 

  0x00007effd0d9d2b8: ; ImmutableOopMap {rbp=NarrowOop [0]=Oop [8]=Oop [24]=Oop [48]=Oop [64]=Oop }
                      ;*ifnull {reexecute=1 rethrow=0 return_oop=0}
                      ; - (reexecute) jdk.internal.ref.Cleaner::add@3 (line 79)
                      ; - jdk.internal.ref.Cleaner::create@15 (line 133)
                      ; - java.nio.DirectByteBuffer::<init>@136 (line 138)
                      ; - java.nio.ByteBuffer::allocateDirect@5 (line 332)
                      ; - jpize.util.res.Resource::readByteBuffer@7 (line 45)
                      ; - dev.RenderTest::test@13 (line 25)
  0x00007effd0d9d2b8: 4403 9fff | 4533 d249 | 3bca bdff | ffff ff7c | 0840 0f95 | c540 0fb6 | edbe 45ff 

  0x00007effd0d9d2d4: ;   {runtime_call UncommonTrapBlob}
  0x00007effd0d9d2d4: ffff 90e8 

  0x00007effd0d9d2d8: ; ImmutableOopMap {[8]=Oop }
                      ;*ifne {reexecute=1 rethrow=0 return_oop=0}
                      ; - (reexecute) generaloss.freetype.FTStruct::isDestroyed@6 (line 34)
                      ; - generaloss.freetype.FTStructCache::unregister@6 (line 61)
                      ; - generaloss.freetype.FTStruct::destroyPointer@1 (line 29)
                      ; - generaloss.freetype.FreeType::ftDoneFreeType@13 (line 110)
                      ; - generaloss.freetype.freetype.FTLibrary::done@1 (line 43)
                      ; - dev.RenderTest::test@64 (line 37)
  0x00007effd0d9d2d8: 2403 9fff | be45 ffff | ff48 ff74 | 2408 488f | 0424 8b7c | 2418 897c | 2408 4889 | 4c24 104c 
  0x00007effd0d9d2f8: 896c 2420 | 4489 5c24 | 0c44 8944 | 2428 4489 | 5424 2c44 | 894c 2430 

  0x00007effd0d9d310: ;   {runtime_call UncommonTrapBlob}
  0x00007effd0d9d310: 6666 90e8 

  0x00007effd0d9d314: ; ImmutableOopMap {rbp=NarrowOop [0]=Oop [32]=Oop [40]=NarrowOop [44]=NarrowOop }
                      ;*if_acmpeq {reexecute=1 rethrow=0 return_oop=0}
                      ; - (reexecute) java.util.HashMap::removeNode@58 (line 817)
                      ; - java.util.HashMap::remove@9 (line 797)
                      ; - generaloss.freetype.FTStructCache::unregister@23 (line 43)
                      ; - generaloss.freetype.FTStructCache::unregister@30 (line 63)
                      ; - generaloss.freetype.FTStruct::destroyPointer@1 (line 29)
                      ; - generaloss.freetype.FreeType::ftDoneFreeType@13 (line 110)
                      ; - generaloss.freetype.freetype.FTLibrary::done@1 (line 43)
                      ; - dev.RenderTest::test@64 (line 37)
  0x00007effd0d9d314: e802 9fff | be45 ffff | ff48 8b6c | 2408 4889 

  0x00007effd0d9d324: ;   {runtime_call UncommonTrapBlob}
  0x00007effd0d9d324: 4424 08e8 

  0x00007effd0d9d328: ; ImmutableOopMap {rbp=Oop [8]=Oop }
                      ;*ifnull {reexecute=1 rethrow=0 return_oop=0}
                      ; - (reexecute) java.util.concurrent.ConcurrentHashMap::remove@23 (line 1552)
                      ; - generaloss.freetype.FTStructCache::unregister@46 (line 46)
                      ; - generaloss.freetype.FTStructCache::unregister@30 (line 63)
                      ; - generaloss.freetype.FTStruct::destroyPointer@1 (line 29)
                      ; - generaloss.freetype.FreeType::ftDoneFreeType@13 (line 110)
                      ; - generaloss.freetype.freetype.FTLibrary::done@1 (line 43)
                      ; - dev.RenderTest::test@64 (line 37)
  0x00007effd0d9d328: d402 9fff | be45 ffff | ff4c 8b4c | 2408 4c89 | 0c24 4c89 | 4424 0844 | 8b44 2418 | 4489 4424 
  0x00007effd0d9d348: 104c 895c | 2418 4c89 | 7424 2089 | 4c24 1444 | 8954 2428 

  0x00007effd0d9d35c: ;   {runtime_call UncommonTrapBlob}
  0x00007effd0d9d35c: 6666 90e8 

  0x00007effd0d9d360: ; ImmutableOopMap {[0]=Oop [8]=Oop [20]=NarrowOop [32]=Oop }
                      ;*ifle {reexecute=1 rethrow=0 return_oop=0}
                      ; - (reexecute) java.util.concurrent.ConcurrentHashMap::get@23 (line 937)
                      ; - generaloss.freetype.FTStructCache::unregister@7 (line 39)
                      ; - generaloss.freetype.FTStructCache::unregister@30 (line 63)
                      ; - generaloss.freetype.FTStruct::destroyPointer@1 (line 29)
                      ; - generaloss.freetype.FreeType::ftDoneFace@20 (line 190)
                      ; - generaloss.freetype.freetype.FTFace::done@1 (line 216)
                      ; - dev.RenderTest::test@60 (line 36)
  0x00007effd0d9d360: 9c02 9fff | be45 ffff | ff48 8b6c | 2408 4c89 | 0424 448b | 4c24 1844 | 894c 2408 | 4c89 5c24 
  0x00007effd0d9d380: 1048 8954 | 2420 4489 | 5424 0c89 | 4c24 2889 

  0x00007effd0d9d390: ;   {runtime_call UncommonTrapBlob}
  0x00007effd0d9d390: 7c24 30e8 

  0x00007effd0d9d394: ; ImmutableOopMap {rbp=Oop [0]=Oop [32]=Oop [40]=NarrowOop }
                      ;*ifle {reexecute=1 rethrow=0 return_oop=0}
                      ; - (reexecute) java.util.HashMap::removeNode@16 (line 814)
                      ; - java.util.HashMap::remove@9 (line 797)
                      ; - generaloss.freetype.FTStructCache::unregister@23 (line 43)
                      ; - generaloss.freetype.FTStructCache::unregister@30 (line 63)
                      ; - generaloss.freetype.FTStruct::destroyPointer@1 (line 29)
                      ; - generaloss.freetype.FreeType::ftDoneFace@20 (line 190)
                      ; - generaloss.freetype.freetype.FTFace::done@1 (line 216)
                      ; - dev.RenderTest::test@60 (line 36)
  0x00007effd0d9d394: 6802 9fff | be45 ffff | ff4c 8b5c | 2408 4c89 | 1c24 4c89 | 4424 0844 | 8b44 2418 | 4489 4424 
  0x00007effd0d9d3b4: 104c 896c | 2418 4889 | 5424 2889 | 4c24 3044 | 8954 2434 | 897c 2438 | 4489 4c24 

  0x00007effd0d9d3d0: ;   {runtime_call UncommonTrapBlob}
  0x00007effd0d9d3d0: 3c66 90e8 

  0x00007effd0d9d3d4: ; ImmutableOopMap {[0]=Oop [8]=Oop [40]=Oop [48]=NarrowOop [52]=NarrowOop }
                      ;*if_icmpne {reexecute=1 rethrow=0 return_oop=0}
                      ; - (reexecute) java.util.HashMap::removeNode@46 (line 817)
                      ; - java.util.HashMap::remove@9 (line 797)
                      ; - generaloss.freetype.FTStructCache::unregister@23 (line 43)
                      ; - generaloss.freetype.FTStructCache::unregister@30 (line 63)
                      ; - generaloss.freetype.FTStruct::destroyPointer@1 (line 29)
                      ; - generaloss.freetype.FreeType::ftDoneFace@20 (line 190)
                      ; - generaloss.freetype.freetype.FTFace::done@1 (line 216)
                      ; - dev.RenderTest::test@60 (line 36)
  0x00007effd0d9d3d4: 2802 9fff | 498b f749 | ba10 767a | e8ff 7e00 | 0041 ffd2 | e9a6 e6ff | ff45 33d2 | 4d3b dabd 
  0x00007effd0d9d3f4: ffff ffff | 7c08 400f | 95c5 400f | b6ed be45 | ffff ff4c | 8b54 2408 | 4c89 1424 | 4c89 4424 
  0x00007effd0d9d414: ;   {runtime_call UncommonTrapBlob}
  0x00007effd0d9d414: 1066 90e8 

  0x00007effd0d9d418: ; ImmutableOopMap {[0]=Oop [16]=Oop }
                      ;*ifne {reexecute=1 rethrow=0 return_oop=0}
                      ; - (reexecute) generaloss.freetype.FTStruct::isDestroyed@6 (line 34)
                      ; - generaloss.freetype.FTStructCache::unregister@6 (line 61)
                      ; - generaloss.freetype.FTStruct::destroyPointer@1 (line 29)
                      ; - generaloss.freetype.FreeType::ftDoneFace@20 (line 190)
                      ; - generaloss.freetype.freetype.FTFace::done@1 (line 216)
                      ; - dev.RenderTest::test@60 (line 36)
  0x00007effd0d9d418: e401 9fff | be45 ffff | ff4c 8b5c | 2408 4c89 | 1c24 4c89 | 4424 0844 | 8b5c 2418 | 4489 5c24 
  0x00007effd0d9d438: 104c 896c | 2418 4889 | 5424 2844 | 894c 2414 | 894c 2430 | 4489 5424 | 3489 7c24 

  0x00007effd0d9d454: ;   {runtime_call UncommonTrapBlob}
  0x00007effd0d9d454: 3866 90e8 

  0x00007effd0d9d458: ; ImmutableOopMap {rbp=NarrowOop [0]=Oop [8]=Oop [40]=Oop [48]=NarrowOop [52]=NarrowOop }
                      ;*if_acmpeq {reexecute=1 rethrow=0 return_oop=0}
                      ; - (reexecute) java.util.HashMap::removeNode@58 (line 817)
                      ; - java.util.HashMap::remove@9 (line 797)
                      ; - generaloss.freetype.FTStructCache::unregister@23 (line 43)
                      ; - generaloss.freetype.FTStructCache::unregister@30 (line 63)
                      ; - generaloss.freetype.FTStruct::destroyPointer@1 (line 29)
                      ; - generaloss.freetype.FreeType::ftDoneFace@20 (line 190)
                      ; - generaloss.freetype.freetype.FTFace::done@1 (line 216)
                      ; - dev.RenderTest::test@60 (line 36)
  0x00007effd0d9d458: a401 9fff | be45 ffff | ff48 8b6c | 2408 4889 

  0x00007effd0d9d468: ;   {runtime_call UncommonTrapBlob}
  0x00007effd0d9d468: 4424 10e8 

  0x00007effd0d9d46c: ; ImmutableOopMap {rbp=Oop [16]=Oop [32]=Oop }
                      ;*ifnull {reexecute=1 rethrow=0 return_oop=0}
                      ; - (reexecute) java.util.concurrent.ConcurrentHashMap::remove@23 (line 1552)
                      ; - generaloss.freetype.FTStructCache::unregister@46 (line 46)
                      ; - generaloss.freetype.FTStructCache::unregister@30 (line 63)
                      ; - generaloss.freetype.FTStruct::destroyPointer@1 (line 29)
                      ; - generaloss.freetype.FreeType::ftDoneFace@20 (line 190)
                      ; - generaloss.freetype.freetype.FTFace::done@1 (line 216)
                      ; - dev.RenderTest::test@60 (line 36)
  0x00007effd0d9d46c: 9001 9fff | 493b c9bd | ffff ffff | 7c08 400f | 95c5 400f | b6ed be45 | ffff ff48 | ff74 2408 
  0x00007effd0d9d48c: 488f 0424 | 8b5c 2418 | 895c 2408 | 4889 4c24 | 1048 897c | 2418 4c89 | 5c24 2044 | 8954 240c 
  0x00007effd0d9d4ac: ;   {runtime_call UncommonTrapBlob}
  0x00007effd0d9d4ac: 6666 90e8 

  0x00007effd0d9d4b0: ; ImmutableOopMap {[0]=Oop [24]=Oop [32]=Oop }
                      ;*ifne {reexecute=1 rethrow=0 return_oop=0}
                      ; - (reexecute) java.lang.Long::equals@19 (line 1460)
                      ; - java.util.concurrent.ConcurrentHashMap::get@149 (line 947)
                      ; - generaloss.freetype.FTStructCache::unregister@7 (line 39)
                      ; - generaloss.freetype.FTStructCache::unregister@30 (line 63)
                      ; - generaloss.freetype.FTStruct::destroyPointer@1 (line 29)
                      ; - generaloss.freetype.FreeType::ftDoneFreeType@13 (line 110)
                      ; - generaloss.freetype.freetype.FTLibrary::done@1 (line 43)
                      ; - dev.RenderTest::test@64 (line 37)
  0x00007effd0d9d4b0: 4c01 9fff | 4c3b dfbd | ffff ffff | 7c08 400f | 95c5 400f | b6ed be45 | ffff ff4c | 8b4c 2408 
  0x00007effd0d9d4d0: 4c89 0c24 | 4c89 4424 | 0844 8b4c | 2418 4489 | 4c24 104c | 895c 2418 | 4c89 7424 | 2048 8954 
  0x00007effd0d9d4f0: 2428 4489 

  0x00007effd0d9d4f4: ;   {runtime_call UncommonTrapBlob}
  0x00007effd0d9d4f4: 5424 14e8 

  0x00007effd0d9d4f8: ; ImmutableOopMap {[0]=Oop [8]=Oop [32]=Oop [40]=Oop }
                      ;*ifne {reexecute=1 rethrow=0 return_oop=0}
                      ; - (reexecute) java.lang.Long::equals@19 (line 1460)
                      ; - java.util.concurrent.ConcurrentHashMap::get@149 (line 947)
                      ; - generaloss.freetype.FTStructCache::unregister@7 (line 39)
                      ; - generaloss.freetype.FTStructCache::unregister@30 (line 63)
                      ; - generaloss.freetype.FTStruct::destroyPointer@1 (line 29)
                      ; - generaloss.freetype.FreeType::ftDoneFace@20 (line 190)
                      ; - generaloss.freetype.freetype.FTFace::done@1 (line 216)
                      ; - dev.RenderTest::test@60 (line 36)
  0x00007effd0d9d4f8: 0401 9fff | 493b c9bd | ffff ffff | 7c08 400f | 95c5 400f | b6ed be45 | ffff ff48 | ff74 2408 
  0x00007effd0d9d518: 488f 0424 | 448b 4c24 | 1844 894c | 2408 4889 | 4c24 1048 | 897c 2418 | 4489 4424 | 0c44 8954 
  0x00007effd0d9d538: ;   {runtime_call UncommonTrapBlob}
  0x00007effd0d9d538: 2420 90e8 

  0x00007effd0d9d53c: ; ImmutableOopMap {[0]=Oop [12]=NarrowOop [24]=Oop }
                      ;*ifne {reexecute=1 rethrow=0 return_oop=0}
                      ; - (reexecute) java.lang.Long::equals@19 (line 1460)
                      ; - java.util.concurrent.ConcurrentHashMap::get@73 (line 940)
                      ; - generaloss.freetype.FTStructCache::unregister@7 (line 39)
                      ; - generaloss.freetype.FTStructCache::unregister@30 (line 63)
                      ; - generaloss.freetype.FTStruct::destroyPointer@1 (line 29)
                      ; - generaloss.freetype.FreeType::ftDoneFreeType@13 (line 110)
                      ; - generaloss.freetype.freetype.FTLibrary::done@1 (line 43)
                      ; - dev.RenderTest::test@64 (line 37)
  0x00007effd0d9d53c: c000 9fff | 4c3b dfbd | ffff ffff | 7c08 400f | 95c5 400f | b6ed be45 | ffff ff48 | 8b5c 2408 
  0x00007effd0d9d55c: 4889 1c24 | 4c89 4424 | 0844 8b44 | 2418 4489 | 4424 104c | 895c 2418 | 4c89 7424 | 2044 894c 
  0x00007effd0d9d57c: 2414 4489 

  0x00007effd0d9d580: ;   {runtime_call UncommonTrapBlob}
  0x00007effd0d9d580: 5424 28e8 

  0x00007effd0d9d584: ; ImmutableOopMap {[0]=Oop [8]=Oop [20]=NarrowOop [32]=Oop }
                      ;*ifne {reexecute=1 rethrow=0 return_oop=0}
                      ; - (reexecute) java.lang.Long::equals@19 (line 1460)
                      ; - java.util.concurrent.ConcurrentHashMap::get@73 (line 940)
                      ; - generaloss.freetype.FTStructCache::unregister@7 (line 39)
                      ; - generaloss.freetype.FTStructCache::unregister@30 (line 63)
                      ; - generaloss.freetype.FTStruct::destroyPointer@1 (line 29)
                      ; - generaloss.freetype.FreeType::ftDoneFace@20 (line 190)
                      ; - generaloss.freetype.freetype.FTFace::done@1 (line 216)
                      ; - dev.RenderTest::test@60 (line 36)
  0x00007effd0d9d584: 7800 9fff | bede ffff | ff48 8b6c | 2408 448b | 4c24 1844 | 890c 2448 | 894c 2408 | 4489 4424 
  0x00007effd0d9d5a4: 0444 8954 | 2410 4889 

  0x00007effd0d9d5ac: ;   {runtime_call UncommonTrapBlob}
  0x00007effd0d9d5ac: 7c24 18e8 

  0x00007effd0d9d5b0: ; ImmutableOopMap {rbp=Oop [4]=NarrowOop [24]=Oop }
                      ;*invokevirtual find {reexecute=0 rethrow=0 return_oop=0}
                      ; - java.util.concurrent.ConcurrentHashMap::get@93 (line 944)
                      ; - generaloss.freetype.FTStructCache::unregister@7 (line 39)
                      ; - generaloss.freetype.FTStructCache::unregister@30 (line 63)
                      ; - generaloss.freetype.FTStruct::destroyPointer@1 (line 29)
                      ; - generaloss.freetype.FreeType::ftDoneFreeType@13 (line 110)
                      ; - generaloss.freetype.freetype.FTLibrary::done@1 (line 43)
                      ; - dev.RenderTest::test@64 (line 37)
  0x00007effd0d9d5b0: 4c00 9fff | bede ffff | ff48 8b6c | 2408 4c89 | 0424 8b4c | 2418 894c | 2408 4c89 | 5c24 1044 
  0x00007effd0d9d5d0: 894c 240c | 4489 5424 | 184c 8974 

  0x00007effd0d9d5dc: ;   {runtime_call UncommonTrapBlob}
  0x00007effd0d9d5dc: 2420 90e8 

  0x00007effd0d9d5e0: ; ImmutableOopMap {rbp=Oop [0]=Oop [12]=NarrowOop [32]=Oop }
                      ;*invokevirtual find {reexecute=0 rethrow=0 return_oop=0}
                      ; - java.util.concurrent.ConcurrentHashMap::get@93 (line 944)
                      ; - generaloss.freetype.FTStructCache::unregister@7 (line 39)
                      ; - generaloss.freetype.FTStructCache::unregister@30 (line 63)
                      ; - generaloss.freetype.FTStruct::destroyPointer@1 (line 29)
                      ; - generaloss.freetype.FreeType::ftDoneFace@20 (line 190)
                      ; - generaloss.freetype.freetype.FTFace::done@1 (line 216)
                      ; - dev.RenderTest::test@60 (line 36)
  0x00007effd0d9d5e0: 1c00 9fff | bee4 ffff 

  0x00007effd0d9d5e8: ;   {runtime_call UncommonTrapBlob}
  0x00007effd0d9d5e8: ff66 90e8 

  0x00007effd0d9d5ec: ; ImmutableOopMap {[0]=Oop }
                      ;*aaload {reexecute=0 rethrow=0 return_oop=0}
                      ; - java.lang.Long::valueOf@29 (line 1209)
                      ; - generaloss.freetype.FTStructCache::register@29 (line 18)
                      ; - generaloss.freetype.FTStruct::<init>@14 (line 12)
                      ; - generaloss.freetype.freetype.FTLibrary::<init>@4 (line 22)
                      ; - dev.RenderTest::test@4 (line 24)
  0x00007effd0d9d5ec: 1000 9fff | bee4 ffff | ff48 8b6c | 2408 4889 | 4c24 0844 | 8974 2404 

  0x00007effd0d9d604: ;   {runtime_call UncommonTrapBlob}
  0x00007effd0d9d604: 6666 90e8 

  0x00007effd0d9d608: ; ImmutableOopMap {rbp=Oop }
                      ;*aaload {reexecute=0 rethrow=0 return_oop=0}
                      ; - java.lang.Long::valueOf@29 (line 1209)
                      ; - generaloss.freetype.FTStructCache::unregister@4 (line 39)
                      ; - generaloss.freetype.FTStructCache::unregister@30 (line 63)
                      ; - generaloss.freetype.FTStruct::destroyPointer@1 (line 29)
                      ; - generaloss.freetype.FreeType::ftDoneFreeType@13 (line 110)
                      ; - generaloss.freetype.freetype.FTLibrary::done@1 (line 43)
                      ; - dev.RenderTest::test@64 (line 37)
  0x00007effd0d9d608: f4ff 9eff | bee4 ffff | ff48 8b6c | 2408 4c89 | 6c24 0844 | 8974 2404 

  0x00007effd0d9d620: ;   {runtime_call UncommonTrapBlob}
  0x00007effd0d9d620: 6666 90e8 

  0x00007effd0d9d624: ; ImmutableOopMap {rbp=Oop [8]=Oop }
                      ;*aaload {reexecute=0 rethrow=0 return_oop=0}
                      ; - java.lang.Long::valueOf@29 (line 1209)
                      ; - generaloss.freetype.FTStructCache::unregister@42 (line 46)
                      ; - generaloss.freetype.FTStructCache::unregister@30 (line 63)
                      ; - generaloss.freetype.FTStruct::destroyPointer@1 (line 29)
                      ; - generaloss.freetype.FreeType::ftDoneFreeType@13 (line 110)
                      ; - generaloss.freetype.freetype.FTLibrary::done@1 (line 43)
                      ; - dev.RenderTest::test@64 (line 37)
  0x00007effd0d9d624: d8ff 9eff | bee4 ffff | ff48 8b6c | 2408 4c89 | 5c24 1089 

  0x00007effd0d9d638: ;   {runtime_call UncommonTrapBlob}
  0x00007effd0d9d638: 5c24 0ce8 

  0x00007effd0d9d63c: ; ImmutableOopMap {rbp=Oop [0]=Oop }
                      ;*aaload {reexecute=0 rethrow=0 return_oop=0}
                      ; - java.lang.Long::valueOf@29 (line 1209)
                      ; - generaloss.freetype.FTStructCache::unregister@4 (line 39)
                      ; - generaloss.freetype.FTStructCache::unregister@30 (line 63)
                      ; - generaloss.freetype.FTStruct::destroyPointer@1 (line 29)
                      ; - generaloss.freetype.FreeType::ftDoneFace@20 (line 190)
                      ; - generaloss.freetype.freetype.FTFace::done@1 (line 216)
                      ; - dev.RenderTest::test@60 (line 36)
  0x00007effd0d9d63c: c0ff 9eff | bee4 ffff | ff48 8b6c | 2408 4489 

  0x00007effd0d9d64c: ;   {runtime_call UncommonTrapBlob}
  0x00007effd0d9d64c: 5424 0ce8 

  0x00007effd0d9d650: ; ImmutableOopMap {rbp=Oop [32]=Oop [48]=Oop }
                      ;*aaload {reexecute=0 rethrow=0 return_oop=0}
                      ; - java.lang.Long::valueOf@29 (line 1209)
                      ; - generaloss.freetype.FTStructCache::unregister@42 (line 46)
                      ; - generaloss.freetype.FTStructCache::unregister@30 (line 63)
                      ; - generaloss.freetype.FTStruct::destroyPointer@1 (line 29)
                      ; - generaloss.freetype.FreeType::ftDoneFace@20 (line 190)
                      ; - generaloss.freetype.freetype.FTFace::done@1 (line 216)
                      ; - dev.RenderTest::test@60 (line 36)
  0x00007effd0d9d650: acff 9eff | bede ffff | ff48 ff74 | 2408 488f | 0424 4889 

  0x00007effd0d9d664: ;   {runtime_call UncommonTrapBlob}
  0x00007effd0d9d664: 4c24 10e8 

  0x00007effd0d9d668: ; ImmutableOopMap {rbp=NarrowOop [0]=Oop }
                      ;*checkcast {reexecute=0 rethrow=0 return_oop=0}
                      ; - generaloss.freetype.FTStructCache::unregister@12 (line 39)
                      ; - generaloss.freetype.FTStructCache::unregister@30 (line 63)
                      ; - generaloss.freetype.FTStruct::destroyPointer@1 (line 29)
                      ; - generaloss.freetype.FreeType::ftDoneFreeType@13 (line 110)
                      ; - generaloss.freetype.freetype.FTLibrary::done@1 (line 43)
                      ; - dev.RenderTest::test@64 (line 37)
  0x00007effd0d9d668: 94ff 9eff | bede ffff | ff4c 8b54 | 2408 4c89 | 1424 4c89 | 4424 0844 | 8b44 2418 | 4489 4424 
  0x00007effd0d9d688: 104c 895c 

  0x00007effd0d9d68c: ;   {runtime_call UncommonTrapBlob}
  0x00007effd0d9d68c: 2418 90e8 

  0x00007effd0d9d690: ; ImmutableOopMap {rbp=NarrowOop [0]=Oop [8]=Oop }
                      ;*checkcast {reexecute=0 rethrow=0 return_oop=0}
                      ; - generaloss.freetype.FTStructCache::unregister@12 (line 39)
                      ; - generaloss.freetype.FTStructCache::unregister@30 (line 63)
                      ; - generaloss.freetype.FTStruct::destroyPointer@1 (line 29)
                      ; - generaloss.freetype.FreeType::ftDoneFace@20 (line 190)
                      ; - generaloss.freetype.freetype.FTFace::done@1 (line 216)
                      ; - dev.RenderTest::test@60 (line 36)
  0x00007effd0d9d690: 6cff 9eff | bede ffff | ff4c 8b4c | 2408 4c89 | 0c24 4c89 | 4424 0844 | 8b44 2418 | 4489 4424 
  0x00007effd0d9d6b0: 104c 895c | 2418 4889 | 5424 2844 | 8954 2414 | 4c89 7424 

  0x00007effd0d9d6c4: ;   {runtime_call UncommonTrapBlob}
  0x00007effd0d9d6c4: 3066 90e8 

  0x00007effd0d9d6c8: ; ImmutableOopMap {rbp=NarrowOop [0]=Oop [8]=Oop [40]=Oop [48]=Oop }
                      ;*instanceof {reexecute=0 rethrow=0 return_oop=0}
                      ; - java.lang.Long::equals@1 (line 1459)
                      ; - java.util.concurrent.ConcurrentHashMap::get@149 (line 947)
                      ; - generaloss.freetype.FTStructCache::unregister@7 (line 39)
                      ; - generaloss.freetype.FTStructCache::unregister@30 (line 63)
                      ; - generaloss.freetype.FTStruct::destroyPointer@1 (line 29)
                      ; - generaloss.freetype.FreeType::ftDoneFace@20 (line 190)
                      ; - generaloss.freetype.freetype.FTFace::done@1 (line 216)
                      ; - dev.RenderTest::test@60 (line 36)
  0x00007effd0d9d6c8: 34ff 9eff | bede ffff | ff48 8b5c | 2408 4889 | 1c24 4c89 | 4424 088b | 5c24 1889 | 5c24 104c 
  0x00007effd0d9d6e8: 895c 2418 | 4489 4c24 | 1444 8954 | 2428 4c89 

  0x00007effd0d9d6f8: ;   {runtime_call UncommonTrapBlob}
  0x00007effd0d9d6f8: 7424 30e8 

  0x00007effd0d9d6fc: ; ImmutableOopMap {rbp=NarrowOop [0]=Oop [8]=Oop [20]=NarrowOop [48]=Oop }
                      ;*instanceof {reexecute=0 rethrow=0 return_oop=0}
                      ; - java.lang.Long::equals@1 (line 1459)
                      ; - java.util.concurrent.ConcurrentHashMap::get@73 (line 940)
                      ; - generaloss.freetype.FTStructCache::unregister@7 (line 39)
                      ; - generaloss.freetype.FTStructCache::unregister@30 (line 63)
                      ; - generaloss.freetype.FTStruct::destroyPointer@1 (line 29)
                      ; - generaloss.freetype.FreeType::ftDoneFace@20 (line 190)
                      ; - generaloss.freetype.freetype.FTFace::done@1 (line 216)
                      ; - dev.RenderTest::test@60 (line 36)
  0x00007effd0d9d6fc: 00ff 9eff | bede ffff | ff48 ff74 | 2408 488f | 0424 448b | 4c24 1844 | 894c 2408 | 4889 4c24 
  0x00007effd0d9d71c: 104c 895c | 2420 4489 | 5424 0c48 | 897c 2428 

  0x00007effd0d9d72c: ;   {runtime_call UncommonTrapBlob}
  0x00007effd0d9d72c: 6666 90e8 

  0x00007effd0d9d730: ; ImmutableOopMap {rbp=NarrowOop [0]=Oop [32]=Oop [40]=Oop }
                      ;*instanceof {reexecute=0 rethrow=0 return_oop=0}
                      ; - java.lang.Long::equals@1 (line 1459)
                      ; - java.util.concurrent.ConcurrentHashMap::get@149 (line 947)
                      ; - generaloss.freetype.FTStructCache::unregister@7 (line 39)
                      ; - generaloss.freetype.FTStructCache::unregister@30 (line 63)
                      ; - generaloss.freetype.FTStruct::destroyPointer@1 (line 29)
                      ; - generaloss.freetype.FreeType::ftDoneFreeType@13 (line 110)
                      ; - generaloss.freetype.freetype.FTLibrary::done@1 (line 43)
                      ; - dev.RenderTest::test@64 (line 37)
  0x00007effd0d9d730: ccfe 9eff | bede ffff | ff48 ff74 | 2408 488f | 0424 8b5c | 2418 895c | 2408 4889 | 4c24 1044 
  0x00007effd0d9d750: 8944 240c | 4489 5424 | 2048 897c 

  0x00007effd0d9d75c: ;   {runtime_call UncommonTrapBlob}
  0x00007effd0d9d75c: 2428 90e8 

  0x00007effd0d9d760: ; ImmutableOopMap {rbp=NarrowOop [0]=Oop [12]=NarrowOop [40]=Oop }
                      ;*instanceof {reexecute=0 rethrow=0 return_oop=0}
                      ; - java.lang.Long::equals@1 (line 1459)
                      ; - java.util.concurrent.ConcurrentHashMap::get@73 (line 940)
                      ; - generaloss.freetype.FTStructCache::unregister@7 (line 39)
                      ; - generaloss.freetype.FTStructCache::unregister@30 (line 63)
                      ; - generaloss.freetype.FTStruct::destroyPointer@1 (line 29)
                      ; - generaloss.freetype.FreeType::ftDoneFreeType@13 (line 110)
                      ; - generaloss.freetype.freetype.FTLibrary::done@1 (line 43)
                      ; - dev.RenderTest::test@64 (line 37)
  0x00007effd0d9d760: 9cfe 9eff | bef6 ffff 

  0x00007effd0d9d768: ;   {runtime_call UncommonTrapBlob}
  0x00007effd0d9d768: ff66 90e8 

  0x00007effd0d9d76c: ; ImmutableOopMap {}
                      ;*arraylength {reexecute=0 rethrow=0 return_oop=0}
                      ; - jpize.util.res.Resource::readByteBuffer@6 (line 45)
                      ; - dev.RenderTest::test@13 (line 25)
  0x00007effd0d9d76c: 90fe 9eff | bef6 ffff 

  0x00007effd0d9d774: ;   {runtime_call UncommonTrapBlob}
  0x00007effd0d9d774: ff66 90e8 

  0x00007effd0d9d778: ; ImmutableOopMap {}
                      ;*invokevirtual setPixelSizes {reexecute=0 rethrow=0 return_oop=0}
                      ; - dev.RenderTest::test@29 (line 28)
  0x00007effd0d9d778: 84fe 9eff | be45 ffff | ff48 8b6c | 2408 448b | 4c24 1844 | 890c 2448 | 894c 2408 | 4c89 6c24 
  0x00007effd0d9d798: 1844 895c | 2404 4489 

  0x00007effd0d9d7a0: ;   {runtime_call UncommonTrapBlob}
  0x00007effd0d9d7a0: 4424 24e8 

  0x00007effd0d9d7a4: ; ImmutableOopMap {rbp=Oop [24]=Oop [36]=NarrowOop }
                      ;*ifnull {reexecute=1 rethrow=0 return_oop=0}
                      ; - (reexecute) java.util.HashMap::removeNode@7 (line 814)
                      ; - java.util.HashMap::remove@9 (line 797)
                      ; - generaloss.freetype.FTStructCache::unregister@23 (line 43)
                      ; - generaloss.freetype.FTStructCache::unregister@30 (line 63)
                      ; - generaloss.freetype.FTStruct::destroyPointer@1 (line 29)
                      ; - generaloss.freetype.FreeType::ftDoneFreeType@13 (line 110)
                      ; - generaloss.freetype.freetype.FTLibrary::done@1 (line 43)
                      ; - dev.RenderTest::test@64 (line 37)
  0x00007effd0d9d7a4: 58fe 9eff | be45 ffff | ff48 8b6c | 2408 8b7c | 2418 893c | 2448 894c | 2408 4c89 | 6c24 1844 
  0x00007effd0d9d7c4: 895c 2404 | 4489 4424 | 2044 894c | 2428 4489 

  0x00007effd0d9d7d4: ;   {runtime_call UncommonTrapBlob}
  0x00007effd0d9d7d4: 5424 2ce8 

  0x00007effd0d9d7d8: ; ImmutableOopMap {rbp=Oop [24]=Oop [32]=NarrowOop [44]=NarrowOop }
                      ;*ifnull {reexecute=1 rethrow=0 return_oop=0}
                      ; - (reexecute) java.util.HashMap::removeNode@34 (line 814)
                      ; - java.util.HashMap::remove@9 (line 797)
                      ; - generaloss.freetype.FTStructCache::unregister@23 (line 43)
                      ; - generaloss.freetype.FTStructCache::unregister@30 (line 63)
                      ; - generaloss.freetype.FTStruct::destroyPointer@1 (line 29)
                      ; - generaloss.freetype.FreeType::ftDoneFreeType@13 (line 110)
                      ; - generaloss.freetype.freetype.FTLibrary::done@1 (line 43)
                      ; - dev.RenderTest::test@64 (line 37)
  0x00007effd0d9d7d8: 24fe 9eff | be45 ffff | ff48 8b6c | 2408 4c89 | 0424 448b | 4424 1844 | 8944 2408 | 4c89 5c24 
  0x00007effd0d9d7f8: 1048 8954 | 2420 4489 | 5424 0c89 

  0x00007effd0d9d804: ;   {runtime_call UncommonTrapBlob}
  0x00007effd0d9d804: 4c24 2ce8 

  0x00007effd0d9d808: ; ImmutableOopMap {rbp=Oop [0]=Oop [32]=Oop [44]=NarrowOop }
                      ;*ifnull {reexecute=1 rethrow=0 return_oop=0}
                      ; - (reexecute) java.util.HashMap::removeNode@7 (line 814)
                      ; - java.util.HashMap::remove@9 (line 797)
                      ; - generaloss.freetype.FTStructCache::unregister@23 (line 43)
                      ; - generaloss.freetype.FTStructCache::unregister@30 (line 63)
                      ; - generaloss.freetype.FTStruct::destroyPointer@1 (line 29)
                      ; - generaloss.freetype.FreeType::ftDoneFace@20 (line 190)
                      ; - generaloss.freetype.freetype.FTFace::done@1 (line 216)
                      ; - dev.RenderTest::test@60 (line 36)
  0x00007effd0d9d808: f4fd 9eff | be45 ffff | ff48 8b6c | 2408 4c89 | 0424 448b | 4424 1844 | 8944 2408 | 4c89 6c24 
  0x00007effd0d9d828: 1048 8954 | 2420 4489 | 4c24 0c89 | 4c24 2889 | 7c24 3044 | 8954 2434 

  0x00007effd0d9d840: ;   {runtime_call UncommonTrapBlob}
  0x00007effd0d9d840: 6666 90e8 

  0x00007effd0d9d844: ; ImmutableOopMap {rbp=Oop [0]=Oop [32]=Oop [40]=NarrowOop [52]=NarrowOop }
                      ;*ifnull {reexecute=1 rethrow=0 return_oop=0}
                      ; - (reexecute) java.util.HashMap::removeNode@34 (line 814)
                      ; - java.util.HashMap::remove@9 (line 797)
                      ; - generaloss.freetype.FTStructCache::unregister@23 (line 43)
                      ; - generaloss.freetype.FTStructCache::unregister@30 (line 63)
                      ; - generaloss.freetype.FTStruct::destroyPointer@1 (line 29)
                      ; - generaloss.freetype.FreeType::ftDoneFace@20 (line 190)
                      ; - generaloss.freetype.freetype.FTFace::done@1 (line 216)
                      ; - dev.RenderTest::test@60 (line 36)
  0x00007effd0d9d844: b8fd 9eff | be45 ffff | ff48 ff74 | 2408 488f | 0424 8b5c | 2418 895c | 2408 4889 | 4c24 1048 
  0x00007effd0d9d864: 897c 2418 | 4c89 5c24 | 2044 8954 

  0x00007effd0d9d870: ;   {runtime_call UncommonTrapBlob}
  0x00007effd0d9d870: 240c 90e8 

  0x00007effd0d9d874: ; ImmutableOopMap {rbp=NarrowOop [0]=Oop [24]=Oop [32]=Oop }
                      ;*ifnull {reexecute=1 rethrow=0 return_oop=0}
                      ; - (reexecute) java.util.concurrent.ConcurrentHashMap::get@143 (line 946)
                      ; - generaloss.freetype.FTStructCache::unregister@7 (line 39)
                      ; - generaloss.freetype.FTStructCache::unregister@30 (line 63)
                      ; - generaloss.freetype.FTStruct::destroyPointer@1 (line 29)
                      ; - generaloss.freetype.FreeType::ftDoneFreeType@13 (line 110)
                      ; - generaloss.freetype.freetype.FTLibrary::done@1 (line 43)
                      ; - dev.RenderTest::test@64 (line 37)
  0x00007effd0d9d874: 88fd 9eff | be45 ffff | ff4c 8b4c | 2408 4c89 | 0c24 4c89 | 4424 0844 | 8b4c 2418 | 4489 4c24 
  0x00007effd0d9d894: 104c 895c | 2418 4c89 | 7424 2048 | 8954 2428 | 4489 5424 

  0x00007effd0d9d8a8: ;   {runtime_call UncommonTrapBlob}
  0x00007effd0d9d8a8: 1466 90e8 

  0x00007effd0d9d8ac: ; ImmutableOopMap {rbp=NarrowOop [0]=Oop [8]=Oop [32]=Oop [40]=Oop }
                      ;*ifnull {reexecute=1 rethrow=0 return_oop=0}
                      ; - (reexecute) java.util.concurrent.ConcurrentHashMap::get@143 (line 946)
                      ; - generaloss.freetype.FTStructCache::unregister@7 (line 39)
                      ; - generaloss.freetype.FTStructCache::unregister@30 (line 63)
                      ; - generaloss.freetype.FTStruct::destroyPointer@1 (line 29)
                      ; - generaloss.freetype.FreeType::ftDoneFace@20 (line 190)
                      ; - generaloss.freetype.freetype.FTFace::done@1 (line 216)
                      ; - dev.RenderTest::test@60 (line 36)
  0x00007effd0d9d8ac: 50fd 9eff | be45 ffff | ff48 ff74 | 2408 488f | 0424 448b | 4c24 1844 | 894c 2408 | 4889 4c24 
  0x00007effd0d9d8cc: 1048 897c | 2418 4489 | 4424 0c44 | 8954 2420 

  0x00007effd0d9d8dc: ;   {runtime_call UncommonTrapBlob}
  0x00007effd0d9d8dc: 6666 90e8 

  0x00007effd0d9d8e0: ; ImmutableOopMap {rbp=NarrowOop [0]=Oop [12]=NarrowOop [24]=Oop }
                      ;*ifnull {reexecute=1 rethrow=0 return_oop=0}
                      ; - (reexecute) java.util.concurrent.ConcurrentHashMap::get@67 (line 940)
                      ; - generaloss.freetype.FTStructCache::unregister@7 (line 39)
                      ; - generaloss.freetype.FTStructCache::unregister@30 (line 63)
                      ; - generaloss.freetype.FTStruct::destroyPointer@1 (line 29)
                      ; - generaloss.freetype.FreeType::ftDoneFreeType@13 (line 110)
                      ; - generaloss.freetype.freetype.FTLibrary::done@1 (line 43)
                      ; - dev.RenderTest::test@64 (line 37)
  0x00007effd0d9d8e0: 1cfd 9eff | be45 ffff | ff48 8b5c | 2408 4889 | 1c24 4c89 | 4424 0844 | 8b44 2418 | 4489 4424 
  0x00007effd0d9d900: 104c 895c | 2418 4c89 | 7424 2044 | 894c 2414 | 4489 5424 

  0x00007effd0d9d914: ;   {runtime_call UncommonTrapBlob}
  0x00007effd0d9d914: 2866 90e8 

  0x00007effd0d9d918: ; ImmutableOopMap {rbp=NarrowOop [0]=Oop [8]=Oop [20]=NarrowOop [32]=Oop }
                      ;*ifnull {reexecute=1 rethrow=0 return_oop=0}
                      ; - (reexecute) java.util.concurrent.ConcurrentHashMap::get@67 (line 940)
                      ; - generaloss.freetype.FTStructCache::unregister@7 (line 39)
                      ; - generaloss.freetype.FTStructCache::unregister@30 (line 63)
                      ; - generaloss.freetype.FTStruct::destroyPointer@1 (line 29)
                      ; - generaloss.freetype.FreeType::ftDoneFace@20 (line 190)
                      ; - generaloss.freetype.freetype.FTFace::done@1 (line 216)
                      ; - dev.RenderTest::test@60 (line 36)
  0x00007effd0d9d918: e4fc 9eff | e948 0100 | 00e9 4301 | 0000 e93e | 0100 00e9 | 3901 0000 | e934 0100 | 00e9 2f01 
  0x00007effd0d9d938: 0000 e92a | 0100 00e9 | 2501 0000 | e920 0100 | 00e9 1b01 | 0000 e916 | 0100 00e9 | 1101 0000 
  0x00007effd0d9d958: e90c 0100 | 00e9 0701 | 0000 e902 | 0100 00e9 | fd00 0000 | 488b e8eb | 0348 8be8 

  0x00007effd0d9d974: ;   {oop(a 'jdk/internal/misc/Unsafe'{0x000000070ca051c8})}
  0x00007effd0d9d974: 48be c851 | a00c 0700 | 0000 488b 

  0x00007effd0d9d980: ;   {optimized virtual_call}
  0x00007effd0d9d980: 5424 38e8 

  0x00007effd0d9d984: ; ImmutableOopMap {rbp=Oop [8]=Oop [24]=Oop [32]=Oop }
                      ;*invokevirtual freeMemory {reexecute=0 rethrow=0 return_oop=0}
                      ; - java.nio.DirectByteBuffer::<init>@152 (line 141)
                      ; - java.nio.ByteBuffer::allocateDirect@5 (line 332)
                      ; - jpize.util.res.Resource::readByteBuffer@7 (line 45)
                      ; - dev.RenderTest::test@13 (line 25)
  0x00007effd0d9d984: f8a6 9eff | 4c8b 5424 | 084c 8914 | 2448 8b74 | 2430 488b 

  0x00007effd0d9d998: ;   {static_call}
  0x00007effd0d9d998: 5424 28e8 

  0x00007effd0d9d99c: ; ImmutableOopMap {rbp=Oop [0]=Oop [24]=Oop [32]=Oop }
                      ;*invokestatic unreserveMemory {reexecute=0 rethrow=0 return_oop=0}
                      ; - java.nio.DirectByteBuffer::<init>@159 (line 142)
                      ; - java.nio.ByteBuffer::allocateDirect@5 (line 332)
                      ; - jpize.util.res.Resource::readByteBuffer@7 (line 45)
                      ; - dev.RenderTest::test@13 (line 25)
  0x00007effd0d9d99c: e0ac 9eff | 488b c5e9 | c100 0000 | e9bc 0000 | 00e9 b700 | 0000 e9b2 | 0000 00e9 | ad00 0000 
  0x00007effd0d9d9bc: e9a8 0000 | 00e9 a300 | 0000 4889 | 4424 104c | 8b54 2438 | 448b 4424 | 1cf0 450f | c142 1c41 
  0x00007effd0d9d9dc: 83f8 060f | 84b0 0000 | 0048 8b44 | 2410 eb7d | 4889 4424 | 104c 8b54 | 2430 448b | 0424 f045 
  0x00007effd0d9d9fc: 0fc1 421c | 4183 f806 | 7470 488b | 4424 10eb | 5ceb 5aeb | 5844 8b50 

  0x00007effd0d9da14: ;   {metadata('java/lang/OutOfMemoryError')}
  0x00007effd0d9da14: 0841 81fa | f8b7 0400 | 754b 488b | e84c 8b54 | 2408 4c89 | 1424 488b | 7424 3048 | 8b54 2428 
  0x00007effd0d9da34: ;   {static_call}
  0x00007effd0d9da34: 6666 90e8 

  0x00007effd0d9da38: ; ImmutableOopMap {rbp=Oop [0]=Oop [24]=Oop [32]=Oop }
                      ;*invokestatic unreserveMemory {reexecute=0 rethrow=0 return_oop=0}
                      ; - java.nio.DirectByteBuffer::<init>@65 (line 127)
                      ; - java.nio.ByteBuffer::allocateDirect@5 (line 332)
                      ; - jpize.util.res.Resource::readByteBuffer@7 (line 45)
                      ; - dev.RenderTest::test@13 (line 25)
  0x00007effd0d9da38: 44ac 9eff | 488b f5eb | 2beb 26eb | 24eb 22eb | 20eb 1eeb | 1ceb 1aeb | 18eb 16eb | 14eb 12eb 
  0x00007effd0d9da58: 10eb 0eeb | 0ceb 0aeb | 08eb 06eb | 04eb 02eb | 0048 8bf0 | 4883 c470 

  0x00007effd0d9da70: ;   {runtime_call _rethrow_Java}
  0x00007effd0d9da70: 5de9 8aad | a9ff 458b | 5228 4585 | d274 874b | 8d34 d448 | 8b6c 2408 

  0x00007effd0d9da88: ;   {static_call}
  0x00007effd0d9da88: 6666 90e8 

  0x00007effd0d9da8c: ; ImmutableOopMap {rbp=Oop [16]=Oop }
                      ;*invokestatic unpark {reexecute=0 rethrow=0 return_oop=0}
                      ; - java.util.concurrent.ConcurrentHashMap$TreeBin::find@177 (line 2908)
                      ; - java.util.concurrent.ConcurrentHashMap::get@93 (line 944)
                      ; - generaloss.freetype.FTStructCache::unregister@7 (line 39)
                      ; - generaloss.freetype.FTStructCache::unregister@30 (line 63)
                      ; - generaloss.freetype.FTStruct::destroyPointer@1 (line 29)
                      ; - generaloss.freetype.FreeType::ftDoneFreeType@13 (line 110)
                      ; - generaloss.freetype.freetype.FTLibrary::done@1 (line 43)
                      ; - dev.RenderTest::test@64 (line 37)
  0x00007effd0d9da8c: f0ab 9eff | e971 ffff | ff45 8b5a | 2845 85db | 0f84 43ff | ffff 4b8d | 34dc 448b | 5424 1844 
  0x00007effd0d9daac: 8954 2408 

  0x00007effd0d9dab0: ;   {static_call}
  0x00007effd0d9dab0: 6666 90e8 

  0x00007effd0d9dab4: ; ImmutableOopMap {rbp=Oop [0]=Oop [16]=Oop }
                      ;*invokestatic unpark {reexecute=0 rethrow=0 return_oop=0}
                      ; - java.util.concurrent.ConcurrentHashMap$TreeBin::find@177 (line 2908)
                      ; - java.util.concurrent.ConcurrentHashMap::get@93 (line 944)
                      ; - generaloss.freetype.FTStructCache::unregister@7 (line 39)
                      ; - generaloss.freetype.FTStructCache::unregister@30 (line 63)
                      ; - generaloss.freetype.FTStruct::destroyPointer@1 (line 29)
                      ; - generaloss.freetype.FreeType::ftDoneFace@20 (line 190)
                      ; - generaloss.freetype.freetype.FTFace::done@1 (line 216)
                      ; - dev.RenderTest::test@60 (line 36)
  0x00007effd0d9dab4: c8ab 9eff | e928 ffff 

  0x00007effd0d9dabc: ;   {internal_word}
  0x00007effd0d9dabc: ff49 bae5 | bed9 d0ff | 7e00 004d | 8997 5803 

  0x00007effd0d9dacc: ;   {runtime_call SafepointBlob}
  0x00007effd0d9dacc: 0000 e92d | 0c9f fff4 | f4f4 f4f4 | f4f4 f4f4 | f4f4 f4f4 
[Stub Code]
  0x00007effd0d9dae0: ;   {no_reloc}
  0x00007effd0d9dae0: 48bb 0000 | 0000 0000 

  0x00007effd0d9dae8: ;   {runtime_call}
  0x00007effd0d9dae8: 0000 e9fb 

  0x00007effd0d9daec: ;   {static_stub}
  0x00007effd0d9daec: ffff ff48 | bb00 0000 | 0000 0000 

  0x00007effd0d9daf8: ;   {runtime_call}
  0x00007effd0d9daf8: 00e9 fbff 

  0x00007effd0d9dafc: ;   {static_stub}
  0x00007effd0d9dafc: ffff 48bb | 0000 0000 | 0000 0000 

  0x00007effd0d9db08: ;   {runtime_call}
  0x00007effd0d9db08: e9fb ffff 

  0x00007effd0d9db0c: ;   {static_stub}
  0x00007effd0d9db0c: ff48 bb00 | 0000 0000 

  0x00007effd0d9db14: ;   {runtime_call}
  0x00007effd0d9db14: 0000 00e9 | fbff ffff 

  0x00007effd0d9db1c: ;   {static_stub}
  0x00007effd0d9db1c: 48bb 0000 | 0000 0000 

  0x00007effd0d9db24: ;   {runtime_call}
  0x00007effd0d9db24: 0000 e9fb 

  0x00007effd0d9db28: ;   {static_stub}
  0x00007effd0d9db28: ffff ff48 | bbe0 fe43 | 5fff 7e00 

  0x00007effd0d9db34: ;   {runtime_call I2C/C2I adapters}
  0x00007effd0d9db34: 00e9 1fef 

  0x00007effd0d9db38: ;   {static_stub}
  0x00007effd0d9db38: 9eff 48bb | 0000 0000 | 0000 0000 

  0x00007effd0d9db44: ;   {runtime_call}
  0x00007effd0d9db44: e9fb ffff 

  0x00007effd0d9db48: ;   {static_stub}
  0x00007effd0d9db48: ff48 bb00 | 0000 0000 

  0x00007effd0d9db50: ;   {runtime_call}
  0x00007effd0d9db50: 0000 00e9 | fbff ffff 

  0x00007effd0d9db58: ;   {static_stub}
  0x00007effd0d9db58: 48bb 0000 | 0000 0000 

  0x00007effd0d9db60: ;   {runtime_call}
  0x00007effd0d9db60: 0000 e9fb 

  0x00007effd0d9db64: ;   {static_stub}
  0x00007effd0d9db64: ffff ff48 | bb00 0000 | 0000 0000 

  0x00007effd0d9db70: ;   {runtime_call}
  0x00007effd0d9db70: 00e9 fbff 

  0x00007effd0d9db74: ;   {static_stub}
  0x00007effd0d9db74: ffff 48bb | 0000 0000 | 0000 0000 

  0x00007effd0d9db80: ;   {runtime_call}
  0x00007effd0d9db80: e9fb ffff 

  0x00007effd0d9db84: ;   {static_stub}
  0x00007effd0d9db84: ff48 bb00 | 0000 0000 

  0x00007effd0d9db8c: ;   {runtime_call}
  0x00007effd0d9db8c: 0000 00e9 | fbff ffff 

  0x00007effd0d9db94: ;   {static_stub}
  0x00007effd0d9db94: 48bb 0000 | 0000 0000 

  0x00007effd0d9db9c: ;   {runtime_call}
  0x00007effd0d9db9c: 0000 e9fb 

  0x00007effd0d9dba0: ;   {static_stub}
  0x00007effd0d9dba0: ffff ff48 | bb00 0000 | 0000 0000 

  0x00007effd0d9dbac: ;   {runtime_call}
  0x00007effd0d9dbac: 00e9 fbff 

  0x00007effd0d9dbb0: ;   {static_stub}
  0x00007effd0d9dbb0: ffff 48bb | 0000 0000 | 0000 0000 

  0x00007effd0d9dbbc: ;   {runtime_call}
  0x00007effd0d9dbbc: e9fb ffff 

  0x00007effd0d9dbc0: ;   {static_stub}
  0x00007effd0d9dbc0: ff48 bb00 | 0000 0000 

  0x00007effd0d9dbc8: ;   {runtime_call}
  0x00007effd0d9dbc8: 0000 00e9 | fbff ffff 

  0x00007effd0d9dbd0: ;   {static_stub}
  0x00007effd0d9dbd0: 48bb 0000 | 0000 0000 

  0x00007effd0d9dbd8: ;   {runtime_call}
  0x00007effd0d9dbd8: 0000 e9fb 

  0x00007effd0d9dbdc: ;   {static_stub}
  0x00007effd0d9dbdc: ffff ff48 | bb00 0000 | 0000 0000 

  0x00007effd0d9dbe8: ;   {runtime_call}
  0x00007effd0d9dbe8: 00e9 fbff 

  0x00007effd0d9dbec: ;   {static_stub}
  0x00007effd0d9dbec: ffff 48bb | 0000 0000 | 0000 0000 

  0x00007effd0d9dbf8: ;   {runtime_call}
  0x00007effd0d9dbf8: e9fb ffff 

  0x00007effd0d9dbfc: ;   {static_stub}
  0x00007effd0d9dbfc: ff48 bb00 | 0000 0000 

  0x00007effd0d9dc04: ;   {runtime_call}
  0x00007effd0d9dc04: 0000 00e9 | fbff ffff 

  0x00007effd0d9dc0c: ;   {static_stub}
  0x00007effd0d9dc0c: 48bb 0000 | 0000 0000 

  0x00007effd0d9dc14: ;   {runtime_call}
  0x00007effd0d9dc14: 0000 e9fb 

  0x00007effd0d9dc18: ;   {static_stub}
  0x00007effd0d9dc18: ffff ff48 | bb00 0000 | 0000 0000 

  0x00007effd0d9dc24: ;   {runtime_call}
  0x00007effd0d9dc24: 00e9 fbff 

  0x00007effd0d9dc28: ;   {static_stub}
  0x00007effd0d9dc28: ffff 48bb | 0000 0000 | 0000 0000 

  0x00007effd0d9dc34: ;   {runtime_call}
  0x00007effd0d9dc34: e9fb ffff 

  0x00007effd0d9dc38: ;   {static_stub}
  0x00007effd0d9dc38: ff48 bb00 | 0000 0000 

  0x00007effd0d9dc40: ;   {runtime_call}
  0x00007effd0d9dc40: 0000 00e9 | fbff ffff 

  0x00007effd0d9dc48: ;   {static_stub}
  0x00007effd0d9dc48: 48bb 0000 | 0000 0000 

  0x00007effd0d9dc50: ;   {runtime_call}
  0x00007effd0d9dc50: 0000 e9fb 

  0x00007effd0d9dc54: ;   {static_stub}
  0x00007effd0d9dc54: ffff ff48 | bb00 0000 | 0000 0000 

  0x00007effd0d9dc60: ;   {runtime_call}
  0x00007effd0d9dc60: 00e9 fbff 

  0x00007effd0d9dc64: ;   {static_stub}
  0x00007effd0d9dc64: ffff 48bb | 0000 0000 | 0000 0000 

  0x00007effd0d9dc70: ;   {runtime_call}
  0x00007effd0d9dc70: e9fb ffff 

  0x00007effd0d9dc74: ;   {static_stub}
  0x00007effd0d9dc74: ff48 bb00 | 0000 0000 

  0x00007effd0d9dc7c: ;   {runtime_call}
  0x00007effd0d9dc7c: 0000 00e9 | fbff ffff 

  0x00007effd0d9dc84: ;   {static_stub}
  0x00007effd0d9dc84: 48bb 0000 | 0000 0000 

  0x00007effd0d9dc8c: ;   {runtime_call}
  0x00007effd0d9dc8c: 0000 e9fb 

  0x00007effd0d9dc90: ;   {static_stub}
  0x00007effd0d9dc90: ffff ff48 | bb00 0000 | 0000 0000 

  0x00007effd0d9dc9c: ;   {runtime_call}
  0x00007effd0d9dc9c: 00e9 fbff 

  0x00007effd0d9dca0: ;   {static_stub}
  0x00007effd0d9dca0: ffff 48bb | 0000 0000 | 0000 0000 

  0x00007effd0d9dcac: ;   {runtime_call}
  0x00007effd0d9dcac: e9fb ffff 

  0x00007effd0d9dcb0: ;   {static_stub}
  0x00007effd0d9dcb0: ff48 bb00 | 0000 0000 

  0x00007effd0d9dcb8: ;   {runtime_call}
  0x00007effd0d9dcb8: 0000 00e9 | fbff ffff 

  0x00007effd0d9dcc0: ;   {static_stub}
  0x00007effd0d9dcc0: 48bb 0000 | 0000 0000 

  0x00007effd0d9dcc8: ;   {runtime_call}
  0x00007effd0d9dcc8: 0000 e9fb 

  0x00007effd0d9dccc: ;   {static_stub}
  0x00007effd0d9dccc: ffff ff48 | bb00 0000 | 0000 0000 

  0x00007effd0d9dcd8: ;   {runtime_call}
  0x00007effd0d9dcd8: 00e9 fbff 

  0x00007effd0d9dcdc: ;   {static_stub}
  0x00007effd0d9dcdc: ffff 48bb | 0000 0000 | 0000 0000 

  0x00007effd0d9dce8: ;   {runtime_call}
  0x00007effd0d9dce8: e9fb ffff 

  0x00007effd0d9dcec: ;   {static_stub}
  0x00007effd0d9dcec: ff48 bb00 | 0000 0000 

  0x00007effd0d9dcf4: ;   {runtime_call}
  0x00007effd0d9dcf4: 0000 00e9 | fbff ffff 

  0x00007effd0d9dcfc: ;   {static_stub}
  0x00007effd0d9dcfc: 48bb 0000 | 0000 0000 

  0x00007effd0d9dd04: ;   {runtime_call}
  0x00007effd0d9dd04: 0000 e9fb 

  0x00007effd0d9dd08: ;   {runtime_call ExceptionBlob}
  0x00007effd0d9dd08: ffff ffe9 | 70af a8ff 
[Deopt Handler Code]
  0x00007effd0d9dd10: e800 0000 | 0048 832c 

  0x00007effd0d9dd18: ;   {runtime_call DeoptimizationBlob}
  0x00007effd0d9dd18: 2405 e981 | fc9e fff4 
[/MachCode]


---------------  P R O C E S S  ---------------

Threads class SMR info:
_java_thread_list=0x00007eff3030cc00, length=17, elements={
0x00007effe0019d10, 0x00007effe0185f50, 0x00007effe0187340, 0x00007effe018c9a0,
0x00007effe018dd60, 0x00007effe018f180, 0x00007effe0190b40, 0x00007effe0192080,
0x00007effe019b4f0, 0x00007effe01a6d50, 0x00007effe026c590, 0x00007effe026e6f0,
0x00007eff54000f40, 0x00007eff200cc190, 0x00007eff0c002eb0, 0x00007eff0009c9e0,
0x00007eff000a3900
}

Java Threads: ( => current thread )
=>0x00007effe0019d10 JavaThread "main" [_thread_in_native, id=92557, stack(0x00007effe8300000,0x00007effe8400000)]
  0x00007effe0185f50 JavaThread "Reference Handler" daemon [_thread_blocked, id=92575, stack(0x00007effe495f000,0x00007effe4a5f000)]
  0x00007effe0187340 JavaThread "Finalizer" daemon [_thread_blocked, id=92576, stack(0x00007effe485e000,0x00007effe495e000)]
  0x00007effe018c9a0 JavaThread "Signal Dispatcher" daemon [_thread_blocked, id=92577, stack(0x00007effe475d000,0x00007effe485d000)]
  0x00007effe018dd60 JavaThread "Service Thread" daemon [_thread_blocked, id=92578, stack(0x00007effe4300000,0x00007effe4400000)]
  0x00007effe018f180 JavaThread "Monitor Deflation Thread" daemon [_thread_blocked, id=92579, stack(0x00007effe41ff000,0x00007effe42ff000)]
  0x00007effe0190b40 JavaThread "C2 CompilerThread0" daemon [_thread_blocked, id=92580, stack(0x00007effe40fe000,0x00007effe41fe000)]
  0x00007effe0192080 JavaThread "C1 CompilerThread0" daemon [_thread_blocked, id=92581, stack(0x00007effdff00000,0x00007effe0000000)]
  0x00007effe019b4f0 JavaThread "Sweeper thread" daemon [_thread_blocked, id=92582, stack(0x00007effc14f0000,0x00007effc15f0000)]
  0x00007effe01a6d50 JavaThread "Common-Cleaner" daemon [_thread_blocked, id=92588, stack(0x00007effc13ef000,0x00007effc14ef000)]
  0x00007effe026c590 JavaThread "Monitor Ctrl-Break" daemon [_thread_in_native, id=92590, stack(0x00007effc11ed000,0x00007effc12ed000)]
  0x00007effe026e6f0 JavaThread "Notification Thread" daemon [_thread_blocked, id=92591, stack(0x00007effc10ec000,0x00007effc11ec000)]
  0x00007eff54000f40 JavaThread "Attach Listener" daemon [_thread_blocked, id=92593, stack(0x00007effc0eea000,0x00007effc0fea000)]
  0x00007eff200cc190 JavaThread "RMI TCP Accept-0" daemon [_thread_in_native, id=92604, stack(0x00007effc0dbe000,0x00007effc0ebe000)]
  0x00007eff0c002eb0 JavaThread "RMI TCP Connection(1)-192.168.1.101" daemon [_thread_in_native, id=92607, stack(0x00007effc0b41000,0x00007effc0c41000)]
  0x00007eff0009c9e0 JavaThread "RMI Scheduler(0)" daemon [_thread_blocked, id=92608, stack(0x00007effc0a40000,0x00007effc0b40000)]
  0x00007eff000a3900 JavaThread "JMX server connection timeout 20" daemon [_thread_blocked, id=92609, stack(0x00007effc093f000,0x00007effc0a3f000)]

Other Threads:
  0x00007effe0181fd0 VMThread "VM Thread" [stack: 0x00007effe4a60000,0x00007effe4b60000] [id=92574]
  0x00007effe001c440 WatcherThread [stack: 0x00007effc0feb000,0x00007effc10eb000] [id=92592]
  0x00007effe0084de0 GCTaskThread "GC Thread#0" [stack: 0x00007effe5b5d000,0x00007effe5c5d000] [id=92560]
  0x00007effa8006350 GCTaskThread "GC Thread#1" [stack: 0x00007effc03ca000,0x00007effc04ca000] [id=92599]
  0x00007effa8006d90 GCTaskThread "GC Thread#2" [stack: 0x00007effc02c9000,0x00007effc03c9000] [id=92600]
  0x00007effa80077d0 GCTaskThread "GC Thread#3" [stack: 0x00007effc01c8000,0x00007effc02c8000] [id=92601]
  0x00007effa8008210 GCTaskThread "GC Thread#4" [stack: 0x00007effc00c7000,0x00007effc01c7000] [id=92602]
  0x00007effa8008c50 GCTaskThread "GC Thread#5" [stack: 0x00007effb1f00000,0x00007effb2000000] [id=92603]
  0x00007effe0095c20 ConcurrentGCThread "G1 Main Marker" [stack: 0x00007effe5a5c000,0x00007effe5b5c000] [id=92561]
  0x00007effe0096ba0 ConcurrentGCThread "G1 Conc#0" [stack: 0x00007effe595b000,0x00007effe5a5b000] [id=92562]
  0x00007effe0154140 ConcurrentGCThread "G1 Refine#0" [stack: 0x00007effe4e50000,0x00007effe4f50000] [id=92563]
  0x00007effe0155050 ConcurrentGCThread "G1 Service" [stack: 0x00007effe4d4f000,0x00007effe4e4f000] [id=92564]

Threads with active compile tasks:

VM state: not at safepoint (normal execution)

VM Mutex/Monitor currently owned by a thread: None

Heap address: 0x0000000707e00000, size: 3970 MB, Compressed Oops mode: Zero based, Oop shift amount: 3

CDS archive(s) mapped at: [0x00007eff63000000-0x00007eff63bc9000-0x00007eff63bc9000), size 12357632, SharedBaseAddress: 0x00007eff63000000, ArchiveRelocationMode: 1.
Compressed class space mapped at: 0x00007eff64000000-0x00007effa4000000, reserved size: 1073741824
Narrow klass base: 0x00007eff63000000, Narrow klass shift: 0, Narrow klass range: 0x100000000

GC Precious Log:
 CPUs: 12 total, 12 available
 Memory: 15875M
 Large Page Support: Disabled
 NUMA Support: Disabled
 Compressed Oops: Enabled (Zero based)
 Heap Region Size: 2M
 Heap Min Capacity: 8M
 Heap Initial Capacity: 250M
 Heap Max Capacity: 3970M
 Pre-touch: Disabled
 Parallel Workers: 10
 Concurrent Workers: 3
 Concurrent Refinement Workers: 10
 Periodic GC: Disabled

Heap:
 garbage-first heap   total 260096K, used 4867K [0x0000000707e00000, 0x0000000800000000)
  region size 2048K, 2 young (4096K), 1 survivors (2048K)
 Metaspace       used 6871K, committed 7104K, reserved 1114112K
  class space    used 721K, committed 832K, reserved 1048576K

Heap Regions: E=young(eden), S=young(survivor), O=old, HS=humongous(starts), HC=humongous(continues), CS=collection set, F=free, OA=open archive, CA=closed archive, TAMS=top-at-mark-start (previous, next)
|   0|0x0000000707e00000, 0x0000000707e00000, 0x0000000708000000|  0%| F|  |TAMS 0x0000000707e00000, 0x0000000707e00000| Untracked 
|   1|0x0000000708000000, 0x0000000708000000, 0x0000000708200000|  0%| F|  |TAMS 0x0000000708000000, 0x0000000708000000| Untracked 
|   2|0x0000000708200000, 0x0000000708200000, 0x0000000708400000|  0%| F|  |TAMS 0x0000000708200000, 0x0000000708200000| Untracked 
|   3|0x0000000708400000, 0x0000000708400000, 0x0000000708600000|  0%| F|  |TAMS 0x0000000708400000, 0x0000000708400000| Untracked 
|   4|0x0000000708600000, 0x0000000708600000, 0x0000000708800000|  0%| F|  |TAMS 0x0000000708600000, 0x0000000708600000| Untracked 
|   5|0x0000000708800000, 0x0000000708800000, 0x0000000708a00000|  0%| F|  |TAMS 0x0000000708800000, 0x0000000708800000| Untracked 
|   6|0x0000000708a00000, 0x0000000708a00000, 0x0000000708c00000|  0%| F|  |TAMS 0x0000000708a00000, 0x0000000708a00000| Untracked 
|   7|0x0000000708c00000, 0x0000000708c00000, 0x0000000708e00000|  0%| F|  |TAMS 0x0000000708c00000, 0x0000000708c00000| Untracked 
|   8|0x0000000708e00000, 0x0000000708e00000, 0x0000000709000000|  0%| F|  |TAMS 0x0000000708e00000, 0x0000000708e00000| Untracked 
|   9|0x0000000709000000, 0x0000000709000000, 0x0000000709200000|  0%| F|  |TAMS 0x0000000709000000, 0x0000000709000000| Untracked 
|  10|0x0000000709200000, 0x0000000709200000, 0x0000000709400000|  0%| F|  |TAMS 0x0000000709200000, 0x0000000709200000| Untracked 
|  11|0x0000000709400000, 0x0000000709400000, 0x0000000709600000|  0%| F|  |TAMS 0x0000000709400000, 0x0000000709400000| Untracked 
|  12|0x0000000709600000, 0x0000000709600000, 0x0000000709800000|  0%| F|  |TAMS 0x0000000709600000, 0x0000000709600000| Untracked 
|  13|0x0000000709800000, 0x0000000709800000, 0x0000000709a00000|  0%| F|  |TAMS 0x0000000709800000, 0x0000000709800000| Untracked 
|  14|0x0000000709a00000, 0x0000000709a00000, 0x0000000709c00000|  0%| F|  |TAMS 0x0000000709a00000, 0x0000000709a00000| Untracked 
|  15|0x0000000709c00000, 0x0000000709c00000, 0x0000000709e00000|  0%| F|  |TAMS 0x0000000709c00000, 0x0000000709c00000| Untracked 
|  16|0x0000000709e00000, 0x0000000709e00000, 0x000000070a000000|  0%| F|  |TAMS 0x0000000709e00000, 0x0000000709e00000| Untracked 
|  17|0x000000070a000000, 0x000000070a000000, 0x000000070a200000|  0%| F|  |TAMS 0x000000070a000000, 0x000000070a000000| Untracked 
|  18|0x000000070a200000, 0x000000070a200000, 0x000000070a400000|  0%| F|  |TAMS 0x000000070a200000, 0x000000070a200000| Untracked 
|  19|0x000000070a400000, 0x000000070a400000, 0x000000070a600000|  0%| F|  |TAMS 0x000000070a400000, 0x000000070a400000| Untracked 
|  20|0x000000070a600000, 0x000000070a600000, 0x000000070a800000|  0%| F|  |TAMS 0x000000070a600000, 0x000000070a600000| Untracked 
|  21|0x000000070a800000, 0x000000070a800000, 0x000000070aa00000|  0%| F|  |TAMS 0x000000070a800000, 0x000000070a800000| Untracked 
|  22|0x000000070aa00000, 0x000000070aa00000, 0x000000070ac00000|  0%| F|  |TAMS 0x000000070aa00000, 0x000000070aa00000| Untracked 
|  23|0x000000070ac00000, 0x000000070ac00000, 0x000000070ae00000|  0%| F|  |TAMS 0x000000070ac00000, 0x000000070ac00000| Untracked 
|  24|0x000000070ae00000, 0x000000070ae00000, 0x000000070b000000|  0%| F|  |TAMS 0x000000070ae00000, 0x000000070ae00000| Untracked 
|  25|0x000000070b000000, 0x000000070b000000, 0x000000070b200000|  0%| F|  |TAMS 0x000000070b000000, 0x000000070b000000| Untracked 
|  26|0x000000070b200000, 0x000000070b200000, 0x000000070b400000|  0%| F|  |TAMS 0x000000070b200000, 0x000000070b200000| Untracked 
|  27|0x000000070b400000, 0x000000070b400000, 0x000000070b600000|  0%| F|  |TAMS 0x000000070b400000, 0x000000070b400000| Untracked 
|  28|0x000000070b600000, 0x000000070b600000, 0x000000070b800000|  0%| F|  |TAMS 0x000000070b600000, 0x000000070b600000| Untracked 
|  29|0x000000070b800000, 0x000000070b800000, 0x000000070ba00000|  0%| F|  |TAMS 0x000000070b800000, 0x000000070b800000| Untracked 
|  30|0x000000070ba00000, 0x000000070ba00000, 0x000000070bc00000|  0%| F|  |TAMS 0x000000070ba00000, 0x000000070ba00000| Untracked 
|  31|0x000000070bc00000, 0x000000070bc00000, 0x000000070be00000|  0%| F|  |TAMS 0x000000070bc00000, 0x000000070bc00000| Untracked 
|  32|0x000000070be00000, 0x000000070be00000, 0x000000070c000000|  0%| F|  |TAMS 0x000000070be00000, 0x000000070be00000| Untracked 
|  33|0x000000070c000000, 0x000000070c000000, 0x000000070c200000|  0%| F|  |TAMS 0x000000070c000000, 0x000000070c000000| Untracked 
|  34|0x000000070c200000, 0x000000070c200000, 0x000000070c400000|  0%| F|  |TAMS 0x000000070c200000, 0x000000070c200000| Untracked 
|  35|0x000000070c400000, 0x000000070c400000, 0x000000070c600000|  0%| F|  |TAMS 0x000000070c400000, 0x000000070c400000| Untracked 
|  36|0x000000070c600000, 0x000000070c600000, 0x000000070c800000|  0%| F|  |TAMS 0x000000070c600000, 0x000000070c600000| Untracked 
|  37|0x000000070c800000, 0x000000070c800000, 0x000000070ca00000|  0%| F|  |TAMS 0x000000070c800000, 0x000000070c800000| Untracked 
|  38|0x000000070ca00000, 0x000000070cc00000, 0x000000070cc00000|100%| O|  |TAMS 0x000000070ca00000, 0x000000070ca00000| Untracked 
|  39|0x000000070cc00000, 0x000000070ccb6c00, 0x000000070ce00000| 35%| O|  |TAMS 0x000000070cc00000, 0x000000070cc00000| Untracked 
|  40|0x000000070ce00000, 0x000000070ce00000, 0x000000070d000000|  0%| F|  |TAMS 0x000000070ce00000, 0x000000070ce00000| Untracked 
|  41|0x000000070d000000, 0x000000070d000000, 0x000000070d200000|  0%| F|  |TAMS 0x000000070d000000, 0x000000070d000000| Untracked 
|  42|0x000000070d200000, 0x000000070d200000, 0x000000070d400000|  0%| F|  |TAMS 0x000000070d200000, 0x000000070d200000| Untracked 
|  43|0x000000070d400000, 0x000000070d400000, 0x000000070d600000|  0%| F|  |TAMS 0x000000070d400000, 0x000000070d400000| Untracked 
|  44|0x000000070d600000, 0x000000070d600000, 0x000000070d800000|  0%| F|  |TAMS 0x000000070d600000, 0x000000070d600000| Untracked 
|  45|0x000000070d800000, 0x000000070d800000, 0x000000070da00000|  0%| F|  |TAMS 0x000000070d800000, 0x000000070d800000| Untracked 
|  46|0x000000070da00000, 0x000000070da00000, 0x000000070dc00000|  0%| F|  |TAMS 0x000000070da00000, 0x000000070da00000| Untracked 
|  47|0x000000070dc00000, 0x000000070dc00000, 0x000000070de00000|  0%| F|  |TAMS 0x000000070dc00000, 0x000000070dc00000| Untracked 
|  48|0x000000070de00000, 0x000000070de00000, 0x000000070e000000|  0%| F|  |TAMS 0x000000070de00000, 0x000000070de00000| Untracked 
|  49|0x000000070e000000, 0x000000070e01d3a0, 0x000000070e200000|  5%| S|CS|TAMS 0x000000070e000000, 0x000000070e000000| Complete 
|  50|0x000000070e200000, 0x000000070e200000, 0x000000070e400000|  0%| F|  |TAMS 0x000000070e200000, 0x000000070e200000| Untracked 
|  51|0x000000070e400000, 0x000000070e400000, 0x000000070e600000|  0%| F|  |TAMS 0x000000070e400000, 0x000000070e400000| Untracked 
|  52|0x000000070e600000, 0x000000070e600000, 0x000000070e800000|  0%| F|  |TAMS 0x000000070e600000, 0x000000070e600000| Untracked 
|  53|0x000000070e800000, 0x000000070e800000, 0x000000070ea00000|  0%| F|  |TAMS 0x000000070e800000, 0x000000070e800000| Untracked 
|  54|0x000000070ea00000, 0x000000070ea00000, 0x000000070ec00000|  0%| F|  |TAMS 0x000000070ea00000, 0x000000070ea00000| Untracked 
|  55|0x000000070ec00000, 0x000000070ec00000, 0x000000070ee00000|  0%| F|  |TAMS 0x000000070ec00000, 0x000000070ec00000| Untracked 
|  56|0x000000070ee00000, 0x000000070ee00000, 0x000000070f000000|  0%| F|  |TAMS 0x000000070ee00000, 0x000000070ee00000| Untracked 
|  57|0x000000070f000000, 0x000000070f000000, 0x000000070f200000|  0%| F|  |TAMS 0x000000070f000000, 0x000000070f000000| Untracked 
|  58|0x000000070f200000, 0x000000070f200000, 0x000000070f400000|  0%| F|  |TAMS 0x000000070f200000, 0x000000070f200000| Untracked 
|  59|0x000000070f400000, 0x000000070f400000, 0x000000070f600000|  0%| F|  |TAMS 0x000000070f400000, 0x000000070f400000| Untracked 
|  60|0x000000070f600000, 0x000000070f600000, 0x000000070f800000|  0%| F|  |TAMS 0x000000070f600000, 0x000000070f600000| Untracked 
|  61|0x000000070f800000, 0x000000070f800000, 0x000000070fa00000|  0%| F|  |TAMS 0x000000070f800000, 0x000000070f800000| Untracked 
|  62|0x000000070fa00000, 0x000000070fa00000, 0x000000070fc00000|  0%| F|  |TAMS 0x000000070fa00000, 0x000000070fa00000| Untracked 
|  63|0x000000070fc00000, 0x000000070fc00000, 0x000000070fe00000|  0%| F|  |TAMS 0x000000070fc00000, 0x000000070fc00000| Untracked 
|  64|0x000000070fe00000, 0x000000070fe00000, 0x0000000710000000|  0%| F|  |TAMS 0x000000070fe00000, 0x000000070fe00000| Untracked 
|  65|0x0000000710000000, 0x0000000710000000, 0x0000000710200000|  0%| F|  |TAMS 0x0000000710000000, 0x0000000710000000| Untracked 
|  66|0x0000000710200000, 0x0000000710200000, 0x0000000710400000|  0%| F|  |TAMS 0x0000000710200000, 0x0000000710200000| Untracked 
|  67|0x0000000710400000, 0x0000000710400000, 0x0000000710600000|  0%| F|  |TAMS 0x0000000710400000, 0x0000000710400000| Untracked 
|  68|0x0000000710600000, 0x0000000710600000, 0x0000000710800000|  0%| F|  |TAMS 0x0000000710600000, 0x0000000710600000| Untracked 
|  69|0x0000000710800000, 0x0000000710800000, 0x0000000710a00000|  0%| F|  |TAMS 0x0000000710800000, 0x0000000710800000| Untracked 
|  70|0x0000000710a00000, 0x0000000710a00000, 0x0000000710c00000|  0%| F|  |TAMS 0x0000000710a00000, 0x0000000710a00000| Untracked 
|  71|0x0000000710c00000, 0x0000000710c00000, 0x0000000710e00000|  0%| F|  |TAMS 0x0000000710c00000, 0x0000000710c00000| Untracked 
|  72|0x0000000710e00000, 0x0000000710e00000, 0x0000000711000000|  0%| F|  |TAMS 0x0000000710e00000, 0x0000000710e00000| Untracked 
|  73|0x0000000711000000, 0x0000000711000000, 0x0000000711200000|  0%| F|  |TAMS 0x0000000711000000, 0x0000000711000000| Untracked 
|  74|0x0000000711200000, 0x0000000711200000, 0x0000000711400000|  0%| F|  |TAMS 0x0000000711200000, 0x0000000711200000| Untracked 
|  75|0x0000000711400000, 0x0000000711400000, 0x0000000711600000|  0%| F|  |TAMS 0x0000000711400000, 0x0000000711400000| Untracked 
|  76|0x0000000711600000, 0x0000000711600000, 0x0000000711800000|  0%| F|  |TAMS 0x0000000711600000, 0x0000000711600000| Untracked 
|  77|0x0000000711800000, 0x0000000711800000, 0x0000000711a00000|  0%| F|  |TAMS 0x0000000711800000, 0x0000000711800000| Untracked 
|  78|0x0000000711a00000, 0x0000000711a00000, 0x0000000711c00000|  0%| F|  |TAMS 0x0000000711a00000, 0x0000000711a00000| Untracked 
|  79|0x0000000711c00000, 0x0000000711c00000, 0x0000000711e00000|  0%| F|  |TAMS 0x0000000711c00000, 0x0000000711c00000| Untracked 
|  80|0x0000000711e00000, 0x0000000711e00000, 0x0000000712000000|  0%| F|  |TAMS 0x0000000711e00000, 0x0000000711e00000| Untracked 
|  81|0x0000000712000000, 0x0000000712000000, 0x0000000712200000|  0%| F|  |TAMS 0x0000000712000000, 0x0000000712000000| Untracked 
|  82|0x0000000712200000, 0x0000000712200000, 0x0000000712400000|  0%| F|  |TAMS 0x0000000712200000, 0x0000000712200000| Untracked 
|  83|0x0000000712400000, 0x0000000712400000, 0x0000000712600000|  0%| F|  |TAMS 0x0000000712400000, 0x0000000712400000| Untracked 
|  84|0x0000000712600000, 0x0000000712600000, 0x0000000712800000|  0%| F|  |TAMS 0x0000000712600000, 0x0000000712600000| Untracked 
|  85|0x0000000712800000, 0x0000000712800000, 0x0000000712a00000|  0%| F|  |TAMS 0x0000000712800000, 0x0000000712800000| Untracked 
|  86|0x0000000712a00000, 0x0000000712a00000, 0x0000000712c00000|  0%| F|  |TAMS 0x0000000712a00000, 0x0000000712a00000| Untracked 
|  87|0x0000000712c00000, 0x0000000712c00000, 0x0000000712e00000|  0%| F|  |TAMS 0x0000000712c00000, 0x0000000712c00000| Untracked 
|  88|0x0000000712e00000, 0x0000000712e00000, 0x0000000713000000|  0%| F|  |TAMS 0x0000000712e00000, 0x0000000712e00000| Untracked 
|  89|0x0000000713000000, 0x0000000713000000, 0x0000000713200000|  0%| F|  |TAMS 0x0000000713000000, 0x0000000713000000| Untracked 
|  90|0x0000000713200000, 0x0000000713200000, 0x0000000713400000|  0%| F|  |TAMS 0x0000000713200000, 0x0000000713200000| Untracked 
|  91|0x0000000713400000, 0x0000000713400000, 0x0000000713600000|  0%| F|  |TAMS 0x0000000713400000, 0x0000000713400000| Untracked 
|  92|0x0000000713600000, 0x0000000713600000, 0x0000000713800000|  0%| F|  |TAMS 0x0000000713600000, 0x0000000713600000| Untracked 
|  93|0x0000000713800000, 0x0000000713800000, 0x0000000713a00000|  0%| F|  |TAMS 0x0000000713800000, 0x0000000713800000| Untracked 
|  94|0x0000000713a00000, 0x0000000713a00000, 0x0000000713c00000|  0%| F|  |TAMS 0x0000000713a00000, 0x0000000713a00000| Untracked 
|  95|0x0000000713c00000, 0x0000000713c00000, 0x0000000713e00000|  0%| F|  |TAMS 0x0000000713c00000, 0x0000000713c00000| Untracked 
|  96|0x0000000713e00000, 0x0000000713e00000, 0x0000000714000000|  0%| F|  |TAMS 0x0000000713e00000, 0x0000000713e00000| Untracked 
|  97|0x0000000714000000, 0x0000000714000000, 0x0000000714200000|  0%| F|  |TAMS 0x0000000714000000, 0x0000000714000000| Untracked 
|  98|0x0000000714200000, 0x0000000714200000, 0x0000000714400000|  0%| F|  |TAMS 0x0000000714200000, 0x0000000714200000| Untracked 
|  99|0x0000000714400000, 0x0000000714400000, 0x0000000714600000|  0%| F|  |TAMS 0x0000000714400000, 0x0000000714400000| Untracked 
| 100|0x0000000714600000, 0x0000000714600000, 0x0000000714800000|  0%| F|  |TAMS 0x0000000714600000, 0x0000000714600000| Untracked 
| 101|0x0000000714800000, 0x0000000714800000, 0x0000000714a00000|  0%| F|  |TAMS 0x0000000714800000, 0x0000000714800000| Untracked 
| 102|0x0000000714a00000, 0x0000000714a00000, 0x0000000714c00000|  0%| F|  |TAMS 0x0000000714a00000, 0x0000000714a00000| Untracked 
| 103|0x0000000714c00000, 0x0000000714c00000, 0x0000000714e00000|  0%| F|  |TAMS 0x0000000714c00000, 0x0000000714c00000| Untracked 
| 104|0x0000000714e00000, 0x0000000714e00000, 0x0000000715000000|  0%| F|  |TAMS 0x0000000714e00000, 0x0000000714e00000| Untracked 
| 105|0x0000000715000000, 0x0000000715000000, 0x0000000715200000|  0%| F|  |TAMS 0x0000000715000000, 0x0000000715000000| Untracked 
| 106|0x0000000715200000, 0x0000000715200000, 0x0000000715400000|  0%| F|  |TAMS 0x0000000715200000, 0x0000000715200000| Untracked 
| 107|0x0000000715400000, 0x0000000715400000, 0x0000000715600000|  0%| F|  |TAMS 0x0000000715400000, 0x0000000715400000| Untracked 
| 108|0x0000000715600000, 0x0000000715600000, 0x0000000715800000|  0%| F|  |TAMS 0x0000000715600000, 0x0000000715600000| Untracked 
| 109|0x0000000715800000, 0x0000000715800000, 0x0000000715a00000|  0%| F|  |TAMS 0x0000000715800000, 0x0000000715800000| Untracked 
| 110|0x0000000715a00000, 0x0000000715a00000, 0x0000000715c00000|  0%| F|  |TAMS 0x0000000715a00000, 0x0000000715a00000| Untracked 
| 111|0x0000000715c00000, 0x0000000715c00000, 0x0000000715e00000|  0%| F|  |TAMS 0x0000000715c00000, 0x0000000715c00000| Untracked 
| 112|0x0000000715e00000, 0x0000000715e00000, 0x0000000716000000|  0%| F|  |TAMS 0x0000000715e00000, 0x0000000715e00000| Untracked 
| 113|0x0000000716000000, 0x0000000716000000, 0x0000000716200000|  0%| F|  |TAMS 0x0000000716000000, 0x0000000716000000| Untracked 
| 114|0x0000000716200000, 0x0000000716200000, 0x0000000716400000|  0%| F|  |TAMS 0x0000000716200000, 0x0000000716200000| Untracked 
| 115|0x0000000716400000, 0x0000000716400000, 0x0000000716600000|  0%| F|  |TAMS 0x0000000716400000, 0x0000000716400000| Untracked 
| 116|0x0000000716600000, 0x0000000716600000, 0x0000000716800000|  0%| F|  |TAMS 0x0000000716600000, 0x0000000716600000| Untracked 
| 117|0x0000000716800000, 0x0000000716800000, 0x0000000716a00000|  0%| F|  |TAMS 0x0000000716800000, 0x0000000716800000| Untracked 
| 118|0x0000000716a00000, 0x0000000716a00000, 0x0000000716c00000|  0%| F|  |TAMS 0x0000000716a00000, 0x0000000716a00000| Untracked 
| 119|0x0000000716c00000, 0x0000000716c00000, 0x0000000716e00000|  0%| F|  |TAMS 0x0000000716c00000, 0x0000000716c00000| Untracked 
| 120|0x0000000716e00000, 0x0000000716e00000, 0x0000000717000000|  0%| F|  |TAMS 0x0000000716e00000, 0x0000000716e00000| Untracked 
| 121|0x0000000717000000, 0x0000000717000000, 0x0000000717200000|  0%| F|  |TAMS 0x0000000717000000, 0x0000000717000000| Untracked 
| 122|0x0000000717200000, 0x0000000717200000, 0x0000000717400000|  0%| F|  |TAMS 0x0000000717200000, 0x0000000717200000| Untracked 
| 123|0x0000000717400000, 0x0000000717400000, 0x0000000717600000|  0%| F|  |TAMS 0x0000000717400000, 0x0000000717400000| Untracked 
| 124|0x0000000717600000, 0x000000071770ef28, 0x0000000717800000| 52%| E|  |TAMS 0x0000000717600000, 0x0000000717600000| Complete 
|1983|0x00000007ffc00000, 0x00000007ffd75000, 0x00000007ffe00000| 72%|OA|  |TAMS 0x00000007ffc00000, 0x00000007ffc00000| Untracked 
|1984|0x00000007ffe00000, 0x00000007ffe78000, 0x0000000800000000| 23%|CA|  |TAMS 0x00000007ffe00000, 0x00000007ffe00000| Untracked 

Card table byte_map: [0x00007effe649e000,0x00007effe6c5f000] _byte_map_base: 0x00007effe2c5f000

Marking Bits (Prev, Next): (CMBitMap*) 0x00007effe0085880, (CMBitMap*) 0x00007effe00858c0
 Prev Bits: [0x00007effc53f8000, 0x00007effc9200000)
 Next Bits: [0x00007effc15f0000, 0x00007effc53f8000)

Polling page: 0x00007effe965b000

Metaspace:

Usage:
  Non-class:      6,00 MB used.
      Class:    721,97 KB used.
       Both:      6,71 MB used.

Virtual space:
  Non-class space:       64,00 MB reserved,       6,12 MB ( 10%) committed,  1 nodes.
      Class space:        1,00 GB reserved,     832,00 KB ( <1%) committed,  1 nodes.
             Both:        1,06 GB reserved,       6,94 MB ( <1%) committed. 

Chunk freelists:
   Non-Class:  8,95 MB
       Class:  15,20 MB
        Both:  24,15 MB

MaxMetaspaceSize: unlimited
CompressedClassSpaceSize: 1,00 GB
Initial GC threshold: 21,00 MB
Current GC threshold: 21,00 MB
CDS: on
MetaspaceReclaimPolicy: balanced
 - commit_granule_bytes: 65536.
 - commit_granule_words: 8192.
 - virtual_space_node_default_size: 8388608.
 - enlarge_chunks_in_place: 1.
 - new_chunks_are_fully_committed: 0.
 - uncommit_free_chunks: 1.
 - use_allocation_guard: 0.
 - handle_deallocations: 1.


Internal statistics:

num_allocs_failed_limit: 0.
num_arena_births: 176.
num_arena_deaths: 0.
num_vsnodes_births: 2.
num_vsnodes_deaths: 0.
num_space_committed: 111.
num_space_uncommitted: 0.
num_chunks_returned_to_freelist: 0.
num_chunks_taken_from_freelist: 255.
num_chunk_merges: 0.
num_chunk_splits: 142.
num_chunks_enlarged: 63.
num_inconsistent_stats: 0.

CodeHeap 'non-profiled nmethods': size=120028Kb used=920Kb max_used=920Kb free=119107Kb
 bounds [0x00007effd0cc9000, 0x00007effd0f39000, 0x00007effd8200000]
CodeHeap 'profiled nmethods': size=120028Kb used=2629Kb max_used=2629Kb free=117398Kb
 bounds [0x00007effc9200000, 0x00007effc94a0000, 0x00007effd0737000]
CodeHeap 'non-nmethods': size=5704Kb used=1177Kb max_used=1219Kb free=4527Kb
 bounds [0x00007effd0737000, 0x00007effd09a7000, 0x00007effd0cc9000]
 total_blobs=2135 nmethods=1658 adapters=391
 compilation: enabled
              stopped_count=0, restarted_count=0
 full_count=0

Compilation events (20 events):
Event: 24,648 Thread 0x00007effe0192080 1645       1       java.io.ObjectStreamClass$FieldReflectorKey::hashCode (5 bytes)
Event: 24,648 Thread 0x00007effe0192080 nmethod 1645 0x00007effd0dada10 code [0x00007effd0dadba0, 0x00007effd0dadc70]
Event: 24,648 Thread 0x00007effe0192080 1646   !   3       jdk.internal.reflect.GeneratedMethodAccessor1::invoke (65 bytes)
Event: 24,649 Thread 0x00007effe0192080 nmethod 1646 0x00007effc9485910 code [0x00007effc9485ba0, 0x00007effc9486600]
Event: 24,649 Thread 0x00007effe0192080 1647       3       java.lang.invoke.DelegatingMethodHandle$Holder::reinvoke_L (20 bytes)
Event: 24,649 Thread 0x00007effe0192080 nmethod 1647 0x00007effc9486b90 code [0x00007effc9486d60, 0x00007effc94871d0]
Event: 25,651 Thread 0x00007effe0192080 1648       1       jdk.internal.platform.cgroupv2.CgroupV2SubsystemController::path (5 bytes)
Event: 25,651 Thread 0x00007effe0192080 nmethod 1648 0x00007effd0dadd10 code [0x00007effd0dadea0, 0x00007effd0dadf70]
Event: 25,652 Thread 0x00007effe0192080 1649       3       sun.rmi.runtime.Log$LoggerLog::log (45 bytes)
Event: 25,653 Thread 0x00007effe0192080 nmethod 1649 0x00007effc9487310 code [0x00007effc9487580, 0x00007effc9488070]
Event: 25,653 Thread 0x00007effe0192080 1650       3       java.io.ObjectStreamClass$FieldReflector::getPrimFieldValues (317 bytes)
Event: 25,653 Thread 0x00007effe0190b40 1652       4       java.io.ObjectOutputStream$HandleTable::lookup (56 bytes)
Event: 25,653 Thread 0x00007effe0192080 nmethod 1650 0x00007effc9488490 code [0x00007effc9488740, 0x00007effc94895f0]
Event: 25,653 Thread 0x00007effe0192080 1651       3       javax.management.ObjectName::construct (1135 bytes)
Event: 25,655 Thread 0x00007effe0190b40 nmethod 1652 0x00007effd0dae010 code [0x00007effd0dae1a0, 0x00007effd0dae3c8]
Event: 25,655 Thread 0x00007effe0190b40 1653       4       java.io.ObjectOutputStream$BlockDataOutputStream::writeByte (33 bytes)
Event: 25,655 Thread 0x00007effe0192080 nmethod 1651 0x00007effc9489c10 code [0x00007effc948a260, 0x00007effc948df40]
Event: 25,656 Thread 0x00007effe0190b40 nmethod 1653 0x00007effd0dae590 code [0x00007effd0dae720, 0x00007effd0dae818]
Event: 25,987 Thread 0x00007effe0190b40 1654       4       java.lang.AbstractStringBuilder::append (77 bytes)
Event: 25,990 Thread 0x00007effe0190b40 nmethod 1654 0x00007effd0dae910 code [0x00007effd0daeaa0, 0x00007effd0daefd8]

GC Heap History (20 events):
Event: 19,062 GC heap before
{Heap before GC invocations=23 (full 0):
 garbage-first heap   total 260096K, used 234173K [0x0000000707e00000, 0x0000000800000000)
  region size 2048K, 75 young (153600K), 1 survivors (2048K)
 Metaspace       used 6826K, committed 7040K, reserved 1114112K
  class space    used 721K, committed 832K, reserved 1048576K
}
Event: 19,062 GC heap after
{Heap after GC invocations=24 (full 0):
 garbage-first heap   total 260096K, used 5513K [0x0000000707e00000, 0x0000000800000000)
  region size 2048K, 1 young (2048K), 1 survivors (2048K)
 Metaspace       used 6826K, committed 7040K, reserved 1114112K
  class space    used 721K, committed 832K, reserved 1048576K
}
Event: 19,905 GC heap before
{Heap before GC invocations=24 (full 0):
 garbage-first heap   total 260096K, used 236937K [0x0000000707e00000, 0x0000000800000000)
  region size 2048K, 75 young (153600K), 1 survivors (2048K)
 Metaspace       used 6829K, committed 7040K, reserved 1114112K
  class space    used 721K, committed 832K, reserved 1048576K
}
Event: 19,905 GC heap after
{Heap after GC invocations=25 (full 0):
 garbage-first heap   total 260096K, used 4791K [0x0000000707e00000, 0x0000000800000000)
  region size 2048K, 1 young (2048K), 1 survivors (2048K)
 Metaspace       used 6829K, committed 7040K, reserved 1114112K
  class space    used 721K, committed 832K, reserved 1048576K
}
Event: 20,761 GC heap before
{Heap before GC invocations=25 (full 0):
 garbage-first heap   total 260096K, used 234167K [0x0000000707e00000, 0x0000000800000000)
  region size 2048K, 75 young (153600K), 1 survivors (2048K)
 Metaspace       used 6832K, committed 7040K, reserved 1114112K
  class space    used 721K, committed 832K, reserved 1048576K
}
Event: 20,762 GC heap after
{Heap after GC invocations=26 (full 0):
 garbage-first heap   total 260096K, used 4905K [0x0000000707e00000, 0x0000000800000000)
  region size 2048K, 1 young (2048K), 1 survivors (2048K)
 Metaspace       used 6832K, committed 7040K, reserved 1114112K
  class space    used 721K, committed 832K, reserved 1048576K
}
Event: 21,574 GC heap before
{Heap before GC invocations=26 (full 0):
 garbage-first heap   total 260096K, used 234281K [0x0000000707e00000, 0x0000000800000000)
  region size 2048K, 75 young (153600K), 1 survivors (2048K)
 Metaspace       used 6832K, committed 7040K, reserved 1114112K
  class space    used 721K, committed 832K, reserved 1048576K
}
Event: 21,575 GC heap after
{Heap after GC invocations=27 (full 0):
 garbage-first heap   total 260096K, used 6035K [0x0000000707e00000, 0x0000000800000000)
  region size 2048K, 1 young (2048K), 1 survivors (2048K)
 Metaspace       used 6832K, committed 7040K, reserved 1114112K
  class space    used 721K, committed 832K, reserved 1048576K
}
Event: 22,379 GC heap before
{Heap before GC invocations=27 (full 0):
 garbage-first heap   total 260096K, used 237459K [0x0000000707e00000, 0x0000000800000000)
  region size 2048K, 75 young (153600K), 1 survivors (2048K)
 Metaspace       used 6839K, committed 7040K, reserved 1114112K
  class space    used 721K, committed 832K, reserved 1048576K
}
Event: 22,380 GC heap after
{Heap after GC invocations=28 (full 0):
 garbage-first heap   total 260096K, used 4846K [0x0000000707e00000, 0x0000000800000000)
  region size 2048K, 1 young (2048K), 1 survivors (2048K)
 Metaspace       used 6839K, committed 7040K, reserved 1114112K
  class space    used 721K, committed 832K, reserved 1048576K
}
Event: 23,190 GC heap before
{Heap before GC invocations=28 (full 0):
 garbage-first heap   total 260096K, used 234222K [0x0000000707e00000, 0x0000000800000000)
  region size 2048K, 75 young (153600K), 1 survivors (2048K)
 Metaspace       used 6839K, committed 7040K, reserved 1114112K
  class space    used 721K, committed 832K, reserved 1048576K
}
Event: 23,190 GC heap after
{Heap after GC invocations=29 (full 0):
 garbage-first heap   total 260096K, used 5786K [0x0000000707e00000, 0x0000000800000000)
  region size 2048K, 1 young (2048K), 1 survivors (2048K)
 Metaspace       used 6839K, committed 7040K, reserved 1114112K
  class space    used 721K, committed 832K, reserved 1048576K
}
Event: 23,992 GC heap before
{Heap before GC invocations=29 (full 0):
 garbage-first heap   total 260096K, used 237210K [0x0000000707e00000, 0x0000000800000000)
  region size 2048K, 75 young (153600K), 1 survivors (2048K)
 Metaspace       used 6847K, committed 7040K, reserved 1114112K
  class space    used 721K, committed 832K, reserved 1048576K
}
Event: 23,993 GC heap after
{Heap after GC invocations=30 (full 0):
 garbage-first heap   total 260096K, used 4814K [0x0000000707e00000, 0x0000000800000000)
  region size 2048K, 1 young (2048K), 1 survivors (2048K)
 Metaspace       used 6847K, committed 7040K, reserved 1114112K
  class space    used 721K, committed 832K, reserved 1048576K
}
Event: 24,819 GC heap before
{Heap before GC invocations=30 (full 0):
 garbage-first heap   total 260096K, used 234190K [0x0000000707e00000, 0x0000000800000000)
  region size 2048K, 75 young (153600K), 1 survivors (2048K)
 Metaspace       used 6853K, committed 7040K, reserved 1114112K
  class space    used 721K, committed 832K, reserved 1048576K
}
Event: 24,820 GC heap after
{Heap after GC invocations=31 (full 0):
 garbage-first heap   total 260096K, used 4925K [0x0000000707e00000, 0x0000000800000000)
  region size 2048K, 1 young (2048K), 1 survivors (2048K)
 Metaspace       used 6853K, committed 7040K, reserved 1114112K
  class space    used 721K, committed 832K, reserved 1048576K
}
Event: 25,658 GC heap before
{Heap before GC invocations=31 (full 0):
 garbage-first heap   total 260096K, used 234301K [0x0000000707e00000, 0x0000000800000000)
  region size 2048K, 75 young (153600K), 1 survivors (2048K)
 Metaspace       used 6868K, committed 7104K, reserved 1114112K
  class space    used 721K, committed 832K, reserved 1048576K
}
Event: 25,659 GC heap after
{Heap after GC invocations=32 (full 0):
 garbage-first heap   total 260096K, used 6153K [0x0000000707e00000, 0x0000000800000000)
  region size 2048K, 1 young (2048K), 1 survivors (2048K)
 Metaspace       used 6868K, committed 7104K, reserved 1114112K
  class space    used 721K, committed 832K, reserved 1048576K
}
Event: 26,454 GC heap before
{Heap before GC invocations=32 (full 0):
 garbage-first heap   total 260096K, used 237577K [0x0000000707e00000, 0x0000000800000000)
  region size 2048K, 75 young (153600K), 1 survivors (2048K)
 Metaspace       used 6868K, committed 7104K, reserved 1114112K
  class space    used 721K, committed 832K, reserved 1048576K
}
Event: 26,454 GC heap after
{Heap after GC invocations=33 (full 0):
 garbage-first heap   total 260096K, used 4867K [0x0000000707e00000, 0x0000000800000000)
  region size 2048K, 1 young (2048K), 1 survivors (2048K)
 Metaspace       used 6868K, committed 7104K, reserved 1114112K
  class space    used 721K, committed 832K, reserved 1048576K
}

Dll operation events (12 events):
Event: 0,002 Loaded shared library /usr/lib/jvm/java-17-openjdk/lib/libjava.so
Event: 0,018 Loaded shared library /usr/lib/jvm/java-17-openjdk/lib/libjsvml.so
Event: 0,051 Loaded shared library /usr/lib/jvm/java-17-openjdk/lib/libzip.so
Event: 0,052 Loaded shared library /usr/lib/jvm/java-17-openjdk/lib/libinstrument.so
Event: 0,054 Loaded shared library /usr/lib/jvm/java-17-openjdk/lib/libnio.so
Event: 0,056 Loaded shared library /usr/lib/jvm/java-17-openjdk/lib/libzip.so
Event: 0,063 Loaded shared library /usr/lib/jvm/java-17-openjdk/lib/libnet.so
Event: 0,067 Loaded shared library /usr/lib/jvm/java-17-openjdk/lib/libextnet.so
Event: 0,072 Loaded shared library /usr/lib/jvm/java-17-openjdk/lib/libjimage.so
Event: 0,097 Loaded shared library /tmp/freetype_jni7621952576262610457libfreetype_jni.so
Event: 0,213 Loaded shared library /usr/lib/jvm/java-17-openjdk/lib/libmanagement.so
Event: 0,220 Loaded shared library /usr/lib/jvm/java-17-openjdk/lib/libmanagement_ext.so

Deoptimization events (20 events):
Event: 7,574 Thread 0x00007eff0c002eb0 DEOPT PACKING pc=0x00007effd0d94298 sp=0x00007effc0c3e400
Event: 7,574 Thread 0x00007eff0c002eb0 DEOPT UNPACKING pc=0x00007effd078d699 sp=0x00007effc0c3e370 mode 2
Event: 7,574 Thread 0x00007eff0c002eb0 Uncommon trap: trap_request=0xffffffbe fr.pc=0x00007effd0d94298 relative=0x0000000000000c78
Event: 7,574 Thread 0x00007eff0c002eb0 Uncommon trap: reason=profile_predicate action=maybe_recompile pc=0x00007effd0d94298 method=jdk.internal.reflect.UTF8.encode(Ljava/lang/String;)[B @ 20 c2
Event: 7,574 Thread 0x00007eff0c002eb0 DEOPT PACKING pc=0x00007effd0d94298 sp=0x00007effc0c3e400
Event: 7,574 Thread 0x00007eff0c002eb0 DEOPT UNPACKING pc=0x00007effd078d699 sp=0x00007effc0c3e370 mode 2
Event: 7,574 Thread 0x00007eff0c002eb0 Uncommon trap: trap_request=0xffffffbe fr.pc=0x00007effd0d94298 relative=0x0000000000000c78
Event: 7,574 Thread 0x00007eff0c002eb0 Uncommon trap: reason=profile_predicate action=maybe_recompile pc=0x00007effd0d94298 method=jdk.internal.reflect.UTF8.encode(Ljava/lang/String;)[B @ 20 c2
Event: 7,574 Thread 0x00007eff0c002eb0 DEOPT PACKING pc=0x00007effd0d94298 sp=0x00007effc0c3e400
Event: 7,574 Thread 0x00007eff0c002eb0 DEOPT UNPACKING pc=0x00007effd078d699 sp=0x00007effc0c3e370 mode 2
Event: 7,574 Thread 0x00007eff0c002eb0 Uncommon trap: trap_request=0xffffffbe fr.pc=0x00007effd0d94298 relative=0x0000000000000c78
Event: 7,574 Thread 0x00007eff0c002eb0 Uncommon trap: reason=profile_predicate action=maybe_recompile pc=0x00007effd0d94298 method=jdk.internal.reflect.UTF8.encode(Ljava/lang/String;)[B @ 20 c2
Event: 7,574 Thread 0x00007eff0c002eb0 DEOPT PACKING pc=0x00007effd0d94298 sp=0x00007effc0c3e400
Event: 7,574 Thread 0x00007eff0c002eb0 DEOPT UNPACKING pc=0x00007effd078d699 sp=0x00007effc0c3e370 mode 2
Event: 7,574 Thread 0x00007eff0c002eb0 Uncommon trap: trap_request=0xffffffbe fr.pc=0x00007effd0d92a18 relative=0x00000000000007f8
Event: 7,574 Thread 0x00007eff0c002eb0 Uncommon trap: reason=profile_predicate action=maybe_recompile pc=0x00007effd0d92a18 method=jdk.internal.reflect.UTF8.encode(Ljava/lang/String;)[B @ 20 c2
Event: 7,574 Thread 0x00007eff0c002eb0 DEOPT PACKING pc=0x00007effd0d92a18 sp=0x00007effc0c3e3b0
Event: 7,574 Thread 0x00007eff0c002eb0 DEOPT UNPACKING pc=0x00007effd078d699 sp=0x00007effc0c3e370 mode 2
Event: 22,638 Thread 0x00007eff0c002eb0 DEOPT PACKING pc=0x00007effc930a449 sp=0x00007effc0c3da40
Event: 22,638 Thread 0x00007eff0c002eb0 DEOPT UNPACKING pc=0x00007effd078de2f sp=0x00007effc0c3cf00 mode 0

Classes loaded (20 events):
Event: 0,429 Loading class java/lang/IllegalAccessException
Event: 0,429 Loading class java/lang/IllegalAccessException done
Event: 0,430 Loading class sun/nio/fs/UnixException
Event: 0,430 Loading class sun/nio/fs/UnixException done
Event: 0,430 Loading class java/nio/file/NoSuchFileException
Event: 0,430 Loading class java/nio/file/FileSystemException
Event: 0,430 Loading class java/nio/file/FileSystemException done
Event: 0,430 Loading class java/nio/file/NoSuchFileException done
Event: 0,430 Loading class java/security/PrivilegedActionException
Event: 0,430 Loading class java/security/PrivilegedActionException done
Event: 0,431 Loading class java/util/function/DoubleSupplier
Event: 0,431 Loading class java/util/function/DoubleSupplier done
Event: 0,436 Loading class java/lang/NumberFormatException
Event: 0,436 Loading class java/lang/NumberFormatException done
Event: 0,442 Loading class javax/management/openmbean/CompositeDataSupport
Event: 0,443 Loading class javax/management/openmbean/CompositeDataSupport done
Event: 0,443 Loading class javax/management/openmbean/OpenDataException
Event: 0,443 Loading class javax/management/openmbean/OpenDataException done
Event: 0,447 Loading class java/io/ObjectStreamException
Event: 0,447 Loading class java/io/ObjectStreamException done

Classes unloaded (0 events):
No events

Classes redefined (0 events):
No events

Internal exceptions (20 events):
Event: 22,638 Thread 0x00007eff0c002eb0 Exception <a 'sun/nio/fs/UnixException'{0x0000000714701c18}> (0x0000000714701c18) 
thrown [/usr/src/debug/java17-openjdk/jdk17u-jdk-17.0.15-6/src/hotspot/share/prims/jni.cpp, line 516]
Event: 22,638 Thread 0x00007eff0c002eb0 Exception <a 'sun/nio/fs/UnixException'{0x0000000714703160}> (0x0000000714703160) 
thrown [/usr/src/debug/java17-openjdk/jdk17u-jdk-17.0.15-6/src/hotspot/share/prims/jni.cpp, line 516]
Event: 22,638 Thread 0x00007eff0c002eb0 Exception <a 'sun/nio/fs/UnixException'{0x0000000714704698}> (0x0000000714704698) 
thrown [/usr/src/debug/java17-openjdk/jdk17u-jdk-17.0.15-6/src/hotspot/share/prims/jni.cpp, line 516]
Event: 22,638 Thread 0x00007eff0c002eb0 Exception <a 'sun/nio/fs/UnixException'{0x0000000714705c30}> (0x0000000714705c30) 
thrown [/usr/src/debug/java17-openjdk/jdk17u-jdk-17.0.15-6/src/hotspot/share/prims/jni.cpp, line 516]
Event: 22,638 Thread 0x00007eff0c002eb0 Exception <a 'sun/nio/fs/UnixException'{0x0000000714706f60}> (0x0000000714706f60) 
thrown [/usr/src/debug/java17-openjdk/jdk17u-jdk-17.0.15-6/src/hotspot/share/prims/jni.cpp, line 516]
Event: 23,643 Thread 0x00007eff0c002eb0 Exception <a 'sun/nio/fs/UnixException'{0x0000000712501c18}> (0x0000000712501c18) 
thrown [/usr/src/debug/java17-openjdk/jdk17u-jdk-17.0.15-6/src/hotspot/share/prims/jni.cpp, line 516]
Event: 23,643 Thread 0x00007eff0c002eb0 Exception <a 'sun/nio/fs/UnixException'{0x0000000712503160}> (0x0000000712503160) 
thrown [/usr/src/debug/java17-openjdk/jdk17u-jdk-17.0.15-6/src/hotspot/share/prims/jni.cpp, line 516]
Event: 23,644 Thread 0x00007eff0c002eb0 Exception <a 'sun/nio/fs/UnixException'{0x0000000712504698}> (0x0000000712504698) 
thrown [/usr/src/debug/java17-openjdk/jdk17u-jdk-17.0.15-6/src/hotspot/share/prims/jni.cpp, line 516]
Event: 23,644 Thread 0x00007eff0c002eb0 Exception <a 'sun/nio/fs/UnixException'{0x0000000712505c30}> (0x0000000712505c30) 
thrown [/usr/src/debug/java17-openjdk/jdk17u-jdk-17.0.15-6/src/hotspot/share/prims/jni.cpp, line 516]
Event: 23,644 Thread 0x00007eff0c002eb0 Exception <a 'sun/nio/fs/UnixException'{0x0000000712506f60}> (0x0000000712506f60) 
thrown [/usr/src/debug/java17-openjdk/jdk17u-jdk-17.0.15-6/src/hotspot/share/prims/jni.cpp, line 516]
Event: 24,646 Thread 0x00007eff0c002eb0 Exception <a 'sun/nio/fs/UnixException'{0x000000070fe011b0}> (0x000000070fe011b0) 
thrown [/usr/src/debug/java17-openjdk/jdk17u-jdk-17.0.15-6/src/hotspot/share/prims/jni.cpp, line 516]
Event: 24,646 Thread 0x00007eff0c002eb0 Exception <a 'sun/nio/fs/UnixException'{0x000000070fe15040}> (0x000000070fe15040) 
thrown [/usr/src/debug/java17-openjdk/jdk17u-jdk-17.0.15-6/src/hotspot/share/prims/jni.cpp, line 516]
Event: 24,647 Thread 0x00007eff0c002eb0 Exception <a 'sun/nio/fs/UnixException'{0x000000070fe16578}> (0x000000070fe16578) 
thrown [/usr/src/debug/java17-openjdk/jdk17u-jdk-17.0.15-6/src/hotspot/share/prims/jni.cpp, line 516]
Event: 24,647 Thread 0x00007eff0c002eb0 Exception <a 'sun/nio/fs/UnixException'{0x000000070fe17b10}> (0x000000070fe17b10) 
thrown [/usr/src/debug/java17-openjdk/jdk17u-jdk-17.0.15-6/src/hotspot/share/prims/jni.cpp, line 516]
Event: 24,647 Thread 0x00007eff0c002eb0 Exception <a 'sun/nio/fs/UnixException'{0x000000070fe18e40}> (0x000000070fe18e40) 
thrown [/usr/src/debug/java17-openjdk/jdk17u-jdk-17.0.15-6/src/hotspot/share/prims/jni.cpp, line 516]
Event: 25,651 Thread 0x00007eff0c002eb0 Exception <a 'sun/nio/fs/UnixException'{0x000000070e401c18}> (0x000000070e401c18) 
thrown [/usr/src/debug/java17-openjdk/jdk17u-jdk-17.0.15-6/src/hotspot/share/prims/jni.cpp, line 516]
Event: 25,651 Thread 0x00007eff0c002eb0 Exception <a 'sun/nio/fs/UnixException'{0x000000070e403160}> (0x000000070e403160) 
thrown [/usr/src/debug/java17-openjdk/jdk17u-jdk-17.0.15-6/src/hotspot/share/prims/jni.cpp, line 516]
Event: 25,651 Thread 0x00007eff0c002eb0 Exception <a 'sun/nio/fs/UnixException'{0x000000070e404698}> (0x000000070e404698) 
thrown [/usr/src/debug/java17-openjdk/jdk17u-jdk-17.0.15-6/src/hotspot/share/prims/jni.cpp, line 516]
Event: 25,651 Thread 0x00007eff0c002eb0 Exception <a 'sun/nio/fs/UnixException'{0x000000070e405c30}> (0x000000070e405c30) 
thrown [/usr/src/debug/java17-openjdk/jdk17u-jdk-17.0.15-6/src/hotspot/share/prims/jni.cpp, line 516]
Event: 25,651 Thread 0x00007eff0c002eb0 Exception <a 'sun/nio/fs/UnixException'{0x000000070e406f60}> (0x000000070e406f60) 
thrown [/usr/src/debug/java17-openjdk/jdk17u-jdk-17.0.15-6/src/hotspot/share/prims/jni.cpp, line 516]

VM Operations (20 events):
Event: 19,062 Executing VM operation: G1CollectForAllocation
Event: 19,062 Executing VM operation: G1CollectForAllocation done
Event: 19,905 Executing VM operation: G1CollectForAllocation
Event: 19,905 Executing VM operation: G1CollectForAllocation done
Event: 20,761 Executing VM operation: G1CollectForAllocation
Event: 20,762 Executing VM operation: G1CollectForAllocation done
Event: 21,574 Executing VM operation: G1CollectForAllocation
Event: 21,575 Executing VM operation: G1CollectForAllocation done
Event: 22,379 Executing VM operation: G1CollectForAllocation
Event: 22,380 Executing VM operation: G1CollectForAllocation done
Event: 23,190 Executing VM operation: G1CollectForAllocation
Event: 23,190 Executing VM operation: G1CollectForAllocation done
Event: 23,992 Executing VM operation: G1CollectForAllocation
Event: 23,993 Executing VM operation: G1CollectForAllocation done
Event: 24,819 Executing VM operation: G1CollectForAllocation
Event: 24,820 Executing VM operation: G1CollectForAllocation done
Event: 25,658 Executing VM operation: G1CollectForAllocation
Event: 25,659 Executing VM operation: G1CollectForAllocation done
Event: 26,454 Executing VM operation: G1CollectForAllocation
Event: 26,454 Executing VM operation: G1CollectForAllocation done

Memory protections (19 events):
Event: 0,002 Protecting memory [0x00007effe8300000,0x00007effe8304000] with protection modes 0
Event: 0,020 Protecting memory [0x00007effe495f000,0x00007effe4963000] with protection modes 0
Event: 0,020 Protecting memory [0x00007effe485e000,0x00007effe4862000] with protection modes 0
Event: 0,022 Protecting memory [0x00007effe475d000,0x00007effe4761000] with protection modes 0
Event: 0,022 Protecting memory [0x00007effe4300000,0x00007effe4304000] with protection modes 0
Event: 0,022 Protecting memory [0x00007effe41ff000,0x00007effe4203000] with protection modes 0
Event: 0,022 Protecting memory [0x00007effe40fe000,0x00007effe4102000] with protection modes 0
Event: 0,023 Protecting memory [0x00007effdff00000,0x00007effdff04000] with protection modes 0
Event: 0,023 Protecting memory [0x00007effc14f0000,0x00007effc14f4000] with protection modes 0
Event: 0,035 Protecting memory [0x00007effc13ef000,0x00007effc13f3000] with protection modes 0
Event: 0,057 Protecting memory [0x00007effc12ee000,0x00007effc12f2000] with protection modes 0
Event: 0,062 Protecting memory [0x00007effc11ed000,0x00007effc11f1000] with protection modes 0
Event: 0,062 Protecting memory [0x00007effc10ec000,0x00007effc10f0000] with protection modes 0
Event: 0,084 Protecting memory [0x00007effc0eea000,0x00007effc0eee000] with protection modes 0
Event: 0,141 Protecting memory [0x00007effc0c42000,0x00007effc0c46000] with protection modes 0
Event: 0,362 Protecting memory [0x00007effc0dbe000,0x00007effc0dc2000] with protection modes 0
Event: 0,377 Protecting memory [0x00007effc0b41000,0x00007effc0b45000] with protection modes 0
Event: 0,398 Protecting memory [0x00007effc0a40000,0x00007effc0a44000] with protection modes 0
Event: 0,404 Protecting memory [0x00007effc093f000,0x00007effc0943000] with protection modes 0

Nmethod flushes (0 events):
No events

Events (20 events):
Event: 0,020 Thread 0x00007effe0019d10 Thread added: 0x00007effe0185f50
Event: 0,020 Thread 0x00007effe0019d10 Thread added: 0x00007effe0187340
Event: 0,022 Thread 0x00007effe0019d10 Thread added: 0x00007effe018c9a0
Event: 0,022 Thread 0x00007effe0019d10 Thread added: 0x00007effe018dd60
Event: 0,022 Thread 0x00007effe0019d10 Thread added: 0x00007effe018f180
Event: 0,022 Thread 0x00007effe0019d10 Thread added: 0x00007effe0190b40
Event: 0,023 Thread 0x00007effe0019d10 Thread added: 0x00007effe0192080
Event: 0,023 Thread 0x00007effe0019d10 Thread added: 0x00007effe019b4f0
Event: 0,035 Thread 0x00007effe0019d10 Thread added: 0x00007effe01a6d50
Event: 0,057 Thread 0x00007effe0192080 Thread added: 0x00007eff440a8610
Event: 0,062 Thread 0x00007effe0019d10 Thread added: 0x00007effe026c590
Event: 0,062 Thread 0x00007effe0019d10 Thread added: 0x00007effe026e6f0
Event: 0,084 Thread 0x00007effe018c9a0 Thread added: 0x00007eff54000f40
Event: 0,141 Thread 0x00007effe0192080 Thread added: 0x00007eff441d7a50
Event: 0,362 Thread 0x00007eff54000f40 Thread added: 0x00007eff200cc190
Event: 0,377 Thread 0x00007eff200cc190 Thread added: 0x00007eff0c002eb0
Event: 0,398 Thread 0x00007eff0c002eb0 Thread added: 0x00007eff0009c9e0
Event: 0,404 Thread 0x00007eff0c002eb0 Thread added: 0x00007eff000a3900
Event: 0,993 Thread 0x00007eff441d7a50 Thread exited: 0x00007eff441d7a50
Event: 1,177 Thread 0x00007eff440a8610 Thread exited: 0x00007eff440a8610


Dynamic libraries:
707e00000-717800000 rw-p 00000000 00:00 0 
717800000-7ffc00000 ---p 00000000 00:00 0 
7ffc00000-7ffd00000 rw-p 00000000 00:00 0 
7ffd00000-7ffd75000 rw-p 00c79000 00:1a 945653                           /usr/lib/jvm/java-17-openjdk/lib/server/classes.jsa
7ffd75000-7ffe00000 rw-p 00000000 00:00 0 
7ffe00000-7ffe78000 rw-p 00c01000 00:1a 945653                           /usr/lib/jvm/java-17-openjdk/lib/server/classes.jsa
7ffe78000-800000000 rw-p 00000000 00:00 0 
555bdaec4000-555bdaec5000 r--p 00000000 00:1a 945378                     /usr/lib/jvm/java-17-openjdk/bin/java
555bdaec5000-555bdaec6000 r-xp 00001000 00:1a 945378                     /usr/lib/jvm/java-17-openjdk/bin/java
555bdaec6000-555bdaec7000 r--p 00002000 00:1a 945378                     /usr/lib/jvm/java-17-openjdk/bin/java
555bdaec7000-555bdaec8000 r--p 00002000 00:1a 945378                     /usr/lib/jvm/java-17-openjdk/bin/java
555bdaec8000-555bdaec9000 rw-p 00003000 00:1a 945378                     /usr/lib/jvm/java-17-openjdk/bin/java
555bf9dc7000-555bf9e0e000 rw-p 00000000 00:00 0                          [heap]
7efef8000000-7efef8021000 rw-p 00000000 00:00 0 
7efef8021000-7efefc000000 ---p 00000000 00:00 0 
7efefc000000-7efefffa9000 rw-p 00000000 00:00 0 
7efefffa9000-7eff00000000 ---p 00000000 00:00 0 
7eff00000000-7eff000bb000 rw-p 00000000 00:00 0 
7eff000bb000-7eff04000000 ---p 00000000 00:00 0 
7eff04000000-7eff04021000 rw-p 00000000 00:00 0 
7eff04021000-7eff08000000 ---p 00000000 00:00 0 
7eff08000000-7eff08021000 rw-p 00000000 00:00 0 
7eff08021000-7eff0c000000 ---p 00000000 00:00 0 
7eff0c000000-7eff0c021000 rw-p 00000000 00:00 0 
7eff0c021000-7eff10000000 ---p 00000000 00:00 0 
7eff10000000-7eff10021000 rw-p 00000000 00:00 0 
7eff10021000-7eff14000000 ---p 00000000 00:00 0 
7eff14000000-7eff14021000 rw-p 00000000 00:00 0 
7eff14021000-7eff18000000 ---p 00000000 00:00 0 
7eff18000000-7eff18021000 rw-p 00000000 00:00 0 
7eff18021000-7eff1c000000 ---p 00000000 00:00 0 
7eff1c000000-7eff1c021000 rw-p 00000000 00:00 0 
7eff1c021000-7eff20000000 ---p 00000000 00:00 0 
7eff20000000-7eff2019b000 rw-p 00000000 00:00 0 
7eff2019b000-7eff24000000 ---p 00000000 00:00 0 
7eff24000000-7eff2456a000 rw-p 00000000 00:00 0 
7eff2456a000-7eff28000000 ---p 00000000 00:00 0 
7eff28000000-7eff28021000 rw-p 00000000 00:00 0 
7eff28021000-7eff2c000000 ---p 00000000 00:00 0 
7eff2c000000-7eff2c021000 rw-p 00000000 00:00 0 
7eff2c021000-7eff30000000 ---p 00000000 00:00 0 
7eff30000000-7eff30c86000 rw-p 00000000 00:00 0 
7eff30c86000-7eff34000000 ---p 00000000 00:00 0 
7eff34000000-7eff34021000 rw-p 00000000 00:00 0 
7eff34021000-7eff38000000 ---p 00000000 00:00 0 
7eff38000000-7eff38021000 rw-p 00000000 00:00 0 
7eff38021000-7eff3c000000 ---p 00000000 00:00 0 
7eff3c000000-7eff3c021000 rw-p 00000000 00:00 0 
7eff3c021000-7eff40000000 ---p 00000000 00:00 0 
7eff40000000-7eff407c9000 rw-p 00000000 00:00 0 
7eff407c9000-7eff44000000 ---p 00000000 00:00 0 
7eff44000000-7eff44461000 rw-p 00000000 00:00 0 
7eff44461000-7eff48000000 ---p 00000000 00:00 0 
7eff48000000-7eff48021000 rw-p 00000000 00:00 0 
7eff48021000-7eff4c000000 ---p 00000000 00:00 0 
7eff4c000000-7eff4c021000 rw-p 00000000 00:00 0 
7eff4c021000-7eff50000000 ---p 00000000 00:00 0 
7eff50000000-7eff50021000 rw-p 00000000 00:00 0 
7eff50021000-7eff54000000 ---p 00000000 00:00 0 
7eff54000000-7eff54021000 rw-p 00000000 00:00 0 
7eff54021000-7eff58000000 ---p 00000000 00:00 0 
7eff58000000-7eff58021000 rw-p 00000000 00:00 0 
7eff58021000-7eff5c000000 ---p 00000000 00:00 0 
7eff5f000000-7eff5f400000 rw-p 00000000 00:00 0 
7eff5f400000-7eff5f500000 rw-p 00000000 00:00 0 
7eff5f500000-7eff5f610000 rw-p 00000000 00:00 0 
7eff5f610000-7eff5f700000 ---p 00000000 00:00 0 
7eff5f700000-7eff5f710000 rw-p 00000000 00:00 0 
7eff5f710000-7eff63000000 ---p 00000000 00:00 0 
7eff63000000-7eff63bc9000 rw-p 00001000 00:1a 945653                     /usr/lib/jvm/java-17-openjdk/lib/server/classes.jsa
7eff63bc9000-7eff64000000 ---p 00000000 00:00 0 
7eff64000000-7eff64020000 rw-p 00000000 00:00 0 
7eff64020000-7eff64040000 rw-p 00000000 00:00 0 
7eff64040000-7eff640c0000 rw-p 00000000 00:00 0 
7eff640c0000-7eff640d0000 rw-p 00000000 00:00 0 
7eff640d0000-7effa4000000 ---p 00000000 00:00 0 
7effa4000000-7effa4021000 rw-p 00000000 00:00 0 
7effa4021000-7effa8000000 ---p 00000000 00:00 0 
7effa8000000-7effa8021000 rw-p 00000000 00:00 0 
7effa8021000-7effac000000 ---p 00000000 00:00 0 
7effac000000-7effac021000 rw-p 00000000 00:00 0 
7effac021000-7effb0000000 ---p 00000000 00:00 0 
7effb1eff000-7effb1f00000 ---p 00000000 00:00 0 
7effb1f00000-7effb2000000 rw-p 00000000 00:00 0 
7effb2000000-7effb4021000 rw-p 00000000 00:00 0 
7effb4021000-7effb8000000 ---p 00000000 00:00 0 
7effb8000000-7effb8021000 rw-p 00000000 00:00 0 
7effb8021000-7effbc000000 ---p 00000000 00:00 0 
7effbc000000-7effbc021000 rw-p 00000000 00:00 0 
7effbc021000-7effc0000000 ---p 00000000 00:00 0 
7effc00c6000-7effc00c7000 ---p 00000000 00:00 0 
7effc00c7000-7effc01c7000 rw-p 00000000 00:00 0 
7effc01c7000-7effc01c8000 ---p 00000000 00:00 0 
7effc01c8000-7effc02c8000 rw-p 00000000 00:00 0 
7effc02c8000-7effc02c9000 ---p 00000000 00:00 0 
7effc02c9000-7effc03c9000 rw-p 00000000 00:00 0 
7effc03c9000-7effc03ca000 ---p 00000000 00:00 0 
7effc03ca000-7effc04ca000 rw-p 00000000 00:00 0 
7effc093e000-7effc093f000 ---p 00000000 00:00 0 
7effc093f000-7effc0943000 ---p 00000000 00:00 0 
7effc0943000-7effc0a3f000 rw-p 00000000 00:00 0 
7effc0a3f000-7effc0a40000 ---p 00000000 00:00 0 
7effc0a40000-7effc0a44000 ---p 00000000 00:00 0 
7effc0a44000-7effc0b40000 rw-p 00000000 00:00 0 
7effc0b40000-7effc0b41000 ---p 00000000 00:00 0 
7effc0b41000-7effc0b45000 ---p 00000000 00:00 0 
7effc0b45000-7effc0c41000 rw-p 00000000 00:00 0 
7effc0c41000-7effc0c42000 ---p 00000000 00:00 0 
7effc0c42000-7effc0c46000 ---p 00000000 00:00 0 
7effc0c46000-7effc0d42000 rw-p 00000000 00:00 0 
7effc0d8e000-7effc0dbd000 r--p 00000000 00:1a 1067872                    /usr/share/locale/ru/LC_MESSAGES/libc.mo
7effc0dbd000-7effc0dbe000 ---p 00000000 00:00 0 
7effc0dbe000-7effc0dc2000 ---p 00000000 00:00 0 
7effc0dc2000-7effc0ebe000 rw-p 00000000 00:00 0 
7effc0ebe000-7effc0ec1000 r--p 00000000 00:1a 1499183                    /usr/lib/libnss_myhostname.so.2
7effc0ec1000-7effc0ed6000 r-xp 00003000 00:1a 1499183                    /usr/lib/libnss_myhostname.so.2
7effc0ed6000-7effc0ee3000 r--p 00018000 00:1a 1499183                    /usr/lib/libnss_myhostname.so.2
7effc0ee3000-7effc0ee8000 r--p 00024000 00:1a 1499183                    /usr/lib/libnss_myhostname.so.2
7effc0ee8000-7effc0ee9000 rw-p 00029000 00:1a 1499183                    /usr/lib/libnss_myhostname.so.2
7effc0ee9000-7effc0eea000 ---p 00000000 00:00 0 
7effc0eea000-7effc0eee000 ---p 00000000 00:00 0 
7effc0eee000-7effc0fea000 rw-p 00000000 00:00 0 
7effc0fea000-7effc0feb000 ---p 00000000 00:00 0 
7effc0feb000-7effc10eb000 rw-p 00000000 00:00 0 
7effc10eb000-7effc10ec000 ---p 00000000 00:00 0 
7effc10ec000-7effc10f0000 ---p 00000000 00:00 0 
7effc10f0000-7effc11ec000 rw-p 00000000 00:00 0 
7effc11ec000-7effc11ed000 ---p 00000000 00:00 0 
7effc11ed000-7effc11f1000 ---p 00000000 00:00 0 
7effc11f1000-7effc12ed000 rw-p 00000000 00:00 0 
7effc12ed000-7effc12ee000 ---p 00000000 00:00 0 
7effc12ee000-7effc12f2000 ---p 00000000 00:00 0 
7effc12f2000-7effc13ee000 rw-p 00000000 00:00 0 
7effc13ee000-7effc13ef000 ---p 00000000 00:00 0 
7effc13ef000-7effc13f3000 ---p 00000000 00:00 0 
7effc13f3000-7effc14ef000 rw-p 00000000 00:00 0 
7effc14ef000-7effc14f0000 ---p 00000000 00:00 0 
7effc14f0000-7effc14f4000 ---p 00000000 00:00 0 
7effc14f4000-7effc15f0000 rw-p 00000000 00:00 0 
7effc15f0000-7effc19d8000 rw-p 00000000 00:00 0 
7effc19d8000-7effc53e8000 ---p 00000000 00:00 0 
7effc53e8000-7effc57e0000 rw-p 00000000 00:00 0 
7effc57e0000-7effc91f0000 ---p 00000000 00:00 0 
7effc91f0000-7effc9200000 rw-p 00000000 00:00 0 
7effc9200000-7effc94a0000 rwxp 00000000 00:00 0 
7effc94a0000-7effd0737000 ---p 00000000 00:00 0 
7effd0737000-7effd09a7000 rwxp 00000000 00:00 0 
7effd09a7000-7effd0cc9000 ---p 00000000 00:00 0 
7effd0cc9000-7effd0f39000 rwxp 00000000 00:00 0 
7effd0f39000-7effd8200000 ---p 00000000 00:00 0 
7effd8200000-7effdfe9b000 r--s 00000000 00:1a 945646                     /usr/lib/jvm/java-17-openjdk/lib/modules
7effdfea3000-7effdfea7000 r--p 00000000 00:1a 1499184                    /usr/lib/libnss_mymachines.so.2
7effdfea7000-7effdfee6000 r-xp 00004000 00:1a 1499184                    /usr/lib/libnss_mymachines.so.2
7effdfee6000-7effdfefa000 r--p 00043000 00:1a 1499184                    /usr/lib/libnss_mymachines.so.2
7effdfefa000-7effdfefd000 r--p 00057000 00:1a 1499184                    /usr/lib/libnss_mymachines.so.2
7effdfefd000-7effdfefe000 rw-p 0005a000 00:1a 1499184                    /usr/lib/libnss_mymachines.so.2
7effdfefe000-7effdfeff000 rw-p 00000000 00:00 0 
7effdfeff000-7effdff00000 ---p 00000000 00:00 0 
7effdff00000-7effdff04000 ---p 00000000 00:00 0 
7effdff04000-7effe0000000 rw-p 00000000 00:00 0 
7effe0000000-7effe3f35000 rw-p 00000000 00:00 0 
7effe3f35000-7effe4000000 ---p 00000000 00:00 0 
7effe4010000-7effe4026000 r--p 00000000 00:27 1601                       /tmp/freetype_jni7621952576262610457libfreetype_jni.so
7effe4026000-7effe40cb000 r-xp 00016000 00:27 1601                       /tmp/freetype_jni7621952576262610457libfreetype_jni.so
7effe40cb000-7effe40f5000 r--p 000bb000 00:27 1601                       /tmp/freetype_jni7621952576262610457libfreetype_jni.so
7effe40f5000-7effe40fc000 r--p 000e5000 00:27 1601                       /tmp/freetype_jni7621952576262610457libfreetype_jni.so
7effe40fc000-7effe40fd000 rw-p 000ec000 00:27 1601                       /tmp/freetype_jni7621952576262610457libfreetype_jni.so
7effe40fd000-7effe40fe000 ---p 00000000 00:00 0 
7effe40fe000-7effe4102000 ---p 00000000 00:00 0 
7effe4102000-7effe41fe000 rw-p 00000000 00:00 0 
7effe41fe000-7effe41ff000 ---p 00000000 00:00 0 
7effe41ff000-7effe4203000 ---p 00000000 00:00 0 
7effe4203000-7effe42ff000 rw-p 00000000 00:00 0 
7effe42ff000-7effe4300000 ---p 00000000 00:00 0 
7effe4300000-7effe4304000 ---p 00000000 00:00 0 
7effe4304000-7effe4400000 rw-p 00000000 00:00 0 
7effe4400000-7effe46ed000 r--p 00000000 00:1a 1067886                    /usr/lib/locale/locale-archive
7effe46fb000-7effe46fe000 r--p 00000000 00:1a 1499185                    /usr/lib/libnss_resolve.so.2
7effe46fe000-7effe4720000 r-xp 00003000 00:1a 1499185                    /usr/lib/libnss_resolve.so.2
7effe4720000-7effe472a000 r--p 00025000 00:1a 1499185                    /usr/lib/libnss_resolve.so.2
7effe472a000-7effe472c000 r--p 0002e000 00:1a 1499185                    /usr/lib/libnss_resolve.so.2
7effe472c000-7effe472d000 rw-p 00030000 00:1a 1499185                    /usr/lib/libnss_resolve.so.2
7effe4755000-7effe475c000 r--s 00000000 00:1a 1067889                    /usr/lib/gconv/gconv-modules.cache
7effe475c000-7effe475d000 ---p 00000000 00:00 0 
7effe475d000-7effe4761000 ---p 00000000 00:00 0 
7effe4761000-7effe485d000 rw-p 00000000 00:00 0 
7effe485d000-7effe485e000 ---p 00000000 00:00 0 
7effe485e000-7effe4862000 ---p 00000000 00:00 0 
7effe4862000-7effe495e000 rw-p 00000000 00:00 0 
7effe495e000-7effe495f000 ---p 00000000 00:00 0 
7effe495f000-7effe4963000 ---p 00000000 00:00 0 
7effe4963000-7effe4a5f000 rw-p 00000000 00:00 0 
7effe4a5f000-7effe4a60000 ---p 00000000 00:00 0 
7effe4a60000-7effe4b60000 rw-p 00000000 00:00 0 
7effe4b60000-7effe4b65000 r--p 00000000 00:1a 945630                     /usr/lib/jvm/java-17-openjdk/lib/libjsvml.so
7effe4b65000-7effe4ba6000 r-xp 00005000 00:1a 945630                     /usr/lib/jvm/java-17-openjdk/lib/libjsvml.so
7effe4ba6000-7effe4c2f000 r--p 00046000 00:1a 945630                     /usr/lib/jvm/java-17-openjdk/lib/libjsvml.so
7effe4c2f000-7effe4c30000 r--p 000ce000 00:1a 945630                     /usr/lib/jvm/java-17-openjdk/lib/libjsvml.so
7effe4c30000-7effe4c31000 rw-p 000cf000 00:1a 945630                     /usr/lib/jvm/java-17-openjdk/lib/libjsvml.so
7effe4c31000-7effe4d4e000 rw-p 00000000 00:00 0 
7effe4d4e000-7effe4d4f000 ---p 00000000 00:00 0 
7effe4d4f000-7effe4e4f000 rw-p 00000000 00:00 0 
7effe4e4f000-7effe4e50000 ---p 00000000 00:00 0 
7effe4e50000-7effe4f50000 rw-p 00000000 00:00 0 
7effe4f50000-7effe595a000 rw-p 00000000 00:00 0 
7effe595a000-7effe595b000 ---p 00000000 00:00 0 
7effe595b000-7effe5a5b000 rw-p 00000000 00:00 0 
7effe5a5b000-7effe5a5c000 ---p 00000000 00:00 0 
7effe5a5c000-7effe5b5c000 rw-p 00000000 00:00 0 
7effe5b5c000-7effe5b5d000 ---p 00000000 00:00 0 
7effe5b5d000-7effe5c5d000 rw-p 00000000 00:00 0 
7effe5c5d000-7effe5d5a000 rw-p 00000000 00:00 0 
7effe5d5a000-7effe649c000 ---p 00000000 00:00 0 
7effe649c000-7effe651b000 rw-p 00000000 00:00 0 
7effe651b000-7effe6c5d000 ---p 00000000 00:00 0 
7effe6c5d000-7effe6cdc000 rw-p 00000000 00:00 0 
7effe6cdc000-7effe741e000 ---p 00000000 00:00 0 
7effe741e000-7effe7e2f000 rw-p 00000000 00:00 0 
7effe7e2f000-7effe7f15000 ---p 00000000 00:00 0 
7effe7f15000-7effe7f1b000 rw-p 00000000 00:00 0 
7effe7f1b000-7effe8000000 ---p 00000000 00:00 0 
7effe8000000-7effe8097000 r--p 00000000 00:1a 1067929                    /usr/lib/libstdc++.so.6.0.34
7effe8097000-7effe81ec000 r-xp 00097000 00:1a 1067929                    /usr/lib/libstdc++.so.6.0.34
7effe81ec000-7effe827e000 r--p 001ec000 00:1a 1067929                    /usr/lib/libstdc++.so.6.0.34
7effe827e000-7effe828f000 r--p 0027e000 00:1a 1067929                    /usr/lib/libstdc++.so.6.0.34
7effe828f000-7effe8290000 rw-p 0028f000 00:1a 1067929                    /usr/lib/libstdc++.so.6.0.34
7effe8290000-7effe8294000 rw-p 00000000 00:00 0 
7effe8294000-7effe8296000 r--p 00000000 00:1a 945634                     /usr/lib/jvm/java-17-openjdk/lib/libmanagement_ext.so
7effe8296000-7effe8299000 r-xp 00002000 00:1a 945634                     /usr/lib/jvm/java-17-openjdk/lib/libmanagement_ext.so
7effe8299000-7effe829a000 r--p 00005000 00:1a 945634                     /usr/lib/jvm/java-17-openjdk/lib/libmanagement_ext.so
7effe829a000-7effe829b000 r--p 00006000 00:1a 945634                     /usr/lib/jvm/java-17-openjdk/lib/libmanagement_ext.so
7effe829b000-7effe829c000 rw-p 00007000 00:1a 945634                     /usr/lib/jvm/java-17-openjdk/lib/libmanagement_ext.so
7effe829c000-7effe829e000 r--p 00000000 00:1a 945632                     /usr/lib/jvm/java-17-openjdk/lib/libmanagement.so
7effe829e000-7effe829f000 r-xp 00002000 00:1a 945632                     /usr/lib/jvm/java-17-openjdk/lib/libmanagement.so
7effe829f000-7effe82a0000 r--p 00003000 00:1a 945632                     /usr/lib/jvm/java-17-openjdk/lib/libmanagement.so
7effe82a0000-7effe82a1000 r--p 00003000 00:1a 945632                     /usr/lib/jvm/java-17-openjdk/lib/libmanagement.so
7effe82a1000-7effe82a2000 rw-p 00004000 00:1a 945632                     /usr/lib/jvm/java-17-openjdk/lib/libmanagement.so
7effe82a2000-7effe82a5000 r--p 00000000 00:1a 938441                     /usr/lib/libcap.so.2.76
7effe82a5000-7effe82aa000 r-xp 00003000 00:1a 938441                     /usr/lib/libcap.so.2.76
7effe82aa000-7effe82ac000 r--p 00008000 00:1a 938441                     /usr/lib/libcap.so.2.76
7effe82ac000-7effe82ad000 r--p 00009000 00:1a 938441                     /usr/lib/libcap.so.2.76
7effe82ad000-7effe82ae000 rw-p 0000a000 00:1a 938441                     /usr/lib/libcap.so.2.76
7effe82ae000-7effe82b2000 r--p 00000000 00:1a 945636                     /usr/lib/jvm/java-17-openjdk/lib/libnet.so
7effe82b2000-7effe82c0000 r-xp 00004000 00:1a 945636                     /usr/lib/jvm/java-17-openjdk/lib/libnet.so
7effe82c0000-7effe82c3000 r--p 00012000 00:1a 945636                     /usr/lib/jvm/java-17-openjdk/lib/libnet.so
7effe82c3000-7effe82c4000 r--p 00015000 00:1a 945636                     /usr/lib/jvm/java-17-openjdk/lib/libnet.so
7effe82c4000-7effe82c5000 rw-p 00016000 00:1a 945636                     /usr/lib/jvm/java-17-openjdk/lib/libnet.so
7effe82c5000-7effe82cc000 r--p 00000000 00:1a 945637                     /usr/lib/jvm/java-17-openjdk/lib/libnio.so
7effe82cc000-7effe82d5000 r-xp 00007000 00:1a 945637                     /usr/lib/jvm/java-17-openjdk/lib/libnio.so
7effe82d5000-7effe82da000 r--p 00010000 00:1a 945637                     /usr/lib/jvm/java-17-openjdk/lib/libnio.so
7effe82da000-7effe82db000 r--p 00014000 00:1a 945637                     /usr/lib/jvm/java-17-openjdk/lib/libnio.so
7effe82db000-7effe82dc000 rw-p 00015000 00:1a 945637                     /usr/lib/jvm/java-17-openjdk/lib/libnio.so
7effe82dc000-7effe82e6000 r--p 00000000 00:1a 945622                     /usr/lib/jvm/java-17-openjdk/lib/libjava.so
7effe82e6000-7effe82f8000 r-xp 0000a000 00:1a 945622                     /usr/lib/jvm/java-17-openjdk/lib/libjava.so
7effe82f8000-7effe82fd000 r--p 0001c000 00:1a 945622                     /usr/lib/jvm/java-17-openjdk/lib/libjava.so
7effe82fd000-7effe82fe000 r--p 00021000 00:1a 945622                     /usr/lib/jvm/java-17-openjdk/lib/libjava.so
7effe82fe000-7effe82ff000 rw-p 00022000 00:1a 945622                     /usr/lib/jvm/java-17-openjdk/lib/libjava.so
7effe82ff000-7effe8300000 rw-p 00000000 00:00 0 
7effe8300000-7effe8304000 ---p 00000000 00:00 0 
7effe8304000-7effe8400000 rw-p 00000000 00:00 0 
7effe8400000-7effe840d000 r--p 00000000 00:1a 945656                     /usr/lib/jvm/java-17-openjdk/lib/server/libjvm.so
7effe840d000-7effe9008000 r-xp 0000d000 00:1a 945656                     /usr/lib/jvm/java-17-openjdk/lib/server/libjvm.so
7effe9008000-7effe91b8000 r--p 00c08000 00:1a 945656                     /usr/lib/jvm/java-17-openjdk/lib/server/libjvm.so
7effe91b8000-7effe926d000 r--p 00db8000 00:1a 945656                     /usr/lib/jvm/java-17-openjdk/lib/server/libjvm.so
7effe926d000-7effe929d000 rw-p 00e6d000 00:1a 945656                     /usr/lib/jvm/java-17-openjdk/lib/server/libjvm.so
7effe929d000-7effe92f7000 rw-p 00000000 00:00 0 
7effe92f8000-7effe92f9000 rw-p 00000000 00:00 0 
7effe92f9000-7effe92fa000 rw-p 00000000 00:00 0 
7effe92fa000-7effe92fc000 r--p 00000000 00:1a 945645                     /usr/lib/jvm/java-17-openjdk/lib/libzip.so
7effe92fc000-7effe9300000 r-xp 00002000 00:1a 945645                     /usr/lib/jvm/java-17-openjdk/lib/libzip.so
7effe9300000-7effe9302000 r--p 00006000 00:1a 945645                     /usr/lib/jvm/java-17-openjdk/lib/libzip.so
7effe9302000-7effe9303000 r--p 00007000 00:1a 945645                     /usr/lib/jvm/java-17-openjdk/lib/libzip.so
7effe9303000-7effe9304000 rw-p 00008000 00:1a 945645                     /usr/lib/jvm/java-17-openjdk/lib/libzip.so
7effe9304000-7effe9308000 r--p 00000000 00:1a 1067899                    /usr/lib/libgcc_s.so.1
7effe9308000-7effe932b000 r-xp 00004000 00:1a 1067899                    /usr/lib/libgcc_s.so.1
7effe932b000-7effe932f000 r--p 00027000 00:1a 1067899                    /usr/lib/libgcc_s.so.1
7effe932f000-7effe9330000 r--p 0002a000 00:1a 1067899                    /usr/lib/libgcc_s.so.1
7effe9330000-7effe9331000 rw-p 0002b000 00:1a 1067899                    /usr/lib/libgcc_s.so.1
7effe9331000-7effe9340000 r--p 00000000 00:1a 1067179                    /usr/lib/libm.so.6
7effe9340000-7effe93c6000 r-xp 0000f000 00:1a 1067179                    /usr/lib/libm.so.6
7effe93c6000-7effe9427000 r--p 00095000 00:1a 1067179                    /usr/lib/libm.so.6
7effe9427000-7effe9428000 r--p 000f6000 00:1a 1067179                    /usr/lib/libm.so.6
7effe9428000-7effe9429000 rw-p 000f7000 00:1a 1067179                    /usr/lib/libm.so.6
7effe9429000-7effe942c000 rw-p 00000000 00:00 0 
7effe942c000-7effe942f000 r--p 00000000 00:1a 910943                     /usr/lib/libz.so.1.3.1
7effe942f000-7effe943d000 r-xp 00003000 00:1a 910943                     /usr/lib/libz.so.1.3.1
7effe943d000-7effe9443000 r--p 00011000 00:1a 910943                     /usr/lib/libz.so.1.3.1
7effe9443000-7effe9444000 r--p 00017000 00:1a 910943                     /usr/lib/libz.so.1.3.1
7effe9444000-7effe9445000 rw-p 00018000 00:1a 910943                     /usr/lib/libz.so.1.3.1
7effe9445000-7effe9469000 r--p 00000000 00:1a 1067169                    /usr/lib/libc.so.6
7effe9469000-7effe95d9000 r-xp 00024000 00:1a 1067169                    /usr/lib/libc.so.6
7effe95d9000-7effe9627000 r--p 00194000 00:1a 1067169                    /usr/lib/libc.so.6
7effe9627000-7effe962b000 r--p 001e1000 00:1a 1067169                    /usr/lib/libc.so.6
7effe962b000-7effe962d000 rw-p 001e5000 00:1a 1067169                    /usr/lib/libc.so.6
7effe962d000-7effe9635000 rw-p 00000000 00:00 0 
7effe9635000-7effe9636000 r--p 00000000 00:1a 945615                     /usr/lib/jvm/java-17-openjdk/lib/libextnet.so
7effe9636000-7effe9637000 r-xp 00001000 00:1a 945615                     /usr/lib/jvm/java-17-openjdk/lib/libextnet.so
7effe9637000-7effe9638000 r--p 00002000 00:1a 945615                     /usr/lib/jvm/java-17-openjdk/lib/libextnet.so
7effe9638000-7effe9639000 r--p 00002000 00:1a 945615                     /usr/lib/jvm/java-17-openjdk/lib/libextnet.so
7effe9639000-7effe963a000 rw-p 00003000 00:1a 945615                     /usr/lib/jvm/java-17-openjdk/lib/libextnet.so
7effe963a000-7effe963f000 rw-p 00000000 00:00 0 
7effe963f000-7effe9646000 ---p 00000000 00:00 0 
7effe9646000-7effe964e000 rw-s 00000000 00:27 1598                       /tmp/hsperfdata_user/92550
7effe964e000-7effe964f000 r--p 00000000 00:1a 945617                     /usr/lib/jvm/java-17-openjdk/lib/libinstrument.so
7effe964f000-7effe9656000 r-xp 00001000 00:1a 945617                     /usr/lib/jvm/java-17-openjdk/lib/libinstrument.so
7effe9656000-7effe9659000 r--p 00008000 00:1a 945617                     /usr/lib/jvm/java-17-openjdk/lib/libinstrument.so
7effe9659000-7effe965a000 r--p 0000a000 00:1a 945617                     /usr/lib/jvm/java-17-openjdk/lib/libinstrument.so
7effe965a000-7effe965b000 rw-p 0000b000 00:1a 945617                     /usr/lib/jvm/java-17-openjdk/lib/libinstrument.so
7effe965b000-7effe965c000 ---p 00000000 00:00 0 
7effe965c000-7effe965d000 r--p 00000000 00:00 0 
7effe965d000-7effe965e000 ---p 00000000 00:00 0 
7effe965e000-7effe965f000 r--p 00000000 00:1a 945626                     /usr/lib/jvm/java-17-openjdk/lib/libjimage.so
7effe965f000-7effe9661000 r-xp 00001000 00:1a 945626                     /usr/lib/jvm/java-17-openjdk/lib/libjimage.so
7effe9661000-7effe9662000 r--p 00003000 00:1a 945626                     /usr/lib/jvm/java-17-openjdk/lib/libjimage.so
7effe9662000-7effe9663000 r--p 00003000 00:1a 945626                     /usr/lib/jvm/java-17-openjdk/lib/libjimage.so
7effe9663000-7effe9664000 rw-p 00004000 00:1a 945626                     /usr/lib/jvm/java-17-openjdk/lib/libjimage.so
7effe9664000-7effe9666000 r--p 00000000 00:1a 945627                     /usr/lib/jvm/java-17-openjdk/lib/libjli.so
7effe9666000-7effe966f000 r-xp 00002000 00:1a 945627                     /usr/lib/jvm/java-17-openjdk/lib/libjli.so
7effe966f000-7effe9672000 r--p 0000b000 00:1a 945627                     /usr/lib/jvm/java-17-openjdk/lib/libjli.so
7effe9672000-7effe9673000 r--p 0000d000 00:1a 945627                     /usr/lib/jvm/java-17-openjdk/lib/libjli.so
7effe9673000-7effe9674000 rw-p 0000e000 00:1a 945627                     /usr/lib/jvm/java-17-openjdk/lib/libjli.so
7effe9674000-7effe9676000 rw-p 00000000 00:00 0 
7effe9676000-7effe967a000 r--p 00000000 00:00 0                          [vvar]
7effe967a000-7effe967c000 r--p 00000000 00:00 0                          [vvar_vclock]
7effe967c000-7effe967e000 r-xp 00000000 00:00 0                          [vdso]
7effe967e000-7effe967f000 r--p 00000000 00:1a 1067160                    /usr/lib/ld-linux-x86-64.so.2
7effe967f000-7effe96a8000 r-xp 00001000 00:1a 1067160                    /usr/lib/ld-linux-x86-64.so.2
7effe96a8000-7effe96b3000 r--p 0002a000 00:1a 1067160                    /usr/lib/ld-linux-x86-64.so.2
7effe96b3000-7effe96b5000 r--p 00034000 00:1a 1067160                    /usr/lib/ld-linux-x86-64.so.2
7effe96b5000-7effe96b6000 rw-p 00036000 00:1a 1067160                    /usr/lib/ld-linux-x86-64.so.2
7effe96b6000-7effe96b7000 rw-p 00000000 00:00 0 
7fff51ce0000-7fff51d02000 rw-p 00000000 00:00 0                          [stack]
ffffffffff600000-ffffffffff601000 --xp 00000000 00:00 0                  [vsyscall]


VM Arguments:
jvm_args: -javaagent:/home/user/Portable/jetbrains/tools/intellij-idea-ultimate/lib/idea_rt.jar=36683 -Dfile.encoding=UTF-8 
java_command: dev.RenderTest
java_class_path (initial): /home/user/Dev/projects/java/freetype-jni/target/test-classes:/home/user/Dev/projects/java/freetype-jni/target/classes:/home/user/.m2/repository/io/github/generaloss/jpize-utils/25.5.1/jpize-utils-25.5.1.jar:/home/user/.m2/repository/org/junit/jupiter/junit-jupiter/5.9.0/junit-jupiter-5.9.0.jar:/home/user/.m2/repository/org/junit/jupiter/junit-jupiter-api/5.9.0/junit-jupiter-api-5.9.0.jar:/home/user/.m2/repository/org/opentest4j/opentest4j/1.2.0/opentest4j-1.2.0.jar:/home/user/.m2/repository/org/junit/platform/junit-platform-commons/1.9.0/junit-platform-commons-1.9.0.jar:/home/user/.m2/repository/org/apiguardian/apiguardian-api/1.1.2/apiguardian-api-1.1.2.jar:/home/user/.m2/repository/org/junit/jupiter/junit-jupiter-params/5.9.0/junit-jupiter-params-5.9.0.jar:/home/user/.m2/repository/org/junit/jupiter/junit-jupiter-engine/5.9.0/junit-jupiter-engine-5.9.0.jar:/home/user/.m2/repository/org/junit/platform/junit-platform-engine/1.9.0/junit-platform-engine-1.9.0.jar
Launcher Type: SUN_STANDARD

[Global flags]
     intx CICompilerCount                          = 4                                         {product} {ergonomic}
     uint ConcGCThreads                            = 3                                         {product} {ergonomic}
     uint G1ConcRefinementThreads                  = 10                                        {product} {ergonomic}
   size_t G1HeapRegionSize                         = 2097152                                   {product} {ergonomic}
    uintx GCDrainStackTargetSize                   = 64                                        {product} {ergonomic}
   size_t InitialHeapSize                          = 262144000                                 {product} {ergonomic}
   size_t MarkStackSize                            = 4194304                                   {product} {ergonomic}
   size_t MaxHeapSize                              = 4162846720                                {product} {ergonomic}
   size_t MaxNewSize                               = 2497708032                                {product} {ergonomic}
   size_t MinHeapDeltaBytes                        = 2097152                                   {product} {ergonomic}
   size_t MinHeapSize                              = 8388608                                   {product} {ergonomic}
    uintx NonNMethodCodeHeapSize                   = 5839372                                {pd product} {ergonomic}
    uintx NonProfiledCodeHeapSize                  = 122909434                              {pd product} {ergonomic}
    uintx ProfiledCodeHeapSize                     = 122909434                              {pd product} {ergonomic}
    uintx ReservedCodeCacheSize                    = 251658240                              {pd product} {ergonomic}
     bool SegmentedCodeCache                       = true                                      {product} {ergonomic}
   size_t SoftMaxHeapSize                          = 4162846720                             {manageable} {ergonomic}
     bool UseCompressedClassPointers               = true                           {product lp64_product} {ergonomic}
     bool UseCompressedOops                        = true                           {product lp64_product} {ergonomic}
     bool UseG1GC                                  = true                                      {product} {ergonomic}

Logging:
Log output configuration:
 #0: stdout all=warning uptime,level,tags
 #1: stderr all=off uptime,level,tags

Environment Variables:
PATH=/usr/local/sbin:/usr/local/bin:/usr/bin:/opt/android-ndk:/home/user/.local/share/flatpak/exports/bin:/var/lib/flatpak/exports/bin:/usr/lib/jvm/default/bin:/usr/bin/site_perl:/usr/bin/vendor_perl:/usr/bin/core_perl:/home/user/.local/share/JetBrains/Toolbox/scripts:/home/user/.lmstudio/bin
SHELL=/usr/bin/bash
DISPLAY=:1
LANG=ru_RU.UTF-8

Active Locale:
LC_ALL=ru_RU.UTF-8
LC_COLLATE=ru_RU.UTF-8
LC_CTYPE=ru_RU.UTF-8
LC_MESSAGES=ru_RU.UTF-8
LC_MONETARY=ru_RU.UTF-8
LC_NUMERIC=ru_RU.UTF-8
LC_TIME=ru_RU.UTF-8

Signal Handlers:
   SIGSEGV: 0x00007effe8e41760 in libjvm.so+10753888, mask=11100100010111111101111111111110, flags=SA_RESTART|SA_SIGINFO, unblocked
    SIGBUS: 0x00007effe8e41760 in libjvm.so+10753888, mask=11100100010111111101111111111110, flags=SA_RESTART|SA_SIGINFO, unblocked
    SIGFPE: 0x00007effe8e41760 in libjvm.so+10753888, mask=11100100010111111101111111111110, flags=SA_RESTART|SA_SIGINFO, unblocked
   SIGPIPE: 0x00007effe8d5b400 in libjvm.so+9810944, mask=11100100010111111101111111111110, flags=SA_RESTART|SA_SIGINFO, blocked
   SIGXFSZ: 0x00007effe8d5b400 in libjvm.so+9810944, mask=11100100010111111101111111111110, flags=SA_RESTART|SA_SIGINFO, blocked
    SIGILL: 0x00007effe8e41760 in libjvm.so+10753888, mask=11100100010111111101111111111110, flags=SA_RESTART|SA_SIGINFO, unblocked
   SIGUSR2: 0x00007effe8d5a430 in libjvm.so+9806896, mask=00000000000000000000000000000000, flags=SA_RESTART|SA_SIGINFO, blocked
    SIGHUP: 0x00007effe8d5a3b0 in libjvm.so+9806768, mask=11100100010111111101111111111110, flags=SA_RESTART|SA_SIGINFO, blocked
    SIGINT: 0x00007effe8d5a3b0 in libjvm.so+9806768, mask=11100100010111111101111111111110, flags=SA_RESTART|SA_SIGINFO, blocked
   SIGTERM: 0x00007effe8d5a3b0 in libjvm.so+9806768, mask=11100100010111111101111111111110, flags=SA_RESTART|SA_SIGINFO, blocked
   SIGQUIT: 0x00007effe8d5a3b0 in libjvm.so+9806768, mask=11100100010111111101111111111110, flags=SA_RESTART|SA_SIGINFO, blocked
   SIGTRAP: 0x00007effe8e41760 in libjvm.so+10753888, mask=11100100010111111101111111111110, flags=SA_RESTART|SA_SIGINFO, unblocked


Periodic native trim disabled


---------------  S Y S T E M  ---------------

OS:
DISTRIB_ID="Arch"
DISTRIB_RELEASE="rolling"
DISTRIB_DESCRIPTION="Arch Linux"
uname: Linux 6.15.3-arch1-1 #1 SMP PREEMPT_DYNAMIC Thu, 19 Jun 2025 14:41:19 +0000 x86_64
OS uptime: 1 days 6:00 hours
libc: glibc 2.41 NPTL 2.41 
rlimit (soft/hard): STACK 8192k/infinity , CORE infinity/infinity , NPROC 63040/63040 , NOFILE 524288/524288 , AS infinity/infinity , CPU infinity/infinity , DATA infinity/infinity , FSIZE infinity/infinity , MEMLOCK 8192k/8192k
load average: 2,51 2,67 3,00

/proc/meminfo:
MemTotal:       16256432 kB
MemFree:         1398660 kB
MemAvailable:    4264564 kB
Buffers:              64 kB
Cached:          2628156 kB
SwapCached:       439648 kB
Active:          8906488 kB
Inactive:        3579556 kB
Active(anon):    7246104 kB
Inactive(anon):  2358216 kB
Active(file):    1660384 kB
Inactive(file):  1221340 kB
Unevictable:         648 kB
Mlocked:             648 kB
SwapTotal:      16777212 kB
SwapFree:       12725376 kB
Zswap:            774112 kB
Zswapped:        3174716 kB
Dirty:              2172 kB
Writeback:             0 kB
AnonPages:       9660640 kB
Mapped:           972692 kB
Shmem:            183372 kB
KReclaimable:     324944 kB
Slab:             635928 kB
SReclaimable:     324944 kB
SUnreclaim:       310984 kB
KernelStack:       40144 kB
PageTables:       107332 kB
SecPageTables:      4644 kB
NFS_Unstable:          0 kB
Bounce:                0 kB
WritebackTmp:          0 kB
CommitLimit:    24905428 kB
Committed_AS:   31011880 kB
VmallocTotal:   34359738367 kB
VmallocUsed:      117380 kB
VmallocChunk:          0 kB
Percpu:            13888 kB
HardwareCorrupted:     0 kB
AnonHugePages:   3336192 kB
ShmemHugePages:        0 kB
ShmemPmdMapped:        0 kB
FileHugePages:    266240 kB
FilePmdMapped:    233472 kB
CmaTotal:              0 kB
CmaFree:               0 kB
Unaccepted:            0 kB
Balloon:               0 kB
HugePages_Total:       0
HugePages_Free:        0
HugePages_Rsvd:        0
HugePages_Surp:        0
Hugepagesize:       2048 kB
Hugetlb:               0 kB
DirectMap4k:     2586352 kB
DirectMap2M:    14077952 kB
DirectMap1G:           0 kB

/sys/kernel/mm/transparent_hugepage/enabled: [always] madvise never
/sys/kernel/mm/transparent_hugepage/hpage_pmd_size: 2097152
/sys/kernel/mm/transparent_hugepage/defrag (defrag/compaction efforts parameter): always defer defer+madvise [madvise] never

Process Memory:
Virtual Size: 7934276K (peak: 8065132K)
Resident Set Size: 451080K (peak: 454288K) (anon: 426664K, file: 23584K, shmem: 832K)
Swapped out: 0K
C-Heap outstanding allocations: 92939K, retained: 87864K
glibc malloc tunables: (default)

/proc/sys/kernel/threads-max (system-wide limit on the number of threads): 126080
/proc/sys/vm/max_map_count (maximum number of memory map areas a process may have): 1048576
/proc/sys/vm/swappiness (control to define how aggressively the kernel swaps out anonymous memory): 60
/proc/sys/kernel/pid_max (system-wide limit on number of process identifiers): 4194304

container information not found.
Steal ticks since vm start: 0
Steal ticks percentage since vm start:  0,000

CPU: total 12 (initial active 12) (12 cores per cpu, 2 threads per core) family 23 model 8 stepping 2 microcode 0x800820d, cx8, cmov, fxsr, ht, mmx, 3dnowpref, sse, sse2, sse3, ssse3, sse4a, sse4.1, sse4.2, popcnt, lzcnt, tsc, tscinvbit, avx, avx2, aes, clmul, bmi1, bmi2, adx, sha, fma, vzeroupper, clflush, clflushopt
CPU Model and flags from /proc/cpuinfo:
model name	: AMD Ryzen 5 2600X Six-Core Processor
flags		: fpu vme de pse tsc msr pae mce cx8 apic sep mtrr pge mca cmov pat pse36 clflush mmx fxsr sse sse2 ht syscall nx mmxext fxsr_opt pdpe1gb rdtscp lm constant_tsc rep_good nopl nonstop_tsc cpuid extd_apicid aperfmperf rapl pni pclmulqdq monitor ssse3 fma cx16 sse4_1 sse4_2 movbe popcnt aes xsave avx f16c rdrand lahf_lm cmp_legacy svm extapic cr8_legacy abm sse4a misalignsse 3dnowprefetch osvw skinit wdt tce topoext perfctr_core perfctr_nb bpext perfctr_llc mwaitx cpb hw_pstate ssbd ibpb vmmcall fsgsbase bmi1 avx2 smep bmi2 rdseed adx smap clflushopt sha_ni xsaveopt xsavec xgetbv1 clzero xsaveerptr arat npt lbrv svm_lock nrip_save tsc_scale vmcb_clean flushbyasid decodeassists pausefilter pfthreshold avic v_vmsave_vmload vgif overflow_recov succor smca sev sev_es

Online cpus: 0-11
Offline cpus: 
BIOS frequency limitation: 3600000
Frequency switch latency (ns): 0
Available cpu frequencies: 3600000 3200000 2200000 
Current governor: schedutil
Core performance/turbo boost: 1

Memory: 4k page, physical 16256432k(1398660k free), swap 16777212k(12725376k free)
Page Sizes: 4k

vm_info: OpenJDK 64-Bit Server VM (17.0.15+6) for linux-amd64 JRE (17.0.15+6), built on Apr 15 2025 21:17:11 by "builduser" with gcc 14.2.1 20250207

END.
